set	tag	quartet	submodel	BIC	TW1	TW2	TW3	Number of alignments	Percent missing data	Supermatrix length	T1	T2	T3	Tree1	Tree2	Tree3
mast_all	JU3200	quartet_01	submodel1	17712577.2257	0.8797	0.0447	0.0757	5672	3.1	2308260	O_CBXCBY_CNX	O_CBXCNX_CBY	O_CBYCNX_CBX	(PX506,(QX1410,JU3200),ECA2852)	(PX506,(QX1410,ECA2852),JU3200)	(PX506,(JU3200,ECA2852),QX1410)
mast_all	JU3200	quartet_01	submodel6	17721987.1987	0.9738	0.0036	0.0226	5672	3.1	2308260	O_CBXCBY_CNX	O_CBXCNX_CBY	O_CBYCNX_CBX	(PX506,(QX1410,JU3200),ECA2852)	(PX506,(QX1410,ECA2852),JU3200)	(PX506,(JU3200,ECA2852),QX1410)
mast_all	JU3200	quartet_02	submodel1	18103793.6148	0.8787	0.0415	0.0797	5809	3.1	2356712	O_CBXCBY_CNX	O_CBXCNX_CBY	O_CBYCNX_CBX	(PX506,(QX1410,JU3200),ECA2857)	(PX506,(QX1410,ECA2857),JU3200)	(PX506,(JU3200,ECA2857),QX1410)
mast_all	JU3200	quartet_02	submodel6	18113444.5884	0.9748	0.0038	0.0214	5809	3.1	2356712	O_CBXCBY_CNX	O_CBXCNX_CBY	O_CBYCNX_CBX	(PX506,(QX1410,JU3200),ECA2857)	(PX506,(QX1410,ECA2857),JU3200)	(PX506,(JU3200,ECA2857),QX1410)
mast_all	JU3200	quartet_03	submodel1	18516501.6764	0.8704	0.0391	0.0905	5882	3.2	2410355	O_CBXCBY_CNX	O_CBXCNX_CBY	O_CBYCNX_CBX	(PX506,(QX1410,JU3200),EG5268)	(PX506,(QX1410,EG5268),JU3200)	(PX506,(JU3200,EG5268),QX1410)
mast_all	JU3200	quartet_03	submodel6	18525707.7269	0.9745	0.0037	0.0218	5882	3.2	2410355	O_CBXCBY_CNX	O_CBXCNX_CBY	O_CBYCNX_CBX	(PX506,(QX1410,JU3200),EG5268)	(PX506,(QX1410,EG5268),JU3200)	(PX506,(JU3200,EG5268),QX1410)
mast_all	JU3200	quartet_04	submodel1	18345925.7354	0.8777	0.0412	0.0811	5865	3.1	2388985	O_CBXCBY_CNX	O_CBXCNX_CBY	O_CBYCNX_CBX	(PX506,(QX1410,JU3200),JU1418)	(PX506,(QX1410,JU1418),JU3200)	(PX506,(JU3200,JU1418),QX1410)
mast_all	JU3200	quartet_04	submodel6	18356129.6031	0.9396	0.0383	0.0222	5865	3.1	2388985	O_CBXCBY_CNX	O_CBXCNX_CBY	O_CBYCNX_CBX	(PX506,(QX1410,JU3200),JU1418)	(PX506,(QX1410,JU1418),JU3200)	(PX506,(JU3200,JU1418),QX1410)
mast_all	JU3200	quartet_05	submodel1	18270291.2396	0.8834	0.0451	0.0715	5836	3.1	2378867	O_CBXCBY_CNX	O_CBXCNX_CBY	O_CBYCNX_CBX	(PX506,(QX1410,JU3200),JU1419)	(PX506,(QX1410,JU1419),JU3200)	(PX506,(JU3200,JU1419),QX1410)
mast_all	JU3200	quartet_05	submodel6	18279683.0325	0.3981	0.5957	0.0062	5836	3.1	2378867	O_CBXCBY_CNX	O_CBXCNX_CBY	O_CBYCNX_CBX	(PX506,(QX1410,JU3200),JU1419)	(PX506,(QX1410,JU1419),JU3200)	(PX506,(JU3200,JU1419),QX1410)
mast_all	JU3200	quartet_06	submodel1	18404346.3918	0.8784	0.0412	0.0804	5849	3.1	2395321	O_CBXCBY_CNX	O_CBXCNX_CBY	O_CBYCNX_CBX	(PX506,(QX1410,JU3200),JU1420)	(PX506,(QX1410,JU1420),JU3200)	(PX506,(JU3200,JU1420),QX1410)
mast_all	JU3200	quartet_06	submodel6	18413793.2129	0.4159	0.0021	0.5821	5849	3.1	2395321	O_CBXCBY_CNX	O_CBXCNX_CBY	O_CBYCNX_CBX	(PX506,(QX1410,JU3200),JU1420)	(PX506,(QX1410,JU1420),JU3200)	(PX506,(JU3200,JU1420),QX1410)
mast_all	JU3200	quartet_07	submodel1	18167778.627	0.8781	0.0438	0.0781	5803	3.1	2367791	O_CBXCBY_CNX	O_CBXCNX_CBY	O_CBYCNX_CBX	(PX506,(QX1410,JU3200),JU1422)	(PX506,(QX1410,JU1422),JU3200)	(PX506,(JU3200,JU1422),QX1410)
mast_all	JU3200	quartet_07	submodel6	18176801.6898	0.3907	0.6031	0.0062	5803	3.1	2367791	O_CBXCBY_CNX	O_CBXCNX_CBY	O_CBYCNX_CBX	(PX506,(QX1410,JU3200),JU1422)	(PX506,(QX1410,JU1422),JU3200)	(PX506,(JU3200,JU1422),QX1410)
mast_all	JU3200	quartet_08	submodel1	18555082.1269	0.8747	0.0512	0.0742	5926	3.1	2419596	O_CBXCBY_CNX	O_CBXCNX_CBY	O_CBYCNX_CBX	(PX506,(QX1410,JU3200),JU2484)	(PX506,(QX1410,JU2484),JU3200)	(PX506,(JU3200,JU2484),QX1410)
mast_all	JU3200	quartet_08	submodel6	18564828.9508	0.9734	0.0045	0.0221	5926	3.1	2419596	O_CBXCBY_CNX	O_CBXCNX_CBY	O_CBYCNX_CBX	(PX506,(QX1410,JU3200),JU2484)	(PX506,(QX1410,JU2484),JU3200)	(PX506,(JU3200,JU2484),QX1410)
mast_all	JU3200	quartet_09	submodel1	18601717.0459	0.8725	0.0436	0.0839	5897	3.1	2424890	O_CBXCBY_CNX	O_CBXCNX_CBY	O_CBYCNX_CBX	(PX506,(QX1410,JU3200),JU2617)	(PX506,(QX1410,JU2617),JU3200)	(PX506,(JU3200,JU2617),QX1410)
mast_all	JU3200	quartet_09	submodel6	18611830.0418	0.9407	0.0365	0.0228	5897	3.1	2424890	O_CBXCBY_CNX	O_CBXCNX_CBY	O_CBYCNX_CBX	(PX506,(QX1410,JU3200),JU2617)	(PX506,(QX1410,JU2617),JU3200)	(PX506,(JU3200,JU2617),QX1410)
mast_all	JU3200	quartet_10	submodel1	17458878.6689	0.8732	0.0472	0.0796	5642	3.1	2276482	O_CBXCBY_CNX	O_CBXCNX_CBY	O_CBYCNX_CBX	(PX506,(QX1410,JU3200),NIC2143)	(PX506,(QX1410,NIC2143),JU3200)	(PX506,(JU3200,NIC2143),QX1410)
mast_all	JU3200	quartet_10	submodel6	17467711.2514	0.3919	0.6016	0.0065	5642	3.1	2276482	O_CBXCBY_CNX	O_CBXCNX_CBY	O_CBYCNX_CBX	(PX506,(QX1410,JU3200),NIC2143)	(PX506,(QX1410,NIC2143),JU3200)	(PX506,(JU3200,NIC2143),QX1410)
mast_all	JU3200	quartet_11	submodel1	18149986.6671	0.8737	0.0488	0.0775	5787	3.1	2362852	O_CBXCBY_CNX	O_CBXCNX_CBY	O_CBYCNX_CBX	(PX506,(QX1410,JU3200),NIC2150)	(PX506,(QX1410,NIC2150),JU3200)	(PX506,(JU3200,NIC2150),QX1410)
mast_all	JU3200	quartet_11	submodel6	18159271.3862	0.4008	0.5927	0.0064	5787	3.1	2362852	O_CBXCBY_CNX	O_CBXCNX_CBY	O_CBYCNX_CBX	(PX506,(QX1410,JU3200),NIC2150)	(PX506,(QX1410,NIC2150),JU3200)	(PX506,(JU3200,NIC2150),QX1410)
mast_all	JU3200	quartet_12	submodel1	18070656.5145	0.8763	0.047	0.0767	5754	3	2353463	O_CBXCBY_CNX	O_CBXCNX_CBY	O_CBYCNX_CBX	(PX506,(QX1410,JU3200),NIC2152)	(PX506,(QX1410,NIC2152),JU3200)	(PX506,(JU3200,NIC2152),QX1410)
mast_all	JU3200	quartet_12	submodel6	18080306.2296	0.9741	0.0043	0.0216	5754	3	2353463	O_CBXCBY_CNX	O_CBXCNX_CBY	O_CBYCNX_CBX	(PX506,(QX1410,JU3200),NIC2152)	(PX506,(QX1410,NIC2152),JU3200)	(PX506,(JU3200,NIC2152),QX1410)
mast_all	JU3200	quartet_13	submodel1	18262084.6979	0.8766	0.0478	0.0756	5819	3	2376330	O_CBXCBY_CNX	O_CBXCNX_CBY	O_CBYCNX_CBX	(PX506,(QX1410,JU3200),VX151)	(PX506,(QX1410,VX151),JU3200)	(PX506,(JU3200,VX151),QX1410)
mast_all	JU3200	quartet_13	submodel6	18271040.4983	0.3996	0.5941	0.0063	5819	3	2376330	O_CBXCBY_CNX	O_CBXCNX_CBY	O_CBYCNX_CBX	(PX506,(QX1410,JU3200),VX151)	(PX506,(QX1410,VX151),JU3200)	(PX506,(JU3200,VX151),QX1410)
mast_all	JU3200	quartet_14	submodel1	18173342.5233	0.8752	0.0436	0.0812	5775	3.1	2363420	O_CBXCBY_CNX	O_CBXCNX_CBY	O_CBYCNX_CBX	(PX506,(QX1410,JU3200),VX153)	(PX506,(QX1410,VX153),JU3200)	(PX506,(JU3200,VX153),QX1410)
mast_all	JU3200	quartet_14	submodel6	18182302.8607	0.404	0.5892	0.0068	5775	3.1	2363420	O_CBXCBY_CNX	O_CBXCNX_CBY	O_CBYCNX_CBX	(PX506,(QX1410,JU3200),VX153)	(PX506,(QX1410,VX153),JU3200)	(PX506,(JU3200,VX153),QX1410)
mast_all	JU3200	quartet_15	submodel1	18718401.6393	0.8704	0.0492	0.0804	5954	3.1	2436866	O_CBXCBY_CNX	O_CBXCNX_CBY	O_CBYCNX_CBX	(PX506,(QX1410,JU3200),YR106)	(PX506,(QX1410,YR106),JU3200)	(PX506,(JU3200,YR106),QX1410)
mast_all	JU3200	quartet_15	submodel6	18727418.3027	0.396	0.5972	0.0068	5954	3.1	2436866	O_CBXCBY_CNX	O_CBXCNX_CBY	O_CBYCNX_CBX	(PX506,(QX1410,JU3200),YR106)	(PX506,(QX1410,YR106),JU3200)	(PX506,(JU3200,YR106),QX1410)
mast_all	JU3200	quartet_16	submodel1	18490791.9105	0.8689	0.0516	0.0795	5865	3.1	2408027	O_CBXCBY_CNX	O_CBXCNX_CBY	O_CBYCNX_CBX	(PX506,(QX1410,JU3200),ZF1220)	(PX506,(QX1410,ZF1220),JU3200)	(PX506,(JU3200,ZF1220),QX1410)
mast_all	JU3200	quartet_16	submodel6	18500502.1496	0.9736	0.0045	0.0219	5865	3.1	2408027	O_CBXCBY_CNX	O_CBXCNX_CBY	O_CBYCNX_CBX	(PX506,(QX1410,JU3200),ZF1220)	(PX506,(QX1410,ZF1220),JU3200)	(PX506,(JU3200,ZF1220),QX1410)
mast_all	JU3237	quartet_01	submodel1	20929630.5933	0.9526	4e-04	0.047	5977	3.2	2705179	O_CBXCBY_CNX	O_CBXCNX_CBY	O_CBYCNX_CBX	(PX506,(QX1410,JU3237),ECA2852)	(PX506,(QX1410,ECA2852),JU3237)	(PX506,(JU3237,ECA2852),QX1410)
mast_all	JU3237	quartet_01	submodel6	20935772.1243	0.9856	0.0065	0.0079	5977	3.2	2705179	O_CBXCBY_CNX	O_CBXCNX_CBY	O_CBYCNX_CBX	(PX506,(QX1410,JU3237),ECA2852)	(PX506,(QX1410,ECA2852),JU3237)	(PX506,(JU3237,ECA2852),QX1410)
mast_all	JU3237	quartet_02	submodel1	21335979.4381	0.9519	5e-04	0.0476	6121	3.2	2760291	O_CBXCBY_CNX	O_CBXCNX_CBY	O_CBYCNX_CBX	(PX506,(QX1410,JU3237),ECA2857)	(PX506,(QX1410,ECA2857),JU3237)	(PX506,(JU3237,ECA2857),QX1410)
mast_all	JU3237	quartet_02	submodel6	21341932.0904	0.9849	0.0067	0.0084	6121	3.2	2760291	O_CBXCBY_CNX	O_CBXCNX_CBY	O_CBYCNX_CBX	(PX506,(QX1410,JU3237),ECA2857)	(PX506,(QX1410,ECA2857),JU3237)	(PX506,(JU3237,ECA2857),QX1410)
mast_all	JU3237	quartet_03	submodel1	21643650.5601	0.9529	6e-04	0.0465	6172	3.3	2797761	O_CBXCBY_CNX	O_CBXCNX_CBY	O_CBYCNX_CBX	(PX506,(QX1410,JU3237),EG5268)	(PX506,(QX1410,EG5268),JU3237)	(PX506,(JU3237,EG5268),QX1410)
mast_all	JU3237	quartet_03	submodel6	21649041.0363	0.9854	0.0071	0.0075	6172	3.3	2797761	O_CBXCBY_CNX	O_CBXCNX_CBY	O_CBYCNX_CBX	(PX506,(QX1410,JU3237),EG5268)	(PX506,(QX1410,EG5268),JU3237)	(PX506,(JU3237,EG5268),QX1410)
mast_all	JU3237	quartet_04	submodel1	21417748.5176	0.9556	3e-04	0.0442	6151	3.2	2771852	O_CBXCBY_CNX	O_CBXCNX_CBY	O_CBYCNX_CBX	(PX506,(QX1410,JU3237),JU1418)	(PX506,(QX1410,JU1418),JU3237)	(PX506,(JU3237,JU1418),QX1410)
mast_all	JU3237	quartet_04	submodel6	21423646.5681	0.986	0.0069	0.0071	6151	3.2	2771852	O_CBXCBY_CNX	O_CBXCNX_CBY	O_CBYCNX_CBX	(PX506,(QX1410,JU3237),JU1418)	(PX506,(QX1410,JU1418),JU3237)	(PX506,(JU3237,JU1418),QX1410)
mast_all	JU3237	quartet_05	submodel1	21266667.2849	0.949	0.0503	7e-04	6107	3.2	2751699	O_CBXCBY_CNX	O_CBXCNX_CBY	O_CBYCNX_CBX	(PX506,(QX1410,JU3237),JU1419)	(PX506,(QX1410,JU1419),JU3237)	(PX506,(JU3237,JU1419),QX1410)
mast_all	JU3237	quartet_05	submodel6	21273409.3739	0.9855	0.0063	0.0082	6107	3.2	2751699	O_CBXCBY_CNX	O_CBXCNX_CBY	O_CBYCNX_CBX	(PX506,(QX1410,JU3237),JU1419)	(PX506,(QX1410,JU1419),JU3237)	(PX506,(JU3237,JU1419),QX1410)
mast_all	JU3237	quartet_06	submodel1	21486711.0675	0.9469	0.0528	3e-04	6134	3.2	2782800	O_CBXCBY_CNX	O_CBXCNX_CBY	O_CBYCNX_CBX	(PX506,(QX1410,JU3237),JU1420)	(PX506,(QX1410,JU1420),JU3237)	(PX506,(JU3237,JU1420),QX1410)
mast_all	JU3237	quartet_06	submodel6	21494038.1141	0.9855	0.0062	0.0083	6134	3.2	2782800	O_CBXCBY_CNX	O_CBXCNX_CBY	O_CBYCNX_CBX	(PX506,(QX1410,JU3237),JU1420)	(PX506,(QX1410,JU1420),JU3237)	(PX506,(JU3237,JU1420),QX1410)
mast_all	JU3237	quartet_07	submodel1	21269308.6368	0.9511	0.0379	0.011	6107	3.2	2754460	O_CBXCBY_CNX	O_CBXCNX_CBY	O_CBYCNX_CBX	(PX506,(QX1410,JU3237),JU1422)	(PX506,(QX1410,JU1422),JU3237)	(PX506,(JU3237,JU1422),QX1410)
mast_all	JU3237	quartet_07	submodel6	21275708.755	0.9854	0.0063	0.0083	6107	3.2	2754460	O_CBXCBY_CNX	O_CBXCNX_CBY	O_CBYCNX_CBX	(PX506,(QX1410,JU3237),JU1422)	(PX506,(QX1410,JU1422),JU3237)	(PX506,(JU3237,JU1422),QX1410)
mast_all	JU3237	quartet_08	submodel1	21762339.1367	0.9481	0.038	0.014	6244	3.2	2818109	O_CBXCBY_CNX	O_CBXCNX_CBY	O_CBYCNX_CBX	(PX506,(QX1410,JU3237),JU2484)	(PX506,(QX1410,JU2484),JU3237)	(PX506,(JU3237,JU2484),QX1410)
mast_all	JU3237	quartet_08	submodel6	21768590.0002	0.9851	0.0071	0.0078	6244	3.2	2818109	O_CBXCBY_CNX	O_CBXCNX_CBY	O_CBYCNX_CBX	(PX506,(QX1410,JU3237),JU2484)	(PX506,(QX1410,JU2484),JU3237)	(PX506,(JU3237,JU2484),QX1410)
mast_all	JU3237	quartet_09	submodel1	21924185.508	0.9503	4e-04	0.0492	6232	3.3	2838406	O_CBXCBY_CNX	O_CBXCNX_CBY	O_CBYCNX_CBX	(PX506,(QX1410,JU3237),JU2617)	(PX506,(QX1410,JU2617),JU3237)	(PX506,(JU3237,JU2617),QX1410)
mast_all	JU3237	quartet_09	submodel6	21930154.9706	0.9855	0.0069	0.0076	6232	3.3	2838406	O_CBXCBY_CNX	O_CBXCNX_CBY	O_CBYCNX_CBX	(PX506,(QX1410,JU3237),JU2617)	(PX506,(QX1410,JU2617),JU3237)	(PX506,(JU3237,JU2617),QX1410)
mast_all	JU3237	quartet_10	submodel1	20754402.8127	0.9515	4e-04	0.0481	5957	3.2	2686717	O_CBXCBY_CNX	O_CBXCNX_CBY	O_CBYCNX_CBX	(PX506,(QX1410,JU3237),NIC2143)	(PX506,(QX1410,NIC2143),JU3237)	(PX506,(JU3237,NIC2143),QX1410)
mast_all	JU3237	quartet_10	submodel6	20760879.7909	0.9854	0.0063	0.0083	5957	3.2	2686717	O_CBXCBY_CNX	O_CBXCNX_CBY	O_CBYCNX_CBX	(PX506,(QX1410,JU3237),NIC2143)	(PX506,(QX1410,NIC2143),JU3237)	(PX506,(JU3237,NIC2143),QX1410)
mast_all	JU3237	quartet_11	submodel1	21281419.3691	0.9502	7e-04	0.0491	6095	3.2	2755060	O_CBXCBY_CNX	O_CBXCNX_CBY	O_CBYCNX_CBX	(PX506,(QX1410,JU3237),NIC2150)	(PX506,(QX1410,NIC2150),JU3237)	(PX506,(JU3237,NIC2150),QX1410)
mast_all	JU3237	quartet_11	submodel6	21287726.0472	0.9855	0.0065	0.008	6095	3.2	2755060	O_CBXCBY_CNX	O_CBXCNX_CBY	O_CBYCNX_CBX	(PX506,(QX1410,JU3237),NIC2150)	(PX506,(QX1410,NIC2150),JU3237)	(PX506,(JU3237,NIC2150),QX1410)
mast_all	JU3237	quartet_12	submodel1	21247254.9102	0.9529	4e-04	0.0466	6073	3.2	2750345	O_CBXCBY_CNX	O_CBXCNX_CBY	O_CBYCNX_CBX	(PX506,(QX1410,JU3237),NIC2152)	(PX506,(QX1410,NIC2152),JU3237)	(PX506,(JU3237,NIC2152),QX1410)
mast_all	JU3237	quartet_12	submodel6	21253343.79	0.9856	0.0065	0.0078	6073	3.2	2750345	O_CBXCBY_CNX	O_CBXCNX_CBY	O_CBYCNX_CBX	(PX506,(QX1410,JU3237),NIC2152)	(PX506,(QX1410,NIC2152),JU3237)	(PX506,(JU3237,NIC2152),QX1410)
mast_all	JU3237	quartet_13	submodel1	21405270.229	0.9539	0.0187	0.0274	6119	3.2	2768953	O_CBXCBY_CNX	O_CBXCNX_CBY	O_CBYCNX_CBX	(PX506,(QX1410,JU3237),VX151)	(PX506,(QX1410,VX151),JU3237)	(PX506,(JU3237,VX151),QX1410)
mast_all	JU3237	quartet_13	submodel6	21411132.6898	0.9859	0.0066	0.0075	6119	3.2	2768953	O_CBXCBY_CNX	O_CBXCNX_CBY	O_CBYCNX_CBX	(PX506,(QX1410,JU3237),VX151)	(PX506,(QX1410,VX151),JU3237)	(PX506,(JU3237,VX151),QX1410)
mast_all	JU3237	quartet_14	submodel1	21298267.0086	0.9485	6e-04	0.0509	6075	3.2	2754762	O_CBXCBY_CNX	O_CBXCNX_CBY	O_CBYCNX_CBX	(PX506,(QX1410,JU3237),VX153)	(PX506,(QX1410,VX153),JU3237)	(PX506,(JU3237,VX153),QX1410)
mast_all	JU3237	quartet_14	submodel6	21304667.461	0.9855	0.0069	0.0076	6075	3.2	2754762	O_CBXCBY_CNX	O_CBXCNX_CBY	O_CBYCNX_CBX	(PX506,(QX1410,JU3237),VX153)	(PX506,(QX1410,VX153),JU3237)	(PX506,(JU3237,VX153),QX1410)
mast_all	JU3237	quartet_15	submodel1	21813551.4503	0.95	0.0207	0.0293	6227	3.3	2820041	O_CBXCBY_CNX	O_CBXCNX_CBY	O_CBYCNX_CBX	(PX506,(QX1410,JU3237),YR106)	(PX506,(QX1410,YR106),JU3237)	(PX506,(JU3237,YR106),QX1410)
mast_all	JU3237	quartet_15	submodel6	21819710.0278	0.9854	0.0069	0.0078	6227	3.3	2820041	O_CBXCBY_CNX	O_CBXCNX_CBY	O_CBYCNX_CBX	(PX506,(QX1410,JU3237),YR106)	(PX506,(QX1410,YR106),JU3237)	(PX506,(JU3237,YR106),QX1410)
mast_all	JU3237	quartet_16	submodel1	21595374.9959	0.9532	0.0036	0.0432	6166	3.3	2794988	O_CBXCBY_CNX	O_CBXCNX_CBY	O_CBYCNX_CBX	(PX506,(QX1410,JU3237),ZF1220)	(PX506,(QX1410,ZF1220),JU3237)	(PX506,(JU3237,ZF1220),QX1410)
mast_all	JU3237	quartet_16	submodel6	21600803.4294	0.9855	0.0069	0.0076	6166	3.3	2794988	O_CBXCBY_CNX	O_CBXCNX_CBY	O_CBYCNX_CBX	(PX506,(QX1410,JU3237),ZF1220)	(PX506,(QX1410,ZF1220),JU3237)	(PX506,(JU3237,ZF1220),QX1410)
mast_all	QG4232	quartet_01	submodel1	17459525.9012	0.8781	0.0481	0.0739	5621	3.1	2276547	O_CBXCBY_CNX	O_CBXCNX_CBY	O_CBYCNX_CBX	(PX506,(QX1410,QG4232),ECA2852)	(PX506,(QX1410,ECA2852),QG4232)	(PX506,(QG4232,ECA2852),QX1410)
mast_all	QG4232	quartet_01	submodel6	17468832.7544	0.9511	0.0184	0.0305	5621	3.1	2276547	O_CBXCBY_CNX	O_CBXCNX_CBY	O_CBYCNX_CBX	(PX506,(QX1410,QG4232),ECA2852)	(PX506,(QX1410,ECA2852),QG4232)	(PX506,(QG4232,ECA2852),QX1410)
mast_all	QG4232	quartet_02	submodel1	17807938.669	0.8782	0.0476	0.0742	5742	3.1	2319769	O_CBXCBY_CNX	O_CBXCNX_CBY	O_CBYCNX_CBX	(PX506,(QX1410,QG4232),ECA2857)	(PX506,(QX1410,ECA2857),QG4232)	(PX506,(QG4232,ECA2857),QX1410)
mast_all	QG4232	quartet_02	submodel6	17817356.2376	0.9542	0.0256	0.0202	5742	3.1	2319769	O_CBXCBY_CNX	O_CBXCNX_CBY	O_CBYCNX_CBX	(PX506,(QX1410,QG4232),ECA2857)	(PX506,(QX1410,ECA2857),QG4232)	(PX506,(QG4232,ECA2857),QX1410)
mast_all	QG4232	quartet_03	submodel1	18180765.1952	0.877	0.0452	0.0778	5799	3.2	2368029	O_CBXCBY_CNX	O_CBXCNX_CBY	O_CBYCNX_CBX	(PX506,(QX1410,QG4232),EG5268)	(PX506,(QX1410,EG5268),QG4232)	(PX506,(QG4232,EG5268),QX1410)
mast_all	QG4232	quartet_03	submodel6	18189877.9662	0.9551	0.0243	0.0206	5799	3.2	2368029	O_CBXCBY_CNX	O_CBXCNX_CBY	O_CBYCNX_CBX	(PX506,(QX1410,QG4232),EG5268)	(PX506,(QX1410,EG5268),QG4232)	(PX506,(QG4232,EG5268),QX1410)
mast_all	QG4232	quartet_04	submodel1	18081881.3857	0.8817	0.0468	0.0716	5797	3.1	2354130	O_CBXCBY_CNX	O_CBXCNX_CBY	O_CBYCNX_CBX	(PX506,(QX1410,QG4232),JU1418)	(PX506,(QX1410,JU1418),QG4232)	(PX506,(QG4232,JU1418),QX1410)
mast_all	QG4232	quartet_04	submodel6	18091135.5144	0.9548	0.0184	0.0268	5797	3.1	2354130	O_CBXCBY_CNX	O_CBXCNX_CBY	O_CBYCNX_CBX	(PX506,(QX1410,QG4232),JU1418)	(PX506,(QX1410,JU1418),QG4232)	(PX506,(QG4232,JU1418),QX1410)
mast_all	QG4232	quartet_05	submodel1	18004626.7124	0.8819	0.0437	0.0744	5768	3.1	2344563	O_CBXCBY_CNX	O_CBXCNX_CBY	O_CBYCNX_CBX	(PX506,(QX1410,QG4232),JU1419)	(PX506,(QX1410,JU1419),QG4232)	(PX506,(QG4232,JU1419),QX1410)
mast_all	QG4232	quartet_05	submodel6	18014139.4126	0.9548	0.0183	0.0269	5768	3.1	2344563	O_CBXCBY_CNX	O_CBXCNX_CBY	O_CBYCNX_CBX	(PX506,(QX1410,QG4232),JU1419)	(PX506,(QX1410,JU1419),QG4232)	(PX506,(QG4232,JU1419),QX1410)
mast_all	QG4232	quartet_06	submodel1	18228576.3945	0.881	0.0453	0.0737	5796	3.1	2371708	O_CBXCBY_CNX	O_CBXCNX_CBY	O_CBYCNX_CBX	(PX506,(QX1410,QG4232),JU1420)	(PX506,(QX1410,JU1420),QG4232)	(PX506,(QG4232,JU1420),QX1410)
mast_all	QG4232	quartet_06	submodel6	18238066.3427	0.9544	0.0194	0.0262	5796	3.1	2371708	O_CBXCBY_CNX	O_CBXCNX_CBY	O_CBYCNX_CBX	(PX506,(QX1410,QG4232),JU1420)	(PX506,(QX1410,JU1420),QG4232)	(PX506,(QG4232,JU1420),QX1410)
mast_all	QG4232	quartet_07	submodel1	17917072.6231	0.8769	0.0467	0.0765	5733	3.1	2333367	O_CBXCBY_CNX	O_CBXCNX_CBY	O_CBYCNX_CBX	(PX506,(QX1410,QG4232),JU1422)	(PX506,(QX1410,JU1422),QG4232)	(PX506,(QG4232,JU1422),QX1410)
mast_all	QG4232	quartet_07	submodel6	17926224.9703	0.9546	0.0181	0.0273	5733	3.1	2333367	O_CBXCBY_CNX	O_CBXCNX_CBY	O_CBYCNX_CBX	(PX506,(QX1410,QG4232),JU1422)	(PX506,(QX1410,JU1422),QG4232)	(PX506,(QG4232,JU1422),QX1410)
mast_all	QG4232	quartet_08	submodel1	18182532.4514	0.8734	0.0494	0.0772	5840	3.1	2372153	O_CBXCBY_CNX	O_CBXCNX_CBY	O_CBYCNX_CBX	(PX506,(QX1410,QG4232),JU2484)	(PX506,(QX1410,JU2484),QG4232)	(PX506,(QG4232,JU2484),QX1410)
mast_all	QG4232	quartet_08	submodel6	18192197.0027	0.9514	0.0186	0.03	5840	3.1	2372153	O_CBXCBY_CNX	O_CBXCNX_CBY	O_CBYCNX_CBX	(PX506,(QX1410,QG4232),JU2484)	(PX506,(QX1410,JU2484),QG4232)	(PX506,(QG4232,JU2484),QX1410)
mast_all	QG4232	quartet_09	submodel1	18371665.1232	0.8787	0.0459	0.0754	5850	3.2	2396430	O_CBXCBY_CNX	O_CBXCNX_CBY	O_CBYCNX_CBX	(PX506,(QX1410,QG4232),JU2617)	(PX506,(QX1410,JU2617),QG4232)	(PX506,(QG4232,JU2617),QX1410)
mast_all	QG4232	quartet_09	submodel6	18380588.4057	0.9731	0.005	0.0219	5850	3.2	2396430	O_CBXCBY_CNX	O_CBXCNX_CBY	O_CBYCNX_CBX	(PX506,(QX1410,QG4232),JU2617)	(PX506,(QX1410,JU2617),QG4232)	(PX506,(QG4232,JU2617),QX1410)
mast_all	QG4232	quartet_10	submodel1	17223595.9883	0.8763	0.0481	0.0756	5600	3.1	2245548	O_CBXCBY_CNX	O_CBXCNX_CBY	O_CBYCNX_CBX	(PX506,(QX1410,QG4232),NIC2143)	(PX506,(QX1410,NIC2143),QG4232)	(PX506,(QG4232,NIC2143),QX1410)
mast_all	QG4232	quartet_10	submodel6	17232567.961	0.9729	0.005	0.022	5600	3.1	2245548	O_CBXCBY_CNX	O_CBXCNX_CBY	O_CBYCNX_CBX	(PX506,(QX1410,QG4232),NIC2143)	(PX506,(QX1410,NIC2143),QG4232)	(PX506,(QG4232,NIC2143),QX1410)
mast_all	QG4232	quartet_11	submodel1	17951028.9869	0.8721	0.0508	0.0771	5742	3.1	2335352	O_CBXCBY_CNX	O_CBXCNX_CBY	O_CBYCNX_CBX	(PX506,(QX1410,QG4232),NIC2150)	(PX506,(QX1410,NIC2150),QG4232)	(PX506,(QG4232,NIC2150),QX1410)
mast_all	QG4232	quartet_11	submodel6	17960334.7303	0.9546	0.0193	0.026	5742	3.1	2335352	O_CBXCBY_CNX	O_CBXCNX_CBY	O_CBYCNX_CBX	(PX506,(QX1410,QG4232),NIC2150)	(PX506,(QX1410,NIC2150),QG4232)	(PX506,(QG4232,NIC2150),QX1410)
mast_all	QG4232	quartet_12	submodel1	17762377.0731	0.8785	0.0485	0.0729	5701	3.1	2315774	O_CBXCBY_CNX	O_CBXCNX_CBY	O_CBYCNX_CBX	(PX506,(QX1410,QG4232),NIC2152)	(PX506,(QX1410,NIC2152),QG4232)	(PX506,(QG4232,NIC2152),QX1410)
mast_all	QG4232	quartet_12	submodel6	17771407.6173	0.9731	0.0052	0.0217	5701	3.1	2315774	O_CBXCBY_CNX	O_CBXCNX_CBY	O_CBYCNX_CBX	(PX506,(QX1410,QG4232),NIC2152)	(PX506,(QX1410,NIC2152),QG4232)	(PX506,(QG4232,NIC2152),QX1410)
mast_all	QG4232	quartet_13	submodel1	17941097.9121	0.8802	0.05	0.0698	5746	3.1	2336268	O_CBXCBY_CNX	O_CBXCNX_CBY	O_CBYCNX_CBX	(PX506,(QX1410,QG4232),VX151)	(PX506,(QX1410,VX151),QG4232)	(PX506,(QG4232,VX151),QX1410)
mast_all	QG4232	quartet_13	submodel6	17950747.2115	0.9513	0.0177	0.031	5746	3.1	2336268	O_CBXCBY_CNX	O_CBXCNX_CBY	O_CBYCNX_CBX	(PX506,(QX1410,QG4232),VX151)	(PX506,(QX1410,VX151),QG4232)	(PX506,(QG4232,VX151),QX1410)
mast_all	QG4232	quartet_14	submodel1	17815839.247	0.8784	0.0449	0.0767	5691	3.1	2318372	O_CBXCBY_CNX	O_CBXCNX_CBY	O_CBYCNX_CBX	(PX506,(QX1410,QG4232),VX153)	(PX506,(QX1410,VX153),QG4232)	(PX506,(QG4232,VX153),QX1410)
mast_all	QG4232	quartet_14	submodel6	17825196.7974	0.954	0.0257	0.0203	5691	3.1	2318372	O_CBXCBY_CNX	O_CBXCNX_CBY	O_CBYCNX_CBX	(PX506,(QX1410,QG4232),VX153)	(PX506,(QX1410,VX153),QG4232)	(PX506,(QG4232,VX153),QX1410)
mast_all	QG4232	quartet_15	submodel1	18388169.5509	0.875	0.052	0.073	5875	3.1	2395224	O_CBXCBY_CNX	O_CBXCNX_CBY	O_CBYCNX_CBX	(PX506,(QX1410,QG4232),YR106)	(PX506,(QX1410,YR106),QG4232)	(PX506,(QG4232,YR106),QX1410)
mast_all	QG4232	quartet_15	submodel6	18397581.1519	0.9543	0.0253	0.0203	5875	3.1	2395224	O_CBXCBY_CNX	O_CBXCNX_CBY	O_CBYCNX_CBX	(PX506,(QX1410,QG4232),YR106)	(PX506,(QX1410,YR106),QG4232)	(PX506,(QG4232,YR106),QX1410)
mast_all	QG4232	quartet_16	submodel1	18214474.8227	0.8762	0.0486	0.0752	5807	3.2	2372952	O_CBXCBY_CNX	O_CBXCNX_CBY	O_CBYCNX_CBX	(PX506,(QX1410,QG4232),ZF1220)	(PX506,(QX1410,ZF1220),QG4232)	(PX506,(QG4232,ZF1220),QX1410)
mast_all	QG4232	quartet_16	submodel6	18223557.2756	0.9727	0.0053	0.022	5807	3.2	2372952	O_CBXCBY_CNX	O_CBXCNX_CBY	O_CBYCNX_CBX	(PX506,(QX1410,QG4232),ZF1220)	(PX506,(QX1410,ZF1220),QG4232)	(PX506,(QG4232,ZF1220),QX1410)
mast_hdr	JU3200	quartet_01	submodel1	1295973.4237	0.9433	0.047	0.0097	366	3.5	163784	O_CBXCBY_CNX	O_CBXCNX_CBY	O_CBYCNX_CBX	(PX506,(QX1410,JU3200),ECA2852)	(PX506,(QX1410,ECA2852),JU3200)	(PX506,(JU3200,ECA2852),QX1410)
mast_hdr	JU3200	quartet_01	submodel6	1296201.5752	0.9577	0.0158	0.0265	366	3.5	163784	O_CBXCBY_CNX	O_CBXCNX_CBY	O_CBYCNX_CBX	(PX506,(QX1410,JU3200),ECA2852)	(PX506,(QX1410,ECA2852),JU3200)	(PX506,(JU3200,ECA2852),QX1410)
mast_hdr	JU3200	quartet_02	submodel1	1280719.9152	0.9435	0.0485	0.0081	359	3.3	161426	O_CBXCBY_CNX	O_CBXCNX_CBY	O_CBYCNX_CBX	(PX506,(QX1410,JU3200),ECA2857)	(PX506,(QX1410,ECA2857),JU3200)	(PX506,(JU3200,ECA2857),QX1410)
mast_hdr	JU3200	quartet_02	submodel6	1280817.1629	0.9877	0.0064	0.0059	359	3.3	161426	O_CBXCBY_CNX	O_CBXCNX_CBY	O_CBYCNX_CBX	(PX506,(QX1410,JU3200),ECA2857)	(PX506,(QX1410,ECA2857),JU3200)	(PX506,(JU3200,ECA2857),QX1410)
mast_hdr	JU3200	quartet_03	submodel1	1319290.6531	0.9078	0.0437	0.0485	368	3.6	166128	O_CBXCBY_CNX	O_CBXCNX_CBY	O_CBYCNX_CBX	(PX506,(QX1410,JU3200),EG5268)	(PX506,(QX1410,EG5268),JU3200)	(PX506,(JU3200,EG5268),QX1410)
mast_hdr	JU3200	quartet_03	submodel6	1319228.6401	0.9892	0.0042	0.0066	368	3.6	166128	O_CBXCBY_CNX	O_CBXCNX_CBY	O_CBYCNX_CBX	(PX506,(QX1410,JU3200),EG5268)	(PX506,(QX1410,EG5268),JU3200)	(PX506,(JU3200,EG5268),QX1410)
mast_hdr	JU3200	quartet_04	submodel1	1285135.3116	0.9385	0.0515	0.01	365	3.6	162294	O_CBXCBY_CNX	O_CBXCNX_CBY	O_CBYCNX_CBX	(PX506,(QX1410,JU3200),JU1418)	(PX506,(QX1410,JU1418),JU3200)	(PX506,(JU3200,JU1418),QX1410)
mast_hdr	JU3200	quartet_04	submodel6	1285327.1425	0.9901	0.0059	0.004	365	3.6	162294	O_CBXCBY_CNX	O_CBXCNX_CBY	O_CBYCNX_CBX	(PX506,(QX1410,JU3200),JU1418)	(PX506,(QX1410,JU1418),JU3200)	(PX506,(JU3200,JU1418),QX1410)
mast_hdr	JU3200	quartet_05	submodel1	1294413.5459	0.9107	0.0422	0.0471	363	3.5	163381	O_CBXCBY_CNX	O_CBXCNX_CBY	O_CBYCNX_CBX	(PX506,(QX1410,JU3200),JU1419)	(PX506,(QX1410,JU1419),JU3200)	(PX506,(JU3200,JU1419),QX1410)
mast_hdr	JU3200	quartet_05	submodel6	1294445.4384	0.9906	0.0037	0.0057	363	3.5	163381	O_CBXCBY_CNX	O_CBXCNX_CBY	O_CBYCNX_CBX	(PX506,(QX1410,JU3200),JU1419)	(PX506,(QX1410,JU1419),JU3200)	(PX506,(JU3200,JU1419),QX1410)
mast_hdr	JU3200	quartet_06	submodel1	1294082.4839	0.9124	0.0413	0.0463	363	3.5	163768	O_CBXCBY_CNX	O_CBXCNX_CBY	O_CBYCNX_CBX	(PX506,(QX1410,JU3200),JU1420)	(PX506,(QX1410,JU1420),JU3200)	(PX506,(JU3200,JU1420),QX1410)
mast_hdr	JU3200	quartet_06	submodel6	1294154.1486	0.9743	0.0192	0.0066	363	3.5	163768	O_CBXCBY_CNX	O_CBXCNX_CBY	O_CBYCNX_CBX	(PX506,(QX1410,JU3200),JU1420)	(PX506,(QX1410,JU1420),JU3200)	(PX506,(JU3200,JU1420),QX1410)
mast_hdr	JU3200	quartet_07	submodel1	1301173.5583	0.9095	0.0452	0.0453	364	3.5	164397	O_CBXCBY_CNX	O_CBXCNX_CBY	O_CBYCNX_CBX	(PX506,(QX1410,JU3200),JU1422)	(PX506,(QX1410,JU1422),JU3200)	(PX506,(JU3200,JU1422),QX1410)
mast_hdr	JU3200	quartet_07	submodel6	1301237.0711	0.9889	0.0037	0.0074	364	3.5	164397	O_CBXCBY_CNX	O_CBXCNX_CBY	O_CBYCNX_CBX	(PX506,(QX1410,JU3200),JU1422)	(PX506,(QX1410,JU1422),JU3200)	(PX506,(JU3200,JU1422),QX1410)
mast_hdr	JU3200	quartet_08	submodel1	1266515.4078	0.9043	0.0441	0.0516	360	3.5	160313	O_CBXCBY_CNX	O_CBXCNX_CBY	O_CBYCNX_CBX	(PX506,(QX1410,JU3200),JU2484)	(PX506,(QX1410,JU2484),JU3200)	(PX506,(JU3200,JU2484),QX1410)
mast_hdr	JU3200	quartet_08	submodel6	1266674.2912	0.9738	0.005	0.0213	360	3.5	160313	O_CBXCBY_CNX	O_CBXCNX_CBY	O_CBYCNX_CBX	(PX506,(QX1410,JU3200),JU2484)	(PX506,(QX1410,JU2484),JU3200)	(PX506,(JU3200,JU2484),QX1410)
mast_hdr	JU3200	quartet_09	submodel1	1299546.7875	0.9345	0.0568	0.0087	367	3.7	164810	O_CBXCBY_CNX	O_CBXCNX_CBY	O_CBYCNX_CBX	(PX506,(QX1410,JU3200),JU2617)	(PX506,(QX1410,JU2617),JU3200)	(PX506,(JU3200,JU2617),QX1410)
mast_hdr	JU3200	quartet_09	submodel6	1299737.8817	0.9883	0.005	0.0067	367	3.7	164810	O_CBXCBY_CNX	O_CBXCNX_CBY	O_CBYCNX_CBX	(PX506,(QX1410,JU3200),JU2617)	(PX506,(QX1410,JU2617),JU3200)	(PX506,(JU3200,JU2617),QX1410)
mast_hdr	JU3200	quartet_10	submodel1	1262754.168	0.9133	0.044	0.0427	358	3.4	159986	O_CBXCBY_CNX	O_CBXCNX_CBY	O_CBYCNX_CBX	(PX506,(QX1410,JU3200),NIC2143)	(PX506,(QX1410,NIC2143),JU3200)	(PX506,(JU3200,NIC2143),QX1410)
mast_hdr	JU3200	quartet_10	submodel6	1262798.6147	0.9909	0.0034	0.0057	358	3.4	159986	O_CBXCBY_CNX	O_CBXCNX_CBY	O_CBYCNX_CBX	(PX506,(QX1410,JU3200),NIC2143)	(PX506,(QX1410,NIC2143),JU3200)	(PX506,(JU3200,NIC2143),QX1410)
mast_hdr	JU3200	quartet_11	submodel1	1269654.6483	0.9162	0.0702	0.0136	356	3.8	160606	O_CBXCBY_CNX	O_CBXCNX_CBY	O_CBYCNX_CBX	(PX506,(QX1410,JU3200),NIC2150)	(PX506,(QX1410,NIC2150),JU3200)	(PX506,(JU3200,NIC2150),QX1410)
mast_hdr	JU3200	quartet_11	submodel6	1269910.8639	0.9895	0.0036	0.0069	356	3.8	160606	O_CBXCBY_CNX	O_CBXCNX_CBY	O_CBYCNX_CBX	(PX506,(QX1410,JU3200),NIC2150)	(PX506,(QX1410,NIC2150),JU3200)	(PX506,(JU3200,NIC2150),QX1410)
mast_hdr	JU3200	quartet_12	submodel1	1296424.0495	0.9042	0.0479	0.048	360	3.4	163777	O_CBXCBY_CNX	O_CBXCNX_CBY	O_CBYCNX_CBX	(PX506,(QX1410,JU3200),NIC2152)	(PX506,(QX1410,NIC2152),JU3200)	(PX506,(JU3200,NIC2152),QX1410)
mast_hdr	JU3200	quartet_12	submodel6	1296565.5457	0.9903	0.0037	0.0061	360	3.4	163777	O_CBXCBY_CNX	O_CBXCNX_CBY	O_CBYCNX_CBX	(PX506,(QX1410,JU3200),NIC2152)	(PX506,(QX1410,NIC2152),JU3200)	(PX506,(JU3200,NIC2152),QX1410)
mast_hdr	JU3200	quartet_13	submodel1	1311832.6488	0.8966	0.0533	0.0502	369	3.5	165731	O_CBXCBY_CNX	O_CBXCNX_CBY	O_CBYCNX_CBX	(PX506,(QX1410,JU3200),VX151)	(PX506,(QX1410,VX151),JU3200)	(PX506,(JU3200,VX151),QX1410)
mast_hdr	JU3200	quartet_13	submodel6	1312004.5213	0.9558	0.0173	0.0269	369	3.5	165731	O_CBXCBY_CNX	O_CBXCNX_CBY	O_CBYCNX_CBX	(PX506,(QX1410,JU3200),VX151)	(PX506,(QX1410,VX151),JU3200)	(PX506,(JU3200,VX151),QX1410)
mast_hdr	JU3200	quartet_14	submodel1	1298612.1046	0.9076	0.0523	0.0401	364	3.6	164432	O_CBXCBY_CNX	O_CBXCNX_CBY	O_CBYCNX_CBX	(PX506,(QX1410,JU3200),VX153)	(PX506,(QX1410,VX153),JU3200)	(PX506,(JU3200,VX153),QX1410)
mast_hdr	JU3200	quartet_14	submodel6	1298681.5321	0.9927	0.0038	0.0035	364	3.6	164432	O_CBXCBY_CNX	O_CBXCNX_CBY	O_CBYCNX_CBX	(PX506,(QX1410,JU3200),VX153)	(PX506,(QX1410,VX153),JU3200)	(PX506,(JU3200,VX153),QX1410)
mast_hdr	JU3200	quartet_15	submodel1	1303502.7562	0.8994	0.0405	0.0602	366	3.4	164266	O_CBXCBY_CNX	O_CBXCNX_CBY	O_CBYCNX_CBX	(PX506,(QX1410,JU3200),YR106)	(PX506,(QX1410,YR106),JU3200)	(PX506,(JU3200,YR106),QX1410)
mast_hdr	JU3200	quartet_15	submodel6	1303447.2332	0.9774	0.0035	0.0191	366	3.4	164266	O_CBXCBY_CNX	O_CBXCNX_CBY	O_CBYCNX_CBX	(PX506,(QX1410,JU3200),YR106)	(PX506,(QX1410,YR106),JU3200)	(PX506,(JU3200,YR106),QX1410)
mast_hdr	JU3200	quartet_16	submodel1	1265268.8164	0.9098	0.0462	0.0441	354	3.5	159498	O_CBXCBY_CNX	O_CBXCNX_CBY	O_CBYCNX_CBX	(PX506,(QX1410,JU3200),ZF1220)	(PX506,(QX1410,ZF1220),JU3200)	(PX506,(JU3200,ZF1220),QX1410)
mast_hdr	JU3200	quartet_16	submodel6	1265211.2433	0.9875	0.0053	0.0072	354	3.5	159498	O_CBXCBY_CNX	O_CBXCNX_CBY	O_CBYCNX_CBX	(PX506,(QX1410,JU3200),ZF1220)	(PX506,(QX1410,ZF1220),JU3200)	(PX506,(JU3200,ZF1220),QX1410)
mast_hdr	JU3237	quartet_01	submodel1	1116333.5852	0.869	0.0546	0.0764	321	3.5	137109	O_CBXCBY_CNX	O_CBXCNX_CBY	O_CBYCNX_CBX	(PX506,(QX1410,JU3237),ECA2852)	(PX506,(QX1410,ECA2852),JU3237)	(PX506,(JU3237,ECA2852),QX1410)
mast_hdr	JU3237	quartet_01	submodel6	1116624.7817	0.9721	0.0059	0.0219	321	3.5	137109	O_CBXCBY_CNX	O_CBXCNX_CBY	O_CBYCNX_CBX	(PX506,(QX1410,JU3237),ECA2852)	(PX506,(QX1410,ECA2852),JU3237)	(PX506,(JU3237,ECA2852),QX1410)
mast_hdr	JU3237	quartet_02	submodel1	1181876.246	0.8825	0.0541	0.0634	333	3.7	144958	O_CBXCBY_CNX	O_CBXCNX_CBY	O_CBYCNX_CBX	(PX506,(QX1410,JU3237),ECA2857)	(PX506,(QX1410,ECA2857),JU3237)	(PX506,(JU3237,ECA2857),QX1410)
mast_hdr	JU3237	quartet_02	submodel6	1182109.1554	0.9522	0.0226	0.0252	333	3.7	144958	O_CBXCBY_CNX	O_CBXCNX_CBY	O_CBYCNX_CBX	(PX506,(QX1410,JU3237),ECA2857)	(PX506,(QX1410,ECA2857),JU3237)	(PX506,(JU3237,ECA2857),QX1410)
mast_hdr	JU3237	quartet_03	submodel1	1199375.1325	0.8688	0.0663	0.0649	336	3.7	147377	O_CBXCBY_CNX	O_CBXCNX_CBY	O_CBYCNX_CBX	(PX506,(QX1410,JU3237),EG5268)	(PX506,(QX1410,EG5268),JU3237)	(PX506,(JU3237,EG5268),QX1410)
mast_hdr	JU3237	quartet_03	submodel6	1199607.0599	0.9532	0.0239	0.0228	336	3.7	147377	O_CBXCBY_CNX	O_CBXCNX_CBY	O_CBYCNX_CBX	(PX506,(QX1410,JU3237),EG5268)	(PX506,(QX1410,EG5268),JU3237)	(PX506,(JU3237,EG5268),QX1410)
mast_hdr	JU3237	quartet_04	submodel1	1151730.7295	0.8922	0.0478	0.06	333	3.6	142258	O_CBXCBY_CNX	O_CBXCNX_CBY	O_CBYCNX_CBX	(PX506,(QX1410,JU3237),JU1418)	(PX506,(QX1410,JU1418),JU3237)	(PX506,(JU3237,JU1418),QX1410)
mast_hdr	JU3237	quartet_04	submodel6	1151890.6503	0.957	0.0222	0.0208	333	3.6	142258	O_CBXCBY_CNX	O_CBXCNX_CBY	O_CBYCNX_CBX	(PX506,(QX1410,JU3237),JU1418)	(PX506,(QX1410,JU1418),JU3237)	(PX506,(JU3237,JU1418),QX1410)
mast_hdr	JU3237	quartet_05	submodel1	1153388.7061	0.892	0.0491	0.0589	333	3.5	142352	O_CBXCBY_CNX	O_CBXCNX_CBY	O_CBYCNX_CBX	(PX506,(QX1410,JU3237),JU1419)	(PX506,(QX1410,JU1419),JU3237)	(PX506,(JU3237,JU1419),QX1410)
mast_hdr	JU3237	quartet_05	submodel6	1153603.9428	0.9536	0.0232	0.0232	333	3.5	142352	O_CBXCBY_CNX	O_CBXCNX_CBY	O_CBYCNX_CBX	(PX506,(QX1410,JU3237),JU1419)	(PX506,(QX1410,JU1419),JU3237)	(PX506,(JU3237,JU1419),QX1410)
mast_hdr	JU3237	quartet_06	submodel1	1194233.9766	0.892	0.0518	0.0562	342	3.7	147294	O_CBXCBY_CNX	O_CBXCNX_CBY	O_CBYCNX_CBX	(PX506,(QX1410,JU3237),JU1420)	(PX506,(QX1410,JU1420),JU3237)	(PX506,(JU3237,JU1420),QX1410)
mast_hdr	JU3237	quartet_06	submodel6	1194441.0048	0.9539	0.0224	0.0237	342	3.7	147294	O_CBXCBY_CNX	O_CBXCNX_CBY	O_CBYCNX_CBX	(PX506,(QX1410,JU3237),JU1420)	(PX506,(QX1410,JU1420),JU3237)	(PX506,(JU3237,JU1420),QX1410)
mast_hdr	JU3237	quartet_07	submodel1	1165124.0211	0.8889	0.0535	0.0576	335	3.6	143915	O_CBXCBY_CNX	O_CBXCNX_CBY	O_CBYCNX_CBX	(PX506,(QX1410,JU3237),JU1422)	(PX506,(QX1410,JU1422),JU3237)	(PX506,(JU3237,JU1422),QX1410)
mast_hdr	JU3237	quartet_07	submodel6	1165283.679	0.4823	0.0036	0.514	335	3.6	143915	O_CBXCBY_CNX	O_CBXCNX_CBY	O_CBYCNX_CBX	(PX506,(QX1410,JU3237),JU1422)	(PX506,(QX1410,JU1422),JU3237)	(PX506,(JU3237,JU1422),QX1410)
mast_hdr	JU3237	quartet_08	submodel1	1190392.7261	0.8755	0.0533	0.0711	338	3.4	146200	O_CBXCBY_CNX	O_CBXCNX_CBY	O_CBYCNX_CBX	(PX506,(QX1410,JU3237),JU2484)	(PX506,(QX1410,JU2484),JU3237)	(PX506,(JU3237,JU2484),QX1410)
mast_hdr	JU3237	quartet_08	submodel6	1190604.8519	0.9528	0.0257	0.0215	338	3.4	146200	O_CBXCBY_CNX	O_CBXCNX_CBY	O_CBYCNX_CBX	(PX506,(QX1410,JU3237),JU2484)	(PX506,(QX1410,JU2484),JU3237)	(PX506,(JU3237,JU2484),QX1410)
mast_hdr	JU3237	quartet_09	submodel1	1213342.3771	0.8974	0.0545	0.0481	334	3.7	149325	O_CBXCBY_CNX	O_CBXCNX_CBY	O_CBYCNX_CBX	(PX506,(QX1410,JU3237),JU2617)	(PX506,(QX1410,JU2617),JU3237)	(PX506,(JU3237,JU2617),QX1410)
mast_hdr	JU3237	quartet_09	submodel6	1213634.0072	0.9519	0.0237	0.0244	334	3.7	149325	O_CBXCBY_CNX	O_CBXCNX_CBY	O_CBYCNX_CBX	(PX506,(QX1410,JU3237),JU2617)	(PX506,(QX1410,JU2617),JU3237)	(PX506,(JU3237,JU2617),QX1410)
mast_hdr	JU3237	quartet_10	submodel1	1192205.7662	0.9012	0.0305	0.0683	336	3.5	147410	O_CBXCBY_CNX	O_CBXCNX_CBY	O_CBYCNX_CBX	(PX506,(QX1410,JU3237),NIC2143)	(PX506,(QX1410,NIC2143),JU3237)	(PX506,(JU3237,NIC2143),QX1410)
mast_hdr	JU3237	quartet_10	submodel6	1192324.2608	0.9557	0.0207	0.0236	336	3.5	147410	O_CBXCBY_CNX	O_CBXCNX_CBY	O_CBYCNX_CBX	(PX506,(QX1410,JU3237),NIC2143)	(PX506,(QX1410,NIC2143),JU3237)	(PX506,(JU3237,NIC2143),QX1410)
mast_hdr	JU3237	quartet_11	submodel1	1151154.0253	0.8877	0.0484	0.0638	328	3.6	142463	O_CBXCBY_CNX	O_CBXCNX_CBY	O_CBYCNX_CBX	(PX506,(QX1410,JU3237),NIC2150)	(PX506,(QX1410,NIC2150),JU3237)	(PX506,(JU3237,NIC2150),QX1410)
mast_hdr	JU3237	quartet_11	submodel6	1151355.6418	0.9715	0.0041	0.0244	328	3.6	142463	O_CBXCBY_CNX	O_CBXCNX_CBY	O_CBYCNX_CBX	(PX506,(QX1410,JU3237),NIC2150)	(PX506,(QX1410,NIC2150),JU3237)	(PX506,(JU3237,NIC2150),QX1410)
mast_hdr	JU3237	quartet_12	submodel1	1163933.0785	0.8934	0.0538	0.0529	326	3.5	143127	O_CBXCBY_CNX	O_CBXCNX_CBY	O_CBYCNX_CBX	(PX506,(QX1410,JU3237),NIC2152)	(PX506,(QX1410,NIC2152),JU3237)	(PX506,(JU3237,NIC2152),QX1410)
mast_hdr	JU3237	quartet_12	submodel6	1164199.9925	0.9541	0.0229	0.023	326	3.5	143127	O_CBXCBY_CNX	O_CBXCNX_CBY	O_CBYCNX_CBX	(PX506,(QX1410,JU3237),NIC2152)	(PX506,(QX1410,NIC2152),JU3237)	(PX506,(JU3237,NIC2152),QX1410)
mast_hdr	JU3237	quartet_13	submodel1	1206974.2653	0.8897	0.0552	0.0552	344	3.5	148732	O_CBXCBY_CNX	O_CBXCNX_CBY	O_CBYCNX_CBX	(PX506,(QX1410,JU3237),VX151)	(PX506,(QX1410,VX151),JU3237)	(PX506,(JU3237,VX151),QX1410)
mast_hdr	JU3237	quartet_13	submodel6	1207272.8364	0.476	0.0073	0.5167	344	3.5	148732	O_CBXCBY_CNX	O_CBXCNX_CBY	O_CBYCNX_CBX	(PX506,(QX1410,JU3237),VX151)	(PX506,(QX1410,VX151),JU3237)	(PX506,(JU3237,VX151),QX1410)
mast_hdr	JU3237	quartet_14	submodel1	1199443.5265	0.862	0.0484	0.0896	343	3.7	147693	O_CBXCBY_CNX	O_CBXCNX_CBY	O_CBYCNX_CBX	(PX506,(QX1410,JU3237),VX153)	(PX506,(QX1410,VX153),JU3237)	(PX506,(JU3237,VX153),QX1410)
mast_hdr	JU3237	quartet_14	submodel6	1199717.7639	0.51	0.4807	0.0092	343	3.7	147693	O_CBXCBY_CNX	O_CBXCNX_CBY	O_CBYCNX_CBX	(PX506,(QX1410,JU3237),VX153)	(PX506,(QX1410,VX153),JU3237)	(PX506,(JU3237,VX153),QX1410)
mast_hdr	JU3237	quartet_15	submodel1	1191722.1522	0.8848	0.0559	0.0593	335	3.6	147077	O_CBXCBY_CNX	O_CBXCNX_CBY	O_CBYCNX_CBX	(PX506,(QX1410,JU3237),YR106)	(PX506,(QX1410,YR106),JU3237)	(PX506,(JU3237,YR106),QX1410)
mast_hdr	JU3237	quartet_15	submodel6	1191968.0781	0.9524	0.0234	0.0242	335	3.6	147077	O_CBXCBY_CNX	O_CBXCNX_CBY	O_CBYCNX_CBX	(PX506,(QX1410,JU3237),YR106)	(PX506,(QX1410,YR106),JU3237)	(PX506,(JU3237,YR106),QX1410)
mast_hdr	JU3237	quartet_16	submodel1	1152786.8422	0.8871	0.0475	0.0654	328	3.4	141575	O_CBXCBY_CNX	O_CBXCNX_CBY	O_CBYCNX_CBX	(PX506,(QX1410,JU3237),ZF1220)	(PX506,(QX1410,ZF1220),JU3237)	(PX506,(JU3237,ZF1220),QX1410)
mast_hdr	JU3237	quartet_16	submodel6	1152919.0614	0.9537	0.0216	0.0248	328	3.4	141575	O_CBXCBY_CNX	O_CBXCNX_CBY	O_CBYCNX_CBX	(PX506,(QX1410,JU3237),ZF1220)	(PX506,(QX1410,ZF1220),JU3237)	(PX506,(JU3237,ZF1220),QX1410)
mast_hdr	QG4232	quartet_01	submodel1	1288242.2278	0.6064	0.0415	0.352	372	4	162976	O_CBXCBY_CNX	O_CBXCNX_CBY	O_CBYCNX_CBX	(PX506,(QX1410,QG4232),ECA2852)	(PX506,(QX1410,ECA2852),QG4232)	(PX506,(QG4232,ECA2852),QX1410)
mast_hdr	QG4232	quartet_01	submodel6	1288259.6793	0.9553	0.0233	0.0213	372	4	162976	O_CBXCBY_CNX	O_CBXCNX_CBY	O_CBYCNX_CBX	(PX506,(QX1410,QG4232),ECA2852)	(PX506,(QX1410,ECA2852),QG4232)	(PX506,(QG4232,ECA2852),QX1410)
mast_hdr	QG4232	quartet_02	submodel1	1330201.9021	0.8439	0.0375	0.1186	382	3.9	167012	O_CBXCBY_CNX	O_CBXCNX_CBY	O_CBYCNX_CBX	(PX506,(QX1410,QG4232),ECA2857)	(PX506,(QX1410,ECA2857),QG4232)	(PX506,(QG4232,ECA2857),QX1410)
mast_hdr	QG4232	quartet_02	submodel6	1330135.0562	0.9751	0.0035	0.0214	382	3.9	167012	O_CBXCBY_CNX	O_CBXCNX_CBY	O_CBYCNX_CBX	(PX506,(QX1410,QG4232),ECA2857)	(PX506,(QX1410,ECA2857),QG4232)	(PX506,(QG4232,ECA2857),QX1410)
mast_hdr	QG4232	quartet_03	submodel1	1340100.6553	0.8761	0.0383	0.0855	387	3.8	168614	O_CBXCBY_CNX	O_CBXCNX_CBY	O_CBYCNX_CBX	(PX506,(QX1410,QG4232),EG5268)	(PX506,(QX1410,EG5268),QG4232)	(PX506,(QG4232,EG5268),QX1410)
mast_hdr	QG4232	quartet_03	submodel6	1340041.4421	0.9748	0.0033	0.0219	387	3.8	168614	O_CBXCBY_CNX	O_CBXCNX_CBY	O_CBYCNX_CBX	(PX506,(QX1410,QG4232),EG5268)	(PX506,(QX1410,EG5268),QG4232)	(PX506,(QG4232,EG5268),QX1410)
mast_hdr	QG4232	quartet_04	submodel1	1354347.6318	0.9291	0.0423	0.0286	388	4	169210	O_CBXCBY_CNX	O_CBXCNX_CBY	O_CBYCNX_CBX	(PX506,(QX1410,QG4232),JU1418)	(PX506,(QX1410,JU1418),QG4232)	(PX506,(QG4232,JU1418),QX1410)
mast_hdr	QG4232	quartet_04	submodel6	1355155.6488	0.944	0.029	0.027	388	4	169210	O_CBXCBY_CNX	O_CBXCNX_CBY	O_CBYCNX_CBX	(PX506,(QX1410,QG4232),JU1418)	(PX506,(QX1410,JU1418),QG4232)	(PX506,(QG4232,JU1418),QX1410)
mast_hdr	QG4232	quartet_05	submodel1	1334272.283	0.936	0.0362	0.0278	382	4	166492	O_CBXCBY_CNX	O_CBXCNX_CBY	O_CBYCNX_CBX	(PX506,(QX1410,QG4232),JU1419)	(PX506,(QX1410,JU1419),QG4232)	(PX506,(QG4232,JU1419),QX1410)
mast_hdr	QG4232	quartet_05	submodel6	1334898.6409	0.9789	0.006	0.015	382	4	166492	O_CBXCBY_CNX	O_CBXCNX_CBY	O_CBYCNX_CBX	(PX506,(QX1410,QG4232),JU1419)	(PX506,(QX1410,JU1419),QG4232)	(PX506,(QG4232,JU1419),QX1410)
mast_hdr	QG4232	quartet_06	submodel1	1347659.7112	0.9278	0.0435	0.0287	385	4.1	168247	O_CBXCBY_CNX	O_CBXCNX_CBY	O_CBYCNX_CBX	(PX506,(QX1410,QG4232),JU1420)	(PX506,(QX1410,JU1420),QG4232)	(PX506,(QG4232,JU1420),QX1410)
mast_hdr	QG4232	quartet_06	submodel6	1348542.7338	0.9453	0.0278	0.0269	385	4.1	168247	O_CBXCBY_CNX	O_CBXCNX_CBY	O_CBYCNX_CBX	(PX506,(QX1410,QG4232),JU1420)	(PX506,(QX1410,JU1420),QG4232)	(PX506,(QG4232,JU1420),QX1410)
mast_hdr	QG4232	quartet_07	submodel1	1344745.8504	0.9316	0.0394	0.029	380	4	168016	O_CBXCBY_CNX	O_CBXCNX_CBY	O_CBYCNX_CBX	(PX506,(QX1410,QG4232),JU1422)	(PX506,(QX1410,JU1422),QG4232)	(PX506,(QG4232,JU1422),QX1410)
mast_hdr	QG4232	quartet_07	submodel6	1345493.8031	0.9452	0.0269	0.0279	380	4	168016	O_CBXCBY_CNX	O_CBXCNX_CBY	O_CBYCNX_CBX	(PX506,(QX1410,QG4232),JU1422)	(PX506,(QX1410,JU1422),QG4232)	(PX506,(QG4232,JU1422),QX1410)
mast_hdr	QG4232	quartet_08	submodel1	1324705.3386	0.9241	0.0636	0.0122	390	3.9	167515	O_CBXCBY_CNX	O_CBXCNX_CBY	O_CBYCNX_CBX	(PX506,(QX1410,QG4232),JU2484)	(PX506,(QX1410,JU2484),QG4232)	(PX506,(QG4232,JU2484),QX1410)
mast_hdr	QG4232	quartet_08	submodel6	1324964.142	0.973	0.0034	0.0236	390	3.9	167515	O_CBXCBY_CNX	O_CBXCNX_CBY	O_CBYCNX_CBX	(PX506,(QX1410,QG4232),JU2484)	(PX506,(QX1410,JU2484),QG4232)	(PX506,(QG4232,JU2484),QX1410)
mast_hdr	QG4232	quartet_09	submodel1	1398169.9412	0.9489	0.0403	0.0108	398	4	175737	O_CBXCBY_CNX	O_CBXCNX_CBY	O_CBYCNX_CBX	(PX506,(QX1410,QG4232),JU2617)	(PX506,(QX1410,JU2617),QG4232)	(PX506,(QG4232,JU2617),QX1410)
mast_hdr	QG4232	quartet_09	submodel6	1398325.6783	0.9528	0.0242	0.023	398	4	175737	O_CBXCBY_CNX	O_CBXCNX_CBY	O_CBYCNX_CBX	(PX506,(QX1410,QG4232),JU2617)	(PX506,(QX1410,JU2617),QG4232)	(PX506,(QG4232,JU2617),QX1410)
mast_hdr	QG4232	quartet_10	submodel1	1332802.0208	0.8978	0.0384	0.0639	387	4	167048	O_CBXCBY_CNX	O_CBXCNX_CBY	O_CBYCNX_CBX	(PX506,(QX1410,QG4232),NIC2143)	(PX506,(QX1410,NIC2143),QG4232)	(PX506,(QG4232,NIC2143),QX1410)
mast_hdr	QG4232	quartet_10	submodel6	1332777.4456	0.9736	0.0051	0.0214	387	4	167048	O_CBXCBY_CNX	O_CBXCNX_CBY	O_CBYCNX_CBX	(PX506,(QX1410,QG4232),NIC2143)	(PX506,(QX1410,NIC2143),QG4232)	(PX506,(QG4232,NIC2143),QX1410)
mast_hdr	QG4232	quartet_11	submodel1	1348141.0436	0.9202	0.0502	0.0296	380	4	167565	O_CBXCBY_CNX	O_CBXCNX_CBY	O_CBYCNX_CBX	(PX506,(QX1410,QG4232),NIC2150)	(PX506,(QX1410,NIC2150),QG4232)	(PX506,(QG4232,NIC2150),QX1410)
mast_hdr	QG4232	quartet_11	submodel6	1349013.847	0.9462	0.0262	0.0276	380	4	167565	O_CBXCBY_CNX	O_CBXCNX_CBY	O_CBYCNX_CBX	(PX506,(QX1410,QG4232),NIC2150)	(PX506,(QX1410,NIC2150),QG4232)	(PX506,(QG4232,NIC2150),QX1410)
mast_hdr	QG4232	quartet_12	submodel1	1306428.5818	0.9124	0.0084	0.0792	384	4.1	164949	O_CBXCBY_CNX	O_CBXCNX_CBY	O_CBYCNX_CBX	(PX506,(QX1410,QG4232),NIC2152)	(PX506,(QX1410,NIC2152),QG4232)	(PX506,(QG4232,NIC2152),QX1410)
mast_hdr	QG4232	quartet_12	submodel6	1306698.5907	0.9797	0.0078	0.0125	384	4.1	164949	O_CBXCBY_CNX	O_CBXCNX_CBY	O_CBYCNX_CBX	(PX506,(QX1410,QG4232),NIC2152)	(PX506,(QX1410,NIC2152),QG4232)	(PX506,(QG4232,NIC2152),QX1410)
mast_hdr	QG4232	quartet_13	submodel1	1300570.3808	0.9025	0.008	0.0895	379	3.9	163955	O_CBXCBY_CNX	O_CBXCNX_CBY	O_CBYCNX_CBX	(PX506,(QX1410,QG4232),VX151)	(PX506,(QX1410,VX151),QG4232)	(PX506,(QG4232,VX151),QX1410)
mast_hdr	QG4232	quartet_13	submodel6	1300890.3224	0.9532	0.0246	0.0222	379	3.9	163955	O_CBXCBY_CNX	O_CBXCNX_CBY	O_CBYCNX_CBX	(PX506,(QX1410,QG4232),VX151)	(PX506,(QX1410,VX151),QG4232)	(PX506,(QG4232,VX151),QX1410)
mast_hdr	QG4232	quartet_14	submodel1	1279805.7674	0.8776	0.041	0.0814	375	3.8	161945	O_CBXCBY_CNX	O_CBXCNX_CBY	O_CBYCNX_CBX	(PX506,(QX1410,QG4232),VX153)	(PX506,(QX1410,VX153),QG4232)	(PX506,(QG4232,VX153),QX1410)
mast_hdr	QG4232	quartet_14	submodel6	1279827.5506	0.9545	0.0242	0.0213	375	3.8	161945	O_CBXCBY_CNX	O_CBXCNX_CBY	O_CBYCNX_CBX	(PX506,(QX1410,QG4232),VX153)	(PX506,(QX1410,VX153),QG4232)	(PX506,(QG4232,VX153),QX1410)
mast_hdr	QG4232	quartet_15	submodel1	1353803.3524	0.8593	0.0363	0.1044	395	3.7	170443	O_CBXCBY_CNX	O_CBXCNX_CBY	O_CBYCNX_CBX	(PX506,(QX1410,QG4232),YR106)	(PX506,(QX1410,YR106),QG4232)	(PX506,(QG4232,YR106),QX1410)
mast_hdr	QG4232	quartet_15	submodel6	1353665.008	0.9747	0.0037	0.0216	395	3.7	170443	O_CBXCBY_CNX	O_CBXCNX_CBY	O_CBYCNX_CBX	(PX506,(QX1410,QG4232),YR106)	(PX506,(QX1410,YR106),QG4232)	(PX506,(QG4232,YR106),QX1410)
mast_hdr	QG4232	quartet_16	submodel1	1286135.4502	0.9128	0.072	0.0152	378	3.8	162021	O_CBXCBY_CNX	O_CBXCNX_CBY	O_CBYCNX_CBX	(PX506,(QX1410,QG4232),ZF1220)	(PX506,(QX1410,ZF1220),QG4232)	(PX506,(QG4232,ZF1220),QX1410)
mast_hdr	QG4232	quartet_16	submodel6	1286301.0506	0.9816	0.0037	0.0147	378	3.8	162021	O_CBXCBY_CNX	O_CBXCNX_CBY	O_CBYCNX_CBX	(PX506,(QX1410,QG4232),ZF1220)	(PX506,(QX1410,ZF1220),QG4232)	(PX506,(QG4232,ZF1220),QX1410)
