group	strain	isotype	isotype_ref_strain
0	AF16	AF16	AF16
0	PB420	AF16	AF16
1	BRC20069	BRC20069	BRC20069
2	BRC20073	BRC20073	BRC20073
3	BRC20075	BRC20075	BRC20075
4	BRC20076	BRC20390	BRC20390
4	BRC20086	BRC20390	BRC20390
4	BRC20247	BRC20390	BRC20390
4	BRC20390	BRC20390	BRC20390
4	BRC20408	BRC20390	BRC20390
4	BRC20462	BRC20390	BRC20390
4	NIC1629	BRC20390	BRC20390
4	NIC826	BRC20390	BRC20390
4	NIC876	BRC20390	BRC20390
4	NIC877	BRC20390	BRC20390
4	NIC884	BRC20390	BRC20390
5	BRC20077	BRC20077	BRC20077
6	BRC20081	BRC20081	BRC20081
7	BRC20085	BRC20085	BRC20085
8	BRC20088	BRC20088	BRC20088
9	BRC20089	BRC20089	BRC20089
10	BRC20090	BRC20090	BRC20090
11	BRC20092	BRC20092	BRC20092
12	BRC20093	BRC20093	BRC20093
13	BRC20094	BRC20094	BRC20094
14	BRC20095	BRC20095	BRC20095
15	BRC20096	BRC20096	BRC20096
16	BRC20098	BRC20098	BRC20098
17	BRC20099	BRC20099	BRC20099
18	BRC20100	BRC20100	BRC20100
19	BRC20102	BRC20102	BRC20102
20	BRC20103	BRC20103	BRC20103
21	BRC20105	BRC20105	BRC20105
22	BRC20107	BRC20107	BRC20107
23	BRC20115	BRC20115	BRC20115
23	BRC20540	BRC20115	BRC20115
24	BRC20119	BRC20119	BRC20119
25	BRC20120	NIC815	NIC815
25	NIC808	NIC815	NIC815
25	NIC809	NIC815	NIC815
25	NIC812	NIC815	NIC815
25	NIC813	NIC815	NIC815
25	NIC815	NIC815	NIC815
25	NIC820	NIC815	NIC815
25	NIC839	NIC815	NIC815
25	NIC850	NIC815	NIC815
25	NIC890	NIC815	NIC815
26	BRC20121	NIC802	NIC802
26	BRC20255	NIC802	NIC802
26	BRC20345	NIC802	NIC802
26	NIC802	NIC802	NIC802
27	BRC20122	BRC20238	BRC20238
27	BRC20236	BRC20238	BRC20238
27	BRC20237	BRC20238	BRC20238
27	BRC20238	BRC20238	BRC20238
27	NIC879	BRC20238	BRC20238
28	BRC20123	NIC805	NIC805
28	NIC805	NIC805	NIC805
28	NIC806	NIC805	NIC805
29	BRC20224	BRC20543	BRC20543
29	BRC20543	BRC20543	BRC20543
29	NIC804	BRC20543	BRC20543
29	NIC807	BRC20543	BRC20543
29	NIC810	BRC20543	BRC20543
30	BRC20228	BRC20228	BRC20228
30	ED3036	BRC20228	BRC20228
31	BRC20229	BRC20229	BRC20229
32	BRC20230	BRC20230	BRC20230
33	BRC20232	BRC20232	BRC20232
33	BRC20254	BRC20232	BRC20232
34	BRC20234	BRC20241	BRC20241
34	BRC20241	BRC20241	BRC20241
35	BRC20239	BRC20239	BRC20239
36	BRC20242	BRC20242	BRC20242
37	BRC20244	BRC20244	BRC20244
38	BRC20246	BRC20246	BRC20246
38	BRC20256	BRC20246	BRC20246
39	BRC20257	BRC20257	BRC20257
40	BRC20260	BRC20260	BRC20260
41	BRC20269	BRC20331	BRC20331
41	BRC20331	BRC20331	BRC20331
42	BRC20270	BRC20270	BRC20270
43	BRC20272	BRC20272	BRC20272
44	BRC20289	BRC20289	BRC20289
45	BRC20290	BRC20290	BRC20290
46	BRC20294	BRC20294	BRC20294
46	BRC20295	BRC20294	BRC20294
47	BRC20299	BRC20320	BRC20320
47	BRC20320	BRC20320	BRC20320
48	BRC20308	BRC20308	BRC20308
49	BRC20309	BRC20309	BRC20309
50	BRC20310	BRC20311	BRC20311
50	BRC20311	BRC20311	BRC20311
51	BRC20312	BRC20312	BRC20312
52	BRC20315	BRC20315	BRC20315
53	BRC20324	BRC20324	BRC20324
54	BRC20333	BRC20333	BRC20333
55	BRC20334	BRC20334	BRC20334
56	BRC20339	BRC20339	BRC20339
57	BRC20341	BRC20341	BRC20341
58	BRC20342	BRC20343	BRC20343
58	BRC20343	BRC20343	BRC20343
59	BRC20346	BRC20346	BRC20346
60	BRC20347	BRC20347	BRC20347
61	BRC20348	BRC20348	BRC20348
62	BRC20353	BRC20353	BRC20353
63	BRC20354	BRC20361	BRC20361
63	BRC20355	BRC20361	BRC20361
63	BRC20356	BRC20361	BRC20361
63	BRC20361	BRC20361	BRC20361
64	BRC20360	BRC20360	BRC20360
65	BRC20362	BRC20362	BRC20362
66	BRC20366	BRC20366	BRC20366
67	BRC20367	BRC20367	BRC20367
68	BRC20369	BRC20369	BRC20369
69	BRC20370	BRC20370	BRC20370
70	BRC20388	BRC20388	BRC20388
71	BRC20401	BRC20401	BRC20401
72	BRC20463	BRC20463	BRC20463
73	BRC20492	BRC20492	BRC20492
74	BRC20499	BRC20499	BRC20499
74	BRC20500	BRC20499	BRC20499
75	BRC20501	BRC20501	BRC20501
76	BRC20502	BRC20502	BRC20502
77	BRC20503	BRC20503	BRC20503
78	BRC20519	BRC20519	BRC20519
79	BRC20520	BRC20520	BRC20520
80	BRC20522	BRC20522	BRC20522
80	BRC20523	BRC20522	BRC20522
80	BRC20525	BRC20522	BRC20522
81	BRC20524	BRC20524	BRC20524
82	BRC20526	TWN1899	TWN1899
82	TWN1899	TWN1899	TWN1899
83	BRC20528	NIC779	NIC779
83	NIC779	NIC779	NIC779
84	BRC20529	BRC20529	BRC20529
85	BRC20530	BRC20530	BRC20530
86	BRC20531	BRC20531	BRC20531
87	BRC20532	BRC20532	BRC20532
88	BRC20533	BRC20533	BRC20533
89	BRC20534	BRC20534	BRC20534
90	BRC20535	BRC20535	BRC20535
91	BRC20536	BRC20536	BRC20536
92	BRC20537	BRC20537	BRC20537
93	BRC20541	BRC20541	BRC20541
93	BRC20542	BRC20541	BRC20541
94	BRC20544	BRC20544	BRC20544
95	BRC20545	BRC20545	BRC20545
96	BRC20556	BRC20556	BRC20556
97	BRC20557	BRC20557	BRC20557
98	BRC20565	BRC20565	BRC20565
99	BRC20571	BRC20571	BRC20571
100	BRC20574	BRC20574	BRC20574
101	BW287	BW287	BW287
102	DF5100	DF5100	DF5100
103	ECA1127	ECA1174	ECA1174
103	ECA1128	ECA1174	ECA1174
103	ECA1171	ECA1174	ECA1174
103	ECA1174	ECA1174	ECA1174
103	ECA1175	ECA1174	ECA1174
103	ECA1176	ECA1174	ECA1174
103	ECA1382	ECA1174	ECA1174
103	ECA1384	ECA1174	ECA1174
103	ECA188	ECA1174	ECA1174
103	ECA3029	ECA1174	ECA1174
103	ECA3031	ECA1174	ECA1174
103	ECA3056	ECA1174	ECA1174
103	ECA3059	ECA1174	ECA1174
103	ECA3061	ECA1174	ECA1174
103	ECA3109	ECA1174	ECA1174
103	ECA3515	ECA1174	ECA1174
103	ECA3521	ECA1174	ECA1174
103	ECA3522	ECA1174	ECA1174
103	ECA3544	ECA1174	ECA1174
103	ECA3545	ECA1174	ECA1174
103	ECA3552	ECA1174	ECA1174
103	ECA3553	ECA1174	ECA1174
103	ECA3555	ECA1174	ECA1174
103	ECA3557	ECA1174	ECA1174
103	ECA3648	ECA1174	ECA1174
103	ECA3649	ECA1174	ECA1174
103	ECA3650	ECA1174	ECA1174
103	ECA3651	ECA1174	ECA1174
103	ECA3652	ECA1174	ECA1174
103	ECA3653	ECA1174	ECA1174
103	ECA3669	ECA1174	ECA1174
104	ECA1129	ECA1129	ECA1129
104	ECA1130	ECA1129	ECA1129
105	ECA1143	ECA1143	ECA1143
105	ECA1144	ECA1143	ECA1143
105	ECA1145	ECA1143	ECA1143
106	ECA1146	ECA1146	ECA1146
107	ECA1147	ECA1147	ECA1147
108	ECA1148	ECA1149	ECA1149
108	ECA1149	ECA1149	ECA1149
108	ECA1150	ECA1149	ECA1149
109	ECA1151	ECA1160	ECA1160
109	ECA1152	ECA1160	ECA1160
109	ECA1153	ECA1160	ECA1160
109	ECA1154	ECA1160	ECA1160
109	ECA1155	ECA1160	ECA1160
109	ECA1156	ECA1160	ECA1160
109	ECA1160	ECA1160	ECA1160
109	ECA1161	ECA1160	ECA1160
109	ECA1162	ECA1160	ECA1160
109	ECA1163	ECA1160	ECA1160
109	ECA1165	ECA1160	ECA1160
109	ECA1607	ECA1160	ECA1160
109	ECA3520	ECA1160	ECA1160
109	ECA3540	ECA1160	ECA1160
110	ECA1157	ECA2936	ECA2936
110	ECA1158	ECA2936	ECA2936
110	ECA1159	ECA2936	ECA2936
110	ECA2499	ECA2936	ECA2936
110	ECA2501	ECA2936	ECA2936
110	ECA2503	ECA2936	ECA2936
110	ECA2505	ECA2936	ECA2936
110	ECA2507	ECA2936	ECA2936
110	ECA2511	ECA2936	ECA2936
110	ECA2513	ECA2936	ECA2936
110	ECA2515	ECA2936	ECA2936
110	ECA2892	ECA2936	ECA2936
110	ECA2893	ECA2936	ECA2936
110	ECA2936	ECA2936	ECA2936
110	ECA2937	ECA2936	ECA2936
110	JU2055	ECA2936	ECA2936
111	ECA1164	ECA1164	ECA1164
112	ECA1166	ECA1559	ECA1559
112	ECA1167	ECA1559	ECA1559
112	ECA1168	ECA1559	ECA1559
112	ECA1169	ECA1559	ECA1559
112	ECA1182	ECA1559	ECA1559
112	ECA1455	ECA1559	ECA1559
112	ECA1457	ECA1559	ECA1559
112	ECA1461	ECA1559	ECA1559
112	ECA1477	ECA1559	ECA1559
112	ECA1479	ECA1559	ECA1559
112	ECA1497	ECA1559	ECA1559
112	ECA1501	ECA1559	ECA1559
112	ECA1523	ECA1559	ECA1559
112	ECA1525	ECA1559	ECA1559
112	ECA1553	ECA1559	ECA1559
112	ECA1557	ECA1559	ECA1559
112	ECA1559	ECA1559	ECA1559
112	ECA1569	ECA1559	ECA1559
112	ECA1577	ECA1559	ECA1559
112	ECA2089	ECA1559	ECA1559
112	ECA2241	ECA1559	ECA1559
112	ECA2875	ECA1559	ECA1559
112	ECA2876	ECA1559	ECA1559
112	ECA2877	ECA1559	ECA1559
112	ECA2878	ECA1559	ECA1559
112	ECA2879	ECA1559	ECA1559
112	ECA3083	ECA1559	ECA1559
112	ECA3084	ECA1559	ECA1559
112	ECA3085	ECA1559	ECA1559
112	ECA3086	ECA1559	ECA1559
112	ECA3090	ECA1559	ECA1559
112	ECA3093	ECA1559	ECA1559
112	ECA3111	ECA1559	ECA1559
112	ECA3568	ECA1559	ECA1559
112	ECA3569	ECA1559	ECA1559
112	ECA3629	ECA1559	ECA1559
112	ECA3633	ECA1559	ECA1559
112	ECA3639	ECA1559	ECA1559
112	ECA3642	ECA1559	ECA1559
112	ECA3657	ECA1559	ECA1559
112	ECA3675	ECA1559	ECA1559
112	ECA3681	ECA1559	ECA1559
113	ECA1170	ECA1170	ECA1170
114	ECA1172	ECA1383	ECA1383
114	ECA1173	ECA1383	ECA1383
114	ECA1177	ECA1383	ECA1383
114	ECA1178	ECA1383	ECA1383
114	ECA1179	ECA1383	ECA1383
114	ECA1180	ECA1383	ECA1383
114	ECA1181	ECA1383	ECA1383
114	ECA1381	ECA1383	ECA1383
114	ECA1383	ECA1383	ECA1383
114	ECA1399	ECA1383	ECA1383
114	ECA1407	ECA1383	ECA1383
114	ECA3498	ECA1383	ECA1383
114	ECA3499	ECA1383	ECA1383
114	ECA3554	ECA1383	ECA1383
114	ECA357	ECA1383	ECA1383
114	ECA3655	ECA1383	ECA1383
114	ECA3661	ECA1383	ECA1383
114	ECA3662	ECA1383	ECA1383
114	ECA3679	ECA1383	ECA1383
114	QX1797	ECA1383	ECA1383
115	ECA1183	ECA2385	ECA2385
115	ECA2239	ECA2385	ECA2385
115	ECA2379	ECA2385	ECA2385
115	ECA2381	ECA2385	ECA2385
115	ECA2383	ECA2385	ECA2385
115	ECA2385	ECA2385	ECA2385
115	ECA2387	ECA2385	ECA2385
115	ECA2455	ECA2385	ECA2385
115	ECA2457	ECA2385	ECA2385
115	ECA2491	ECA2385	ECA2385
115	ECA2493	ECA2385	ECA2385
115	ECA2867	ECA2385	ECA2385
115	ECA2869	ECA2385	ECA2385
115	ECA2912	ECA2385	ECA2385
115	ECA3014	ECA2385	ECA2385
115	ECA3018	ECA2385	ECA2385
115	ECA3019	ECA2385	ECA2385
115	ECA3020	ECA2385	ECA2385
115	ECA3022	ECA2385	ECA2385
115	ECA3023	ECA2385	ECA2385
115	ECA3026	ECA2385	ECA2385
115	ECA3028	ECA2385	ECA2385
115	ECA3064	ECA2385	ECA2385
115	ECA3065	ECA2385	ECA2385
115	ECA3066	ECA2385	ECA2385
115	ECA3071	ECA2385	ECA2385
115	ECA360	ECA2385	ECA2385
115	ECA3683	ECA2385	ECA2385
116	ECA1387	ECA1437	ECA1437
116	ECA1434	ECA1437	ECA1437
116	ECA1435	ECA1437	ECA1437
116	ECA1437	ECA1437	ECA1437
117	ECA1411	ECA1411	ECA1411
118	ECA1423	ECA1423	ECA1423
118	ECA1425	ECA1423	ECA1423
119	ECA1427	ECA1429	ECA1429
119	ECA1429	ECA1429	ECA1429
120	ECA1431	ECA1431	ECA1431
121	ECA1439	ECA1439	ECA1439
122	ECA1443	ECA1443	ECA1443
123	ECA1459	ECA1489	ECA1489
123	ECA1469	ECA1489	ECA1489
123	ECA1487	ECA1489	ECA1489
123	ECA1489	ECA1489	ECA1489
123	ECA1491	ECA1489	ECA1489
123	ECA1499	ECA1489	ECA1489
123	ECA1505	ECA1489	ECA1489
123	ECA1573	ECA1489	ECA1489
123	ECA1589	ECA1489	ECA1489
123	ECA1591	ECA1489	ECA1489
123	ECA1593	ECA1489	ECA1489
123	ECA1595	ECA1489	ECA1489
123	ECA1597	ECA1489	ECA1489
123	ECA1601	ECA1489	ECA1489
124	ECA1471	ECA1471	ECA1471
125	ECA1473	ECA1563	ECA1563
125	ECA1475	ECA1563	ECA1563
125	ECA1527	ECA1563	ECA1563
125	ECA1535	ECA1563	ECA1563
125	ECA1537	ECA1563	ECA1563
125	ECA1539	ECA1563	ECA1563
125	ECA1541	ECA1563	ECA1563
125	ECA1563	ECA1563	ECA1563
126	ECA1483	ECA1509	ECA1509
126	ECA1485	ECA1509	ECA1509
126	ECA1509	ECA1509	ECA1509
126	ECA1511	ECA1509	ECA1509
127	ECA1495	ECA1507	ECA1507
127	ECA1507	ECA1507	ECA1507
128	ECA1503	ECA1503	ECA1503
129	ECA1513	ECA2083	ECA2083
129	ECA1529	ECA2083	ECA2083
129	ECA1531	ECA2083	ECA2083
129	ECA1533	ECA2083	ECA2083
129	ECA1543	ECA2083	ECA2083
129	ECA2083	ECA2083	ECA2083
130	ECA1517	ECA1517	ECA1517
131	ECA1521	ECA1521	ECA1521
131	ECA1561	ECA1521	ECA1521
132	ECA1545	ECA1609	ECA1609
132	ECA1565	ECA1609	ECA1609
132	ECA1567	ECA1609	ECA1609
132	ECA1575	ECA1609	ECA1609
132	ECA1609	ECA1609	ECA1609
132	ECA1627	ECA1609	ECA1609
132	ECA1629	ECA1609	ECA1609
132	ECA1631	ECA1609	ECA1609
132	ECA1773	ECA1609	ECA1609
132	ECA3539	ECA1609	ECA1609
132	ECA3541	ECA1609	ECA1609
132	ECA3563	ECA1609	ECA1609
132	ECA3564	ECA1609	ECA1609
132	ECA3567	ECA1609	ECA1609
133	ECA1547	ECA1555	ECA1555
133	ECA1549	ECA1555	ECA1555
133	ECA1551	ECA1555	ECA1555
133	ECA1555	ECA1555	ECA1555
134	ECA1571	ECA1571	ECA1571
135	ECA1587	ECA1587	ECA1587
136	ECA1605	ECA1605	ECA1605
137	ECA161	ECA161	ECA161
138	ECA1611	ECA1611	ECA1611
138	ECA1613	ECA1611	ECA1611
138	ECA1617	ECA1611	ECA1611
138	ECA1619	ECA1611	ECA1611
139	ECA1615	ECA1615	ECA1615
140	ECA162	ECA162	ECA162
141	ECA1621	ECA1621	ECA1621
141	ECA1623	ECA1621	ECA1621
141	ECA1625	ECA1621	ECA1621
142	ECA163	ECA163	ECA163
143	ECA1637	ECA1637	ECA1637
143	ECA1639	ECA1637	ECA1637
143	ECA1641	ECA1637	ECA1637
144	ECA1643	ECA2373	ECA2373
144	ECA1645	ECA2373	ECA2373
144	ECA1651	ECA2373	ECA2373
144	ECA1653	ECA2373	ECA2373
144	ECA1655	ECA2373	ECA2373
144	ECA1667	ECA2373	ECA2373
144	ECA2275	ECA2373	ECA2373
144	ECA2277	ECA2373	ECA2373
144	ECA2279	ECA2373	ECA2373
144	ECA2368	ECA2373	ECA2373
144	ECA2371	ECA2373	ECA2373
144	ECA2373	ECA2373	ECA2373
145	ECA1657	ECA1657	ECA1657
145	ECA1661	ECA1657	ECA1657
146	ECA1659	ECA2299	ECA2299
146	ECA2297	ECA2299	ECA2299
146	ECA2299	ECA2299	ECA2299
146	ECA2301	ECA2299	ECA2299
146	ECA2303	ECA2299	ECA2299
146	ECA2305	ECA2299	ECA2299
147	ECA1663	ECA1701	ECA1701
147	ECA1669	ECA1701	ECA1701
147	ECA1701	ECA1701	ECA1701
147	ECA1706	ECA1701	ECA1701
147	ECA2462	ECA1701	ECA1701
147	ECA2464	ECA1701	ECA1701
147	ECA2470	ECA1701	ECA1701
147	ECA2907	ECA1701	ECA1701
147	ECA3010	ECA1701	ECA1701
147	ECA3015	ECA1701	ECA1701
147	ECA3017	ECA1701	ECA1701
148	ECA175	ECA175	ECA175
149	ECA176	ECA176	ECA176
149	ECA179	ECA176	ECA176
149	ECA181	ECA176	ECA176
150	ECA177	ECA177	ECA177
151	ECA178	ECA183	ECA183
151	ECA183	ECA183	ECA183
152	ECA180	ECA180	ECA180
153	ECA182	ECA182	ECA182
154	ECA185	ECA185	ECA185
155	ECA186	ECA186	ECA186
156	ECA2093	ECA2093	ECA2093
157	ECA2115	ECA2115	ECA2115
158	ECA2425	ECA2425	ECA2425
159	ECA2613	ECA2663	ECA2663
159	ECA2614	ECA2663	ECA2663
159	ECA2661	ECA2663	ECA2663
159	ECA2662	ECA2663	ECA2663
159	ECA2663	ECA2663	ECA2663
160	ECA2616	ECA2623	ECA2623
160	ECA2623	ECA2623	ECA2623
161	ECA2617	ECA2617	ECA2617
161	ECA2624	ECA2617	ECA2617
162	ECA2618	ECA2618	ECA2618
163	ECA2619	ECA2621	ECA2621
163	ECA2620	ECA2621	ECA2621
163	ECA2621	ECA2621	ECA2621
163	ECA2622	ECA2621	ECA2621
163	ECA2628	ECA2621	ECA2621
163	ECA2629	ECA2621	ECA2621
163	ECA2630	ECA2621	ECA2621
163	ECA2631	ECA2621	ECA2621
163	ECA2671	ECA2621	ECA2621
164	ECA2625	ECA2625	ECA2625
164	ECA2632	ECA2625	ECA2625
165	ECA2626	ECA2626	ECA2626
165	ECA2627	ECA2626	ECA2626
166	ECA2633	ECA2647	ECA2647
166	ECA2638	ECA2647	ECA2647
166	ECA2646	ECA2647	ECA2647
166	ECA2647	ECA2647	ECA2647
166	QG4118	ECA2647	ECA2647
166	QG4119	ECA2647	ECA2647
166	QG4120	ECA2647	ECA2647
166	QG4121	ECA2647	ECA2647
166	QG4122	ECA2647	ECA2647
166	QG4123	ECA2647	ECA2647
167	ECA2634	ECA2636	ECA2636
167	ECA2635	ECA2636	ECA2636
167	ECA2636	ECA2636	ECA2636
167	ECA2668	ECA2636	ECA2636
168	ECA2637	ECA2637	ECA2637
169	ECA2639	ECA2639	ECA2639
170	ECA2645	ECA2645	ECA2645
171	ECA2664	ECA2664	ECA2664
172	ECA2666	ECA2666	ECA2666
173	ECA2667	ECA2667	ECA2667
174	ECA2669	ECA2670	ECA2670
174	ECA2670	ECA2670	ECA2670
175	ECA276	ECA276	ECA276
176	ECA277	ECA278	ECA278
176	ECA278	ECA278	ECA278
177	ECA2807	ECA2808	ECA2808
177	ECA2808	ECA2808	ECA2808
178	ECA287	ECA287	ECA287
179	ECA288	ECA288	ECA288
180	ECA2883	ECA2883	ECA2883
181	ECA2890	ECA2890	ECA2890
182	ECA2894	ECA2894	ECA2894
183	ECA2975	ECA2975	ECA2975
184	ECA3091	ECA3091	ECA3091
185	ECA343	ECA343	ECA343
185	ECA344	ECA343	ECA343
186	ECA346	ECA346	ECA346
187	ECA3500	ECA3502	ECA3502
187	ECA3501	ECA3502	ECA3502
187	ECA3502	ECA3502	ECA3502
188	ECA3503	ECA3503	ECA3503
188	ECA3504	ECA3503	ECA3503
189	ECA3505	ECA3509	ECA3509
189	ECA3506	ECA3509	ECA3509
189	ECA3507	ECA3509	ECA3509
189	ECA3508	ECA3509	ECA3509
189	ECA3509	ECA3509	ECA3509
190	ECA3707	ECA3708	ECA3708
190	ECA3708	ECA3708	ECA3708
190	ECA3709	ECA3708	ECA3708
191	ECA371	ECA371	ECA371
192	ECA3710	ECA3713	ECA3713
192	ECA3713	ECA3713	ECA3713
193	ECA3712	ECA3712	ECA3712
194	ECA3899	ECA3899	ECA3899
195	ECA4380	NIC174	NIC174
195	ECA4385	NIC174	NIC174
195	ECA4386	NIC174	NIC174
195	ECA4387	NIC174	NIC174
195	ECA4388	NIC174	NIC174
195	ECA4391	NIC174	NIC174
195	ECA4392	NIC174	NIC174
195	ECA4395	NIC174	NIC174
195	ECA4396	NIC174	NIC174
195	ECA4397	NIC174	NIC174
195	ECA4398	NIC174	NIC174
195	JU1038	NIC174	NIC174
195	JU1041	NIC174	NIC174
195	JU1042	NIC174	NIC174
195	JU1043	NIC174	NIC174
195	JU1044	NIC174	NIC174
195	JU1045	NIC174	NIC174
195	JU1046	NIC174	NIC174
195	JU1047	NIC174	NIC174
195	JU1048	NIC174	NIC174
195	JU1049	NIC174	NIC174
195	JU1205	NIC174	NIC174
195	JU1254	NIC174	NIC174
195	JU1258	NIC174	NIC174
195	JU1259	NIC174	NIC174
195	JU1260	NIC174	NIC174
195	JU1261	NIC174	NIC174
195	JU1262	NIC174	NIC174
195	JU1263	NIC174	NIC174
195	JU1264	NIC174	NIC174
195	JU1467	NIC174	NIC174
195	JU1468	NIC174	NIC174
195	JU1469	NIC174	NIC174
195	JU1470	NIC174	NIC174
195	JU1471	NIC174	NIC174
195	JU1472	NIC174	NIC174
195	JU1473	NIC174	NIC174
195	JU1474	NIC174	NIC174
195	JU1496	NIC174	NIC174
195	JU1497	NIC174	NIC174
195	JU1498	NIC174	NIC174
195	JU1499	NIC174	NIC174
195	JU1500	NIC174	NIC174
195	JU1509	NIC174	NIC174
195	JU1529	NIC174	NIC174
195	JU1533	NIC174	NIC174
195	JU1542	NIC174	NIC174
195	JU1551	NIC174	NIC174
195	JU1556	NIC174	NIC174
195	JU1560	NIC174	NIC174
195	JU1561	NIC174	NIC174
195	JU1562	NIC174	NIC174
195	JU1767	NIC174	NIC174
195	JU1775	NIC174	NIC174
195	JU1776	NIC174	NIC174
195	JU1784	NIC174	NIC174
195	JU1788	NIC174	NIC174
195	JU1789	NIC174	NIC174
195	JU1791	NIC174	NIC174
195	JU1987	NIC174	NIC174
195	JU1992	NIC174	NIC174
195	JU1993	NIC174	NIC174
195	JU1994	NIC174	NIC174
195	JU1995	NIC174	NIC174
195	JU1996	NIC174	NIC174
195	JU1997	NIC174	NIC174
195	JU1998	NIC174	NIC174
195	JU1999	NIC174	NIC174
195	JU2004	NIC174	NIC174
195	JU2032	NIC174	NIC174
195	JU2101	NIC174	NIC174
195	JU2103	NIC174	NIC174
195	JU2105	NIC174	NIC174
195	JU2142	NIC174	NIC174
195	JU2143	NIC174	NIC174
195	JU2144	NIC174	NIC174
195	JU2145	NIC174	NIC174
195	JU2164	NIC174	NIC174
195	JU2206	NIC174	NIC174
195	JU2208	NIC174	NIC174
195	JU2217	NIC174	NIC174
195	JU2218	NIC174	NIC174
195	JU2219	NIC174	NIC174
195	JU2220	NIC174	NIC174
195	JU2221	NIC174	NIC174
195	JU2222	NIC174	NIC174
195	JU2223	NIC174	NIC174
195	JU2224	NIC174	NIC174
195	JU2225	NIC174	NIC174
195	JU2226	NIC174	NIC174
195	JU2227	NIC174	NIC174
195	JU2228	NIC174	NIC174
195	JU2229	NIC174	NIC174
195	JU2233	NIC174	NIC174
195	JU2247	NIC174	NIC174
195	JU2248	NIC174	NIC174
195	JU2252	NIC174	NIC174
195	JU2256	NIC174	NIC174
195	JU2531	NIC174	NIC174
195	JU2555	NIC174	NIC174
195	JU2556	NIC174	NIC174
195	JU2562	NIC174	NIC174
195	JU2563	NIC174	NIC174
195	JU2567	NIC174	NIC174
195	JU2577	NIC174	NIC174
195	JU2579	NIC174	NIC174
195	JU2580	NIC174	NIC174
195	JU2582	NIC174	NIC174
195	JU2583	NIC174	NIC174
195	JU2584	NIC174	NIC174
195	JU2588	NIC174	NIC174
195	JU2590	NIC174	NIC174
195	JU2591	NIC174	NIC174
195	JU2594	NIC174	NIC174
195	JU2595	NIC174	NIC174
195	JU2596	NIC174	NIC174
195	JU2626	NIC174	NIC174
195	JU2754	NIC174	NIC174
195	JU2766	NIC174	NIC174
195	JU2773	NIC174	NIC174
195	JU2779	NIC174	NIC174
195	JU2786	NIC174	NIC174
195	JU279	NIC174	NIC174
195	JU2792	NIC174	NIC174
195	JU2793	NIC174	NIC174
195	JU280	NIC174	NIC174
195	JU2823	NIC174	NIC174
195	JU2824	NIC174	NIC174
195	JU2863	NIC174	NIC174
195	JU2893	NIC174	NIC174
195	JU2894	NIC174	NIC174
195	JU2905	NIC174	NIC174
195	JU296	NIC174	NIC174
195	JU3276	NIC174	NIC174
195	JU3278	NIC174	NIC174
195	JU3279	NIC174	NIC174
195	JU348	NIC174	NIC174
195	JU349	NIC174	NIC174
195	JU350	NIC174	NIC174
195	JU351	NIC174	NIC174
195	JU352	NIC174	NIC174
195	JU353	NIC174	NIC174
195	JU354	NIC174	NIC174
195	JU355	NIC174	NIC174
195	JU357	NIC174	NIC174
195	JU358	NIC174	NIC174
195	JU372	NIC174	NIC174
195	JU373	NIC174	NIC174
195	JU374	NIC174	NIC174
195	JU375	NIC174	NIC174
195	JU377	NIC174	NIC174
195	JU378	NIC174	NIC174
195	JU3784	NIC174	NIC174
195	JU379	NIC174	NIC174
195	JU380	NIC174	NIC174
195	JU381	NIC174	NIC174
195	JU382	NIC174	NIC174
195	JU383	NIC174	NIC174
195	JU403	NIC174	NIC174
195	JU404	NIC174	NIC174
195	JU405	NIC174	NIC174
195	JU4288	NIC174	NIC174
195	JU439	NIC174	NIC174
195	JU441	NIC174	NIC174
195	JU516	NIC174	NIC174
195	JU757	NIC174	NIC174
195	JU794	NIC174	NIC174
195	JU795	NIC174	NIC174
195	JU796	NIC174	NIC174
195	JU797	NIC174	NIC174
195	JU835	NIC174	NIC174
195	JU836	NIC174	NIC174
195	JU837	NIC174	NIC174
195	JU838	NIC174	NIC174
195	JU839	NIC174	NIC174
195	JU840	NIC174	NIC174
195	JU841	NIC174	NIC174
195	JU842	NIC174	NIC174
195	JU843	NIC174	NIC174
195	JU844	NIC174	NIC174
195	JU845	NIC174	NIC174
195	JU846	NIC174	NIC174
195	MY2049	NIC174	NIC174
195	MY2132	NIC174	NIC174
195	MY646	NIC174	NIC174
195	MY661	NIC174	NIC174
195	MY682	NIC174	NIC174
195	MY683	NIC174	NIC174
195	MY699	NIC174	NIC174
195	MY701	NIC174	NIC174
195	MY702	NIC174	NIC174
195	MY709	NIC174	NIC174
195	MY727	NIC174	NIC174
195	MY728	NIC174	NIC174
195	MY750	NIC174	NIC174
195	MY751	NIC174	NIC174
195	MY752	NIC174	NIC174
195	MY754	NIC174	NIC174
195	MY755	NIC174	NIC174
195	MY756	NIC174	NIC174
195	MY761	NIC174	NIC174
195	MY765	NIC174	NIC174
195	MY771	NIC174	NIC174
195	MY918	NIC174	NIC174
195	MY945	NIC174	NIC174
195	NIC1047	NIC174	NIC174
195	NIC1048	NIC174	NIC174
195	NIC1072	NIC174	NIC174
195	NIC1088	NIC174	NIC174
195	NIC1089	NIC174	NIC174
195	NIC1090	NIC174	NIC174
195	NIC1100	NIC174	NIC174
195	NIC146	NIC174	NIC174
195	NIC149	NIC174	NIC174
195	NIC151	NIC174	NIC174
195	NIC153	NIC174	NIC174
195	NIC154	NIC174	NIC174
195	NIC155	NIC174	NIC174
195	NIC156	NIC174	NIC174
195	NIC157	NIC174	NIC174
195	NIC158	NIC174	NIC174
195	NIC160	NIC174	NIC174
195	NIC161	NIC174	NIC174
195	NIC1610	NIC174	NIC174
195	NIC1618	NIC174	NIC174
195	NIC162	NIC174	NIC174
195	NIC163	NIC174	NIC174
195	NIC164	NIC174	NIC174
195	NIC167	NIC174	NIC174
195	NIC169	NIC174	NIC174
195	NIC170	NIC174	NIC174
195	NIC171	NIC174	NIC174
195	NIC173	NIC174	NIC174
195	NIC174	NIC174	NIC174
195	NIC175	NIC174	NIC174
195	NIC178	NIC174	NIC174
195	NIC179	NIC174	NIC174
195	NIC180	NIC174	NIC174
195	NIC181	NIC174	NIC174
195	NIC182	NIC174	NIC174
195	NIC185	NIC174	NIC174
195	NIC186	NIC174	NIC174
195	NIC208	NIC174	NIC174
195	NIC209	NIC174	NIC174
195	NIC2093	NIC174	NIC174
195	NIC2096	NIC174	NIC174
195	NIC2097	NIC174	NIC174
195	NIC2098	NIC174	NIC174
195	NIC2103	NIC174	NIC174
195	NIC2112	NIC174	NIC174
195	NIC2182	NIC174	NIC174
195	NIC2184	NIC174	NIC174
195	NIC2189	NIC174	NIC174
195	NIC2190	NIC174	NIC174
195	NIC2191	NIC174	NIC174
195	NIC2192	NIC174	NIC174
195	NIC2193	NIC174	NIC174
195	NIC2194	NIC174	NIC174
195	NIC2195	NIC174	NIC174
195	NIC2196	NIC174	NIC174
195	NIC2197	NIC174	NIC174
195	NIC2198	NIC174	NIC174
195	NIC2199	NIC174	NIC174
195	NIC2200	NIC174	NIC174
195	NIC243	NIC174	NIC174
195	NIC253	NIC174	NIC174
195	NIC254	NIC174	NIC174
195	NIC498	NIC174	NIC174
195	NIC5	NIC174	NIC174
195	NIC507	NIC174	NIC174
195	NIC509	NIC174	NIC174
195	NIC510	NIC174	NIC174
195	NIC6	NIC174	NIC174
196	ECA4381	JU1338	JU1338
196	JU1338	JU1338	JU1338
196	JU1339	JU1338	JU1338
196	JU1340	JU1338	JU1338
196	JU1342	JU1338	JU1338
196	JU1343	JU1338	JU1338
197	ECA4382	ECA4382	ECA4382
198	ECA4390	ECA4390	ECA4390
199	ECA4394	ECA4394	ECA4394
200	ECA4402	ECA4402	ECA4402
201	ECA569	ECA569	ECA569
202	ED3032	ED3032	ED3032
203	ED3033	ED3037	ED3037
203	ED3034	ED3037	ED3037
203	ED3035	ED3037	ED3037
203	ED3037	ED3037	ED3037
204	ED3078	ED3088	ED3088
204	ED3080	ED3088	ED3088
204	ED3082	ED3088	ED3088
204	ED3083	ED3088	ED3088
204	ED3085	ED3088	ED3088
204	ED3087	ED3088	ED3088
204	ED3088	ED3088	ED3088
204	ED3089	ED3088	ED3088
205	ED3090	ED3102	ED3102
205	ED3091	ED3102	ED3102
205	ED3092	ED3102	ED3102
205	ED3093	ED3102	ED3102
205	ED3095	ED3102	ED3102
205	ED3096	ED3102	ED3102
205	ED3097	ED3102	ED3102
205	ED3098	ED3102	ED3102
205	ED3101	ED3102	ED3102
205	ED3102	ED3102	ED3102
206	EG4181	EG4360	EG4360
206	EG4207	EG4360	EG4360
206	EG4360	EG4360	EG4360
206	EG4365	EG4360	EG4360
206	EG5715	EG4360	EG4360
206	EG5784	EG4360	EG4360
207	EG5612	EG5612	EG5612
207	EG5614	EG5612	EG5612
208	EG5613	EG5613	EG5613
209	EG6179	EG6179	EG6179
210	EG6257	EG6261	EG6261
210	EG6259	EG6261	EG6261
210	EG6261	EG6261	EG6261
210	EG6263	EG6261	EG6261
211	EG6258	EG6260	EG6260
211	EG6260	EG6260	EG6260
211	EG6262	EG6260	EG6260
211	EG6266	EG6260	EG6260
212	EG6265	EG6265	EG6265
213	EG6267	EG6267	EG6267
214	EG6271	EG6271	EG6271
215	EG6272	EG6272	EG6272
216	EG6273	EG6276	EG6276
216	EG6276	EG6276	EG6276
216	EG6313	EG6276	EG6276
216	XZ1208	EG6276	EG6276
216	XZ1209	EG6276	EG6276
217	EG6274	EG6274	EG6274
218	EG6275	EG6275	EG6275
219	EG6329	EG6329	EG6329
220	GUN124	GUN124	GUN124
221	GXW21	GXW22	GXW22
221	GXW22	GXW22	GXW22
221	GXW24	GXW22	GXW22
221	GXW25	GXW22	GXW22
221	GXW26	GXW22	GXW22
222	GXW23	GXW23	GXW23
223	HK104	HK104	HK104
223	HK105	HK104	HK104
224	HPT1	HPT37	HPT37
224	HPT37	HPT37	HPT37
225	HPT11	HPT11	HPT11
226	HPT12	HPT34	HPT34
226	HPT34	HPT34	HPT34
226	HPT6	HPT34	HPT34
227	HPT13	HPT16	HPT16
227	HPT16	HPT16	HPT16
228	HPT18	HPT18	HPT18
229	HPT19	HPT19	HPT19
230	HPT2	HPT2	HPT2
231	HPT21	HPT21	HPT21
231	HPT22	HPT21	HPT21
232	HPT23	HPT24	HPT24
232	HPT24	HPT24	HPT24
233	HPT28	HPT42	HPT42
233	HPT42	HPT42	HPT42
233	HPT45	HPT42	HPT42
234	HPT4	HPT4	HPT4
235	HPT52	HPT52	HPT52
236	HPT53	HPT53	HPT53
237	HPT54	HPT54	HPT54
237	HPT58	HPT54	HPT54
238	HPT55	HPT55	HPT55
239	HPT59	HPT59	HPT59
240	HPT60	HPT60	HPT60
241	HPT62	HPT62	HPT62
242	HPT63	HPT63	HPT63
243	HPT7	HPT7	HPT7
244	HPT8	HPT8	HPT8
245	HPT9	HPT9	HPT9
246	JU1085	JU1085	JU1085
247	JU1337	JU1337	JU1337
248	JU1341	JU1341	JU1341
249	JU1346	JU1346	JU1346
250	JU1347	JU1347	JU1347
251	JU1348	JU1348	JU1348
252	JU1375	JU1375	JU1375
253	JU1377	JU1377	JU1377
254	JU1378	JU1378	JU1378
255	JU1392	JU1392	JU1392
256	JU1399	JU1399	JU1399
257	JU1424	JU1424	JU1424
258	JU1435	JU1435	JU1435
259	JU1564	JU1564	JU1564
260	JU1637	JU1637	JU1637
261	JU1638	JU1638	JU1638
262	JU1794	JU1794	JU1794
263	JU1795	JU1795	JU1795
264	JU1799	JU1799	JU1799
265	JU1802	JU1802	JU1802
266	JU1814	JU1814	JU1814
266	NIC1306	JU1814	JU1814
267	JU1820	NIC67	NIC67
267	JU1822	NIC67	NIC67
267	JU1827	NIC67	NIC67
267	JU1828	NIC67	NIC67
267	JU1829	NIC67	NIC67
267	JU1830	NIC67	NIC67
267	JU1834	NIC67	NIC67
267	JU2044	NIC67	NIC67
267	NIC100	NIC67	NIC67
267	NIC101	NIC67	NIC67
267	NIC103	NIC67	NIC67
267	NIC106	NIC67	NIC67
267	NIC108	NIC67	NIC67
267	NIC109	NIC67	NIC67
267	NIC1261	NIC67	NIC67
267	NIC1266	NIC67	NIC67
267	NIC1287	NIC67	NIC67
267	NIC1295	NIC67	NIC67
267	NIC1296	NIC67	NIC67
267	NIC1303	NIC67	NIC67
267	NIC1351	NIC67	NIC67
267	NIC1356	NIC67	NIC67
267	NIC1373	NIC67	NIC67
267	NIC1424	NIC67	NIC67
267	NIC1479	NIC67	NIC67
267	NIC1480	NIC67	NIC67
267	NIC1481	NIC67	NIC67
267	NIC1482	NIC67	NIC67
267	NIC1483	NIC67	NIC67
267	NIC1485	NIC67	NIC67
267	NIC18	NIC67	NIC67
267	NIC23	NIC67	NIC67
267	NIC2356	NIC67	NIC67
267	NIC28	NIC67	NIC67
267	NIC29	NIC67	NIC67
267	NIC30	NIC67	NIC67
267	NIC301	NIC67	NIC67
267	NIC303	NIC67	NIC67
267	NIC317	NIC67	NIC67
267	NIC32	NIC67	NIC67
267	NIC323	NIC67	NIC67
267	NIC341	NIC67	NIC67
267	NIC358	NIC67	NIC67
267	NIC36	NIC67	NIC67
267	NIC362	NIC67	NIC67
267	NIC367	NIC67	NIC67
267	NIC37	NIC67	NIC67
267	NIC377	NIC67	NIC67
267	NIC38	NIC67	NIC67
267	NIC399	NIC67	NIC67
267	NIC40	NIC67	NIC67
267	NIC442	NIC67	NIC67
267	NIC65	NIC67	NIC67
267	NIC66	NIC67	NIC67
267	NIC67	NIC67	NIC67
267	NIC68	NIC67	NIC67
267	NIC69	NIC67	NIC67
267	NIC70	NIC67	NIC67
267	NIC71	NIC67	NIC67
267	NIC72	NIC67	NIC67
267	NIC73	NIC67	NIC67
267	NIC74	NIC67	NIC67
267	NIC75	NIC67	NIC67
267	NIC76	NIC67	NIC67
267	NIC77	NIC67	NIC67
267	NIC78	NIC67	NIC67
267	NIC79	NIC67	NIC67
267	NIC80	NIC67	NIC67
267	NIC81	NIC67	NIC67
267	NIC83	NIC67	NIC67
267	NIC84	NIC67	NIC67
267	NIC86	NIC67	NIC67
267	NIC87	NIC67	NIC67
267	NIC88	NIC67	NIC67
267	NIC89	NIC67	NIC67
267	NIC914	NIC67	NIC67
267	NIC919	NIC67	NIC67
267	NIC93	NIC67	NIC67
267	NIC95	NIC67	NIC67
267	NIC97	NIC67	NIC67
267	NIC973	NIC67	NIC67
267	NIC974	NIC67	NIC67
267	NIC979	NIC67	NIC67
267	NIC98	NIC67	NIC67
267	NIC981	NIC67	NIC67
267	NIC982	NIC67	NIC67
267	NIC998	NIC67	NIC67
268	JU1884	JU1884	JU1884
269	JU1885	JU1885	JU1885
270	JU1907	JU1907	JU1907
271	JU1908	JU1908	JU1908
272	JU1909	JU1909	JU1909
273	JU1912	JU1913	JU1913
273	JU1913	JU1913	JU1913
274	JU2045	NIC61	NIC61
274	NIC61	NIC61	NIC61
274	NIC63	NIC61	NIC61
275	JU2053	JU2053	JU2053
276	JU2054	JU2054	JU2054
277	JU2056	JU2056	JU2056
278	JU2057	JU2057	JU2057
279	JU2160	JU2160	JU2160
280	JU2162	JU2162	JU2162
281	JU2181	QR25	QR25
281	JU2182	QR25	QR25
281	JU2183	QR25	QR25
281	JU2184	QR25	QR25
281	JU2185	QR25	QR25
281	QR24	QR25	QR25
281	QR25	QR25	QR25
282	JU2214	JU2214	JU2214
283	JU2216	JU2216	JU2216
284	JU2457	JU2457	JU2457
285	JU2470	JU2470	JU2470
286	JU2471	NIC1183	NIC1183
286	NIC1131	NIC1183	NIC1183
286	NIC1139	NIC1183	NIC1183
286	NIC1143	NIC1183	NIC1183
286	NIC1182	NIC1183	NIC1183
286	NIC1183	NIC1183	NIC1183
286	NIC1186	NIC1183	NIC1183
287	JU2472	JU2472	JU2472
287	JU2473	JU2472	JU2472
288	JU2507	JU2507	JU2507
289	JU2518	JU2518	JU2518
290	JU2536	JU2536	JU2536
291	JU2618	JU2618	JU2618
292	JU2777	QG2925	QG2925
292	QG2925	QG2925	QG2925
292	QG2926	QG2925	QG2925
293	JU2799	JU2799	JU2799
294	JU2835	JU2836	JU2836
294	JU2836	JU2836	JU2836
295	JU2849	JU2849	JU2849
295	JU2850	JU2849	JU2849
296	JU2861	JU2861	JU2861
297	JU2868	JU2868	JU2868
298	JU2872	JU2872	JU2872
298	JU2873	JU2872	JU2872
299	JU2910	JU2910	JU2910
300	JU3168	JU3168	JU3168
301	JU3171	JU3171	JU3171
302	JU3199	JU3199	JU3199
303	JU3200	JU3200	JU3200
304	JU3201	JU3201	JU3201
305	JU3202	JU3202	JU3202
305	JU3205	JU3202	JU3202
306	JU3203	JU3203	JU3203
307	JU3206	JU3206	JU3206
308	JU3207	JU3207	JU3207
309	JU3237	JU3237	JU3237
310	JU3281	JU3281	JU3281
311	JU3319	JU3319	JU3319
311	JU3323	JU3319	JU3319
312	JU3321	JU3321	JU3321
313	JU3326	JU3326	JU3326
314	JU3327	JU3327	JU3327
315	JU3416	JU3416	JU3416
316	JU356	JU356	JU356
317	JU4042	JU4042	JU4042
318	JU4049	JU4051	JU4051
318	JU4051	JU4051	JU4051
319	JU4058	JU4058	JU4058
320	JU4060	JU4060	JU4060
321	JU4062	JU4062	JU4062
322	JU4064	JU4064	JU4064
323	JU4080	JU4080	JU4080
324	JU4084	JU4084	JU4084
325	JU4097	JU4097	JU4097
326	JU725	JU725	JU725
327	MY2249	MY2716	MY2716
327	MY2269	MY2716	MY2716
327	MY2271	MY2716	MY2716
327	MY2364	MY2716	MY2716
327	MY2716	MY2716	MY2716
327	MY2717	MY2716	MY2716
327	MY2748	MY2716	MY2716
327	MY800	MY2716	MY2716
327	MY801	MY2716	MY2716
328	MY2250	MY539	MY539
328	MY2270	MY539	MY539
328	MY2281	MY539	MY539
328	MY2725	MY539	MY539
328	MY539	MY539	MY539
329	MY681	MY681	MY681
330	NIC1050	NIC1050	NIC1050
330	NIC1053	NIC1050	NIC1050
331	NIC1052	NIC1052	NIC1052
332	NIC1054	NIC1054	NIC1054
333	NIC1055	NIC1055	NIC1055
333	NIC1056	NIC1055	NIC1055
334	NIC1057	NIC1057	NIC1057
335	NIC1058	NIC1058	NIC1058
336	NIC1059	NIC1059	NIC1059
337	NIC1060	NIC1060	NIC1060
338	NIC1061	NIC1062	NIC1062
338	NIC1062	NIC1062	NIC1062
338	NIC1063	NIC1062	NIC1062
338	NIC1065	NIC1062	NIC1062
338	NIC1066	NIC1062	NIC1062
339	NIC1069	NIC1069	NIC1069
340	NIC107	NIC96	NIC96
340	NIC96	NIC96	NIC96
341	NIC1103	NIC1103	NIC1103
342	NIC1104	NIC1104	NIC1104
343	NIC1106	NIC1106	NIC1106
344	NIC1117	NIC1117	NIC1117
344	NIC1118	NIC1117	NIC1117
345	NIC1123	NIC1123	NIC1123
345	NIC1134	NIC1123	NIC1123
345	NIC1189	NIC1123	NIC1123
346	NIC1124	NIC1124	NIC1124
346	NIC1154	NIC1124	NIC1124
346	NIC1158	NIC1124	NIC1124
347	NIC1125	NIC1138	NIC1138
347	NIC1138	NIC1138	NIC1138
348	NIC1135	NIC1135	NIC1135
349	NIC1141	NIC1141	NIC1141
350	NIC115	NIC115	NIC115
351	NIC116	NIC119	NIC119
351	NIC119	NIC119	NIC119
352	NIC117	NIC117	NIC117
353	NIC1185	NIC1190	NIC1190
353	NIC1190	NIC1190	NIC1190
354	NIC1202	NIC1202	NIC1202
354	NIC1203	NIC1202	NIC1202
354	NIC1206	NIC1202	NIC1202
355	NIC1204	NIC1204	NIC1204
356	NIC1205	NIC1205	NIC1205
357	NIC1217	NIC1218	NIC1218
357	NIC1218	NIC1218	NIC1218
357	NIC1219	NIC1218	NIC1218
358	NIC1220	NIC1220	NIC1220
359	NIC1221	NIC1221	NIC1221
360	NIC123	NIC123	NIC123
361	NIC1267	NIC1267	NIC1267
361	NIC1274	NIC1267	NIC1267
361	NIC1394	NIC1267	NIC1267
362	NIC1273	NIC1292	NIC1292
362	NIC1292	NIC1292	NIC1292
363	NIC1279	NIC1407	NIC1407
363	NIC1407	NIC1407	NIC1407
364	NIC1283	NIC1283	NIC1283
365	NIC1288	NIC1288	NIC1288
366	NIC1289	NIC1423	NIC1423
366	NIC1413	NIC1423	NIC1423
366	NIC1414	NIC1423	NIC1423
366	NIC1416	NIC1423	NIC1423
366	NIC1418	NIC1423	NIC1423
366	NIC1423	NIC1423	NIC1423
367	NIC1302	NIC1302	NIC1302
368	NIC1304	NIC1304	NIC1304
369	NIC1308	NIC1308	NIC1308
370	NIC1421	NIC1421	NIC1421
371	NIC1442	NIC1442	NIC1442
372	NIC1491	NIC1491	NIC1491
373	NIC1524	NIC1528	NIC1528
373	NIC1527	NIC1528	NIC1528
373	NIC1528	NIC1528	NIC1528
373	NIC1530	NIC1528	NIC1528
373	NIC1537	NIC1528	NIC1528
374	NIC1525	NIC1525	NIC1525
375	NIC1529	NIC1529	NIC1529
376	NIC1533	NIC1533	NIC1533
377	NIC1535	NIC1535	NIC1535
378	NIC1539	NIC1539	NIC1539
379	NIC1540	NIC1540	NIC1540
380	NIC1552	NIC1688	NIC1688
380	NIC1688	NIC1688	NIC1688
381	NIC1562	NIC1562	NIC1562
382	NIC1589	NIC1589	NIC1589
383	NIC1590	NIC1590	NIC1590
384	NIC1591	NIC1591	NIC1591
385	NIC1593	NIC1593	NIC1593
386	NIC1595	NIC1595	NIC1595
387	NIC1598	NIC1598	NIC1598
388	NIC1602	NIC1602	NIC1602
389	NIC1607	NIC1607	NIC1607
390	NIC1625	NIC1630	NIC1630
390	NIC1626	NIC1630	NIC1630
390	NIC1630	NIC1630	NIC1630
391	NIC1628	NIC1628	NIC1628
392	NIC1631	NIC1631	NIC1631
393	NIC1632	NIC1632	NIC1632
394	NIC1633	NIC1633	NIC1633
395	NIC1634	NIC1635	NIC1635
395	NIC1635	NIC1635	NIC1635
396	NIC1645	NIC1645	NIC1645
397	NIC1660	NIC1660	NIC1660
398	NIC1661	NIC1661	NIC1661
399	NIC1662	NIC1662	NIC1662
400	NIC1663	NIC1663	NIC1663
401	NIC1664	NIC1664	NIC1664
402	NIC1665	NIC1665	NIC1665
403	NIC1666	NIC1666	NIC1666
404	NIC1667	NIC1667	NIC1667
404	NIC1668	NIC1667	NIC1667
404	NIC1669	NIC1667	NIC1667
405	NIC1681	NIC1681	NIC1681
406	NIC1692	NIC1692	NIC1692
407	NIC1693	NIC1693	NIC1693
408	NIC17	NIC17	NIC17
409	NIC187	NIC187	NIC187
410	NIC188	NIC188	NIC188
411	NIC19	NIC19	NIC19
412	NIC191	NIC191	NIC191
413	NIC20	NIC20	NIC20
414	NIC21	NIC21	NIC21
415	NIC22	NIC22	NIC22
416	NIC2358	NIC419	NIC419
416	NIC2359	NIC419	NIC419
416	NIC292	NIC419	NIC419
416	NIC302	NIC419	NIC419
416	NIC368	NIC419	NIC419
416	NIC369	NIC419	NIC419
416	NIC373	NIC419	NIC419
416	NIC419	NIC419	NIC419
417	NIC2369	NIC2369	NIC2369
418	NIC248	NIC248	NIC248
419	NIC250	NIC250	NIC250
420	NIC2521	NIC2527	NIC2527
420	NIC2522	NIC2527	NIC2527
420	NIC2526	NIC2527	NIC2527
420	NIC2527	NIC2527	NIC2527
421	NIC309	NIC309	NIC309
422	NIC325	NIC325	NIC325
423	NIC327	NIC327	NIC327
424	NIC329	NIC329	NIC329
425	NIC330	NIC330	NIC330
426	NIC331	NIC331	NIC331
427	NIC332	NIC332	NIC332
428	NIC333	NIC333	NIC333
429	NIC340	NIC392	NIC392
429	NIC392	NIC392	NIC392
430	NIC343	NIC343	NIC343
431	NIC400	NIC400	NIC400
432	NIC402	NIC402	NIC402
433	NIC504	NIC504	NIC504
434	NIC505	NIC505	NIC505
435	NIC518	NIC518	NIC518
436	NIC519	NIC519	NIC519
437	NIC532	NIC532	NIC532
438	NIC541	NIC541	NIC541
438	NIC553	NIC541	NIC541
438	NIC554	NIC541	NIC541
439	NIC549	NIC549	NIC549
440	NIC552	NIC552	NIC552
441	NIC555	NIC555	NIC555
441	NIC556	NIC555	NIC555
441	NIC557	NIC555	NIC555
441	NIC558	NIC555	NIC555
442	NIC574	NIC574	NIC574
443	NIC576	NIC578	NIC578
443	NIC578	NIC578	NIC578
443	NIC596	NIC578	NIC578
443	NIC597	NIC578	NIC578
443	NIC599	NIC578	NIC578
444	NIC582	NIC583	NIC583
444	NIC583	NIC583	NIC583
444	NIC745	NIC583	NIC583
444	NIC757	NIC583	NIC583
445	NIC590	NIC590	NIC590
446	NIC593	NIC593	NIC593
446	NIC776	NIC593	NIC593
447	NIC60	NIC60	NIC60
447	NIC64	NIC60	NIC60
448	NIC62	NIC62	NIC62
449	NIC758	NIC758	NIC758
450	NIC777	NIC777	NIC777
451	NIC778	NIC828	NIC828
451	NIC828	NIC828	NIC828
452	NIC790	NIC790	NIC790
453	NIC791	NIC791	NIC791
454	NIC792	NIC792	NIC792
455	NIC793	NIC793	NIC793
456	NIC795	NIC795	NIC795
457	NIC796	NIC796	NIC796
458	NIC803	NIC803	NIC803
459	NIC811	NIC811	NIC811
460	NIC814	NIC814	NIC814
461	NIC816	NIC816	NIC816
461	NIC817	NIC816	NIC816
461	NIC818	NIC816	NIC816
462	NIC819	NIC819	NIC819
463	NIC821	NIC821	NIC821
463	NIC829	NIC821	NIC821
464	NIC822	NIC822	NIC822
465	NIC824	NIC824	NIC824
466	NIC825	NIC825	NIC825
467	NIC827	NIC827	NIC827
468	NIC863	NIC863	NIC863
469	NIC864	NIC864	NIC864
470	NIC865	NIC865	NIC865
471	NIC871	NIC871	NIC871
472	NIC883	NIC883	NIC883
472	NIC888	NIC883	NIC883
473	NIC889	NIC889	NIC889
474	NIC893	NIC893	NIC893
475	NIC896	NIC897	NIC897
475	NIC897	NIC897	NIC897
476	NIC899	NIC899	NIC899
477	NIC900	NIC901	NIC901
477	NIC901	NIC901	NIC901
477	NIC902	NIC901	NIC901
478	NIC911	NIC911	NIC911
479	NIC984	NIC984	NIC984
480	NIC985	NIC985	NIC985
481	PB800	PB800	PB800
482	PB826	PB857	PB857
482	PB857	PB857	PB857
482	PB858	PB857	PB857
482	PB859	PB857	PB857
482	QX1414	PB857	PB857
482	QX1545	PB857	PB857
483	PE887	PE887	PE887
484	QG1002	QG2665	QG2665
484	QG1132	QG2665	QG2665
484	QG1134	QG2665	QG2665
484	QG1139	QG2665	QG2665
484	QG1142	QG2665	QG2665
484	QG1144	QG2665	QG2665
484	QG1145	QG2665	QG2665
484	QG1146	QG2665	QG2665
484	QG1148	QG2665	QG2665
484	QG1149	QG2665	QG2665
484	QG1150	QG2665	QG2665
484	QG1151	QG2665	QG2665
484	QG1152	QG2665	QG2665
484	QG1153	QG2665	QG2665
484	QG1154	QG2665	QG2665
484	QG1156	QG2665	QG2665
484	QG2615	QG2665	QG2665
484	QG2616	QG2665	QG2665
484	QG2617	QG2665	QG2665
484	QG2618	QG2665	QG2665
484	QG2623	QG2665	QG2665
484	QG2624	QG2665	QG2665
484	QG2630	QG2665	QG2665
484	QG2631	QG2665	QG2665
484	QG2647	QG2665	QG2665
484	QG2665	QG2665	QG2665
484	QG2666	QG2665	QG2665
484	QG2689	QG2665	QG2665
484	QG2690	QG2665	QG2665
484	QG2692	QG2665	QG2665
484	QG2752	QG2665	QG2665
484	QG723	QG2665	QG2665
484	QG724	QG2665	QG2665
484	QG774	QG2665	QG2665
484	QG775	QG2665	QG2665
484	QG822	QG2665	QG2665
484	QG993	QG2665	QG2665
485	QG1005	QG1005	QG1005
485	QG928	QG1005	QG1005
486	QG1007	QG1007	QG1007
487	QG1100	QG1126	QG1126
487	QG1101	QG1126	QG1126
487	QG1102	QG1126	QG1126
487	QG1103	QG1126	QG1126
487	QG1104	QG1126	QG1126
487	QG1105	QG1126	QG1126
487	QG1106	QG1126	QG1126
487	QG1107	QG1126	QG1126
487	QG1108	QG1126	QG1126
487	QG1109	QG1126	QG1126
487	QG1113	QG1126	QG1126
487	QG1114	QG1126	QG1126
487	QG1120	QG1126	QG1126
487	QG1124	QG1126	QG1126
487	QG1126	QG1126	QG1126
487	QG1128	QG1126	QG1126
487	QG1129	QG1126	QG1126
487	QG1130	QG1126	QG1126
487	QG1131	QG1126	QG1126
487	QG2782	QG1126	QG1126
487	QG2967	QG1126	QG1126
487	QG2968	QG1126	QG1126
487	QG3002	QG1126	QG1126
487	QG3003	QG1126	QG1126
487	QG3012	QG1126	QG1126
487	QG3043	QG1126	QG1126
487	QG3044	QG1126	QG1126
487	QG3045	QG1126	QG1126
487	QG3046	QG1126	QG1126
487	QG744	QG1126	QG1126
487	QG745	QG1126	QG1126
487	QG746	QG1126	QG1126
487	QG854	QG1126	QG1126
487	QG876	QG1126	QG1126
487	QG930	QG1126	QG1126
487	QG932	QG1126	QG1126
487	QG977	QG1126	QG1126
487	QG988	QG1126	QG1126
488	QG1111	QG1111	QG1111
488	QG923	QG1111	QG1111
488	QG938	QG1111	QG1111
489	QG1125	QG888	QG888
489	QG2737	QG888	QG888
489	QG2738	QG888	QG888
489	QG2739	QG888	QG888
489	QG2740	QG888	QG888
489	QG2741	QG888	QG888
489	QG2742	QG888	QG888
489	QG882	QG888	QG888
489	QG883	QG888	QG888
489	QG884	QG888	QG888
489	QG888	QG888	QG888
489	QG889	QG888	QG888
489	QG890	QG888	QG888
489	QG941	QG888	QG888
489	QG944	QG888	QG888
489	QG985	QG888	QG888
490	QG1127	QG2969	QG2969
490	QG2969	QG2969	QG2969
490	QG2970	QG2969	QG2969
490	QG2971	QG2969	QG2969
491	QG1141	QG1141	QG1141
491	QG1143	QG1141	QG1141
492	QG1155	QG1155	QG1155
493	QG128	QG130	QG130
493	QG129	QG130	QG130
493	QG130	QG130	QG130
494	QG132	QG132	QG132
495	QG133	QG133	QG133
496	QG2621	QG2648	QG2648
496	QG2622	QG2648	QG2648
496	QG2648	QG2648	QG2648
496	QG2667	QG2648	QG2648
496	QG2669	QG2648	QG2648
496	QG2677	QG2648	QG2648
496	QG2678	QG2648	QG2648
496	QG2691	QG2648	QG2648
496	QG3015	QG2648	QG2648
496	QG3033	QG2648	QG2648
496	QG3039	QG2648	QG2648
496	QG730	QG2648	QG2648
496	QG756	QG2648	QG2648
496	QG764	QG2648	QG2648
497	QG2639	QG2736	QG2736
497	QG2714	QG2736	QG2736
497	QG2728	QG2736	QG2736
497	QG2729	QG2736	QG2736
497	QG2730	QG2736	QG2736
497	QG2731	QG2736	QG2736
497	QG2734	QG2736	QG2736
497	QG2735	QG2736	QG2736
497	QG2736	QG2736	QG2736
497	QG2777	QG2736	QG2736
497	QG2784	QG2736	QG2736
498	QG2640	QG2659	QG2659
498	QG2659	QG2659	QG2659
499	QG2641	QG2641	QG2641
500	QG2649	QG2663	QG2663
500	QG2658	QG2663	QG2663
500	QG2660	QG2663	QG2663
500	QG2663	QG2663	QG2663
500	QG2664	QG2663	QG2663
500	QG2668	QG2663	QG2663
500	QG2673	QG2663	QG2663
500	QG2682	QG2663	QG2663
500	QG2686	QG2663	QG2663
500	QG2694	QG2663	QG2663
500	QG2695	QG2663	QG2663
501	QG2657	QG2683	QG2683
501	QG2674	QG2683	QG2683
501	QG2683	QG2683	QG2683
502	QG2671	QG739	QG739
502	QG2693	QG739	QG739
502	QG739	QG739	QG739
502	QG870	QG739	QG739
502	QG872	QG739	QG739
503	QG2684	QG784	QG784
503	QG2685	QG784	QG784
503	QG725	QG784	QG784
503	QG777	QG784	QG784
503	QG782	QG784	QG784
503	QG784	QG784	QG784
503	QG810	QG784	QG784
503	QG832	QG784	QG784
503	QG934	QG784	QG784
503	QG979	QG784	QG784
504	QG2717	QG865	QG865
504	QG2718	QG865	QG865
504	QG2778	QG865	QG865
504	QG2779	QG865	QG865
504	QG2780	QG865	QG865
504	QG2781	QG865	QG865
504	QG731	QG865	QG865
504	QG735	QG865	QG865
504	QG798	QG865	QG865
504	QG814	QG865	QG865
504	QG857	QG865	QG865
504	QG865	QG865	QG865
505	QG2814	QG2814	QG2814
505	QG2815	QG2814	QG2814
506	QG2819	QG2820	QG2820
506	QG2820	QG2820	QG2820
507	QG2848	QG2848	QG2848
508	QG2880	QG2880	QG2880
509	QG2881	QG2881	QG2881
510	QG2882	QG2883	QG2883
510	QG2883	QG2883	QG2883
511	QG2884	QG2884	QG2884
511	QG2885	QG2884	QG2884
512	QG2886	QG2892	QG2892
512	QG2887	QG2892	QG2892
512	QG2888	QG2892	QG2892
512	QG2889	QG2892	QG2892
512	QG2892	QG2892	QG2892
512	QG2894	QG2892	QG2892
512	QG2900	QG2892	QG2892
512	QG2901	QG2892	QG2892
513	QG2890	QG2891	QG2891
513	QG2891	QG2891	QG2891
514	QG2893	QG2893	QG2893
515	QG2895	QG2895	QG2895
516	QG2902	QG2902	QG2902
516	QG2909	QG2902	QG2902
517	QG2903	QG2903	QG2903
518	QG2906	QG2906	QG2906
518	QG2921	QG2906	QG2906
518	QG2922	QG2906	QG2906
519	QG2908	QG2908	QG2908
520	QG2910	QG2910	QG2910
521	QG2919	QG2919	QG2919
521	QG2920	QG2919	QG2919
522	QG2923	QG2923	QG2923
522	QG2924	QG2923	QG2923
523	QG2963	QG2964	QG2964
523	QG2964	QG2964	QG2964
524	QG2966	QG2966	QG2966
525	QG2972	QG2972	QG2972
526	QG2996	QG2996	QG2996
527	QG3004	QG3004	QG3004
528	QG3006	QG3006	QG3006
529	QG3014	QG3019	QG3019
529	QG3019	QG3019	QG3019
530	QG3016	QG3034	QG3034
530	QG3017	QG3034	QG3034
530	QG3034	QG3034	QG3034
531	QG3018	QG3058	QG3058
531	QG3058	QG3058	QG3058
531	QG741	QG3058	QG3058
531	QG742	QG3058	QG3058
531	QG743	QG3058	QG3058
531	QG752	QG3058	QG3058
531	QG765	QG3058	QG3058
531	QG767	QG3058	QG3058
531	QG771	QG3058	QG3058
531	QG773	QG3058	QG3058
531	QG829	QG3058	QG3058
532	QG3020	QG3053	QG3053
532	QG3053	QG3053	QG3053
533	QG3025	QG3025	QG3025
533	QG3026	QG3025	QG3025
534	QG3028	QG3030	QG3030
534	QG3030	QG3030	QG3030
534	QG3031	QG3030	QG3030
535	QG3032	QG3032	QG3032
536	QG3041	QG3041	QG3041
537	QG3056	QG3056	QG3056
538	QG3057	QG3057	QG3057
539	QG3527	QG3527	QG3527
540	QG3661	QG3661	QG3661
541	QG3783	QG3783	QG3783
541	QG3858	QG3783	QG3783
542	QG3784	QG3837	QG3837
542	QG3787	QG3837	QG3837
542	QG3837	QG3837	QG3837
543	QG3794	QG3851	QG3851
543	QG3842	QG3851	QG3851
543	QG3851	QG3851	QG3851
544	QG3796	QG3823	QG3823
544	QG3798	QG3823	QG3823
544	QG3820	QG3823	QG3823
544	QG3822	QG3823	QG3823
544	QG3823	QG3823	QG3823
545	QG3801	QG3801	QG3801
546	QG3804	QG3875	QG3875
546	QG3866	QG3875	QG3875
546	QG3875	QG3875	QG3875
547	QG3810	QG3878	QG3878
547	QG3813	QG3878	QG3878
547	QG3819	QG3878	QG3878
547	QG3840	QG3878	QG3878
547	QG3841	QG3878	QG3878
547	QG3864	QG3878	QG3878
547	QG3878	QG3878	QG3878
547	QG3879	QG3878	QG3878
548	QG3815	QG3815	QG3815
549	QG3816	QG3816	QG3816
550	QG3825	QG3825	QG3825
551	QG3826	QG3826	QG3826
552	QG3827	QG3867	QG3867
552	QG3832	QG3867	QG3867
552	QG3867	QG3867	QG3867
553	QG3861	QG3861	QG3861
554	QG3874	QG3874	QG3874
555	QG3876	QG3876	QG3876
556	QG3920	QG3920	QG3920
557	QG3921	QG3921	QG3921
558	QG3922	QG3923	QG3923
558	QG3923	QG3923	QG3923
559	QG3924	QG3924	QG3924
560	QG3925	QG3925	QG3925
561	QG3926	QG3926	QG3926
561	QG3928	QG3926	QG3926
562	QG3927	QG3927	QG3927
563	QG3929	QG3931	QG3931
563	QG3930	QG3931	QG3931
563	QG3931	QG3931	QG3931
564	QG3932	QG3932	QG3932
565	QG3933	QG3933	QG3933
566	QG4026	QG4026	QG4026
567	QG4027	QG4028	QG4028
567	QG4028	QG4028	QG4028
567	QG4029	QG4028	QG4028
568	QG4030	QG4031	QG4031
568	QG4031	QG4031	QG4031
569	QG4058	QG4225	QG4225
569	QG4225	QG4225	QG4225
569	QG4231	QG4225	QG4225
570	QG4059	QG4063	QG4063
570	QG4061	QG4063	QG4063
570	QG4062	QG4063	QG4063
570	QG4063	QG4063	QG4063
571	QG4064	QG4064	QG4064
571	QG4066	QG4064	QG4064
572	QG4065	QG4068	QG4068
572	QG4068	QG4068	QG4068
572	QG4069	QG4068	QG4068
573	QG4067	QG4067	QG4067
574	QG4070	QG4070	QG4070
574	QG4071	QG4070	QG4070
574	QG4072	QG4070	QG4070
574	QG4073	QG4070	QG4070
574	QG4074	QG4070	QG4070
574	QG4075	QG4070	QG4070
575	QG4093	QG4093	QG4093
576	QG4094	QG4094	QG4094
577	QG4095	QG4095	QG4095
577	QG4209	QG4095	QG4095
577	QG4211	QG4095	QG4095
578	QG4096	QG4096	QG4096
578	QG4098	QG4096	QG4096
578	QG4101	QG4096	QG4096
579	QG4097	QG4097	QG4097
579	QG4099	QG4097	QG4097
579	QG4100	QG4097	QG4097
579	QG4113	QG4097	QG4097
579	QG4212	QG4097	QG4097
579	QG4213	QG4097	QG4097
580	QG4104	QG4104	QG4104
581	QG4112	QG4114	QG4114
581	QG4114	QG4114	QG4114
581	QG4115	QG4114	QG4114
581	QG4116	QG4114	QG4114
581	QG4117	QG4114	QG4114
582	QG4128	QG4131	QG4131
582	QG4129	QG4131	QG4131
582	QG4130	QG4131	QG4131
582	QG4131	QG4131	QG4131
582	QG4133	QG4131	QG4131
583	QG4132	QG4132	QG4132
584	QG4206	QG4208	QG4208
584	QG4207	QG4208	QG4208
584	QG4208	QG4208	QG4208
584	QG4210	QG4208	QG4208
585	QG4214	QG4214	QG4214
586	QG4232	QG4232	QG4232
587	QG4233	QG4233	QG4233
588	QG4630	QG5348	QG5348
588	QG4733	QG5348	QG5348
588	QG4924	QG5348	QG5348
588	QG5169	QG5348	QG5348
588	QG5170	QG5348	QG5348
588	QG5180	QG5348	QG5348
588	QG5197	QG5348	QG5348
588	QG5198	QG5348	QG5348
588	QG5348	QG5348	QG5348
588	QG5556	QG5348	QG5348
589	QG4637	QG4742	QG4742
589	QG4742	QG4742	QG4742
589	QG4876	QG4742	QG4742
589	QG4880	QG4742	QG4742
589	QG4896	QG4742	QG4742
590	QG4647	QG4647	QG4647
590	QG5149	QG4647	QG4647
591	QG4648	QG4648	QG4648
592	QG4661	QG5525	QG5525
592	QG5525	QG5525	QG5525
593	QG4681	QG5612	QG5612
593	QG5187	QG5612	QG5612
593	QG5612	QG5612	QG5612
593	QG5657	QG5612	QG5612
594	QG4682	QG4718	QG4718
594	QG4718	QG4718	QG4718
594	QG4790	QG4718	QG4718
594	QG4996	QG4718	QG4718
594	QG5277	QG4718	QG4718
594	QG5284	QG4718	QG4718
594	QG5286	QG4718	QG4718
594	QG5290	QG4718	QG4718
594	QG5314	QG4718	QG4718
594	QG5506	QG4718	QG4718
595	QG4683	QG4683	QG4683
595	QG5094	QG4683	QG4683
595	QG5166	QG4683	QG4683
595	QG5179	QG4683	QG4683
595	QG5205	QG4683	QG4683
595	QG5369	QG4683	QG4683
595	QG5577	QG4683	QG4683
595	QG5631	QG4683	QG4683
596	QG4698	QG5507	QG5507
596	QG5008	QG5507	QG5507
596	QG5295	QG5507	QG5507
596	QG5507	QG5507	QG5507
596	QG5531	QG5507	QG5507
596	QG5534	QG5507	QG5507
596	QG5539	QG5507	QG5507
597	QG4700	QG4701	QG4701
597	QG4701	QG4701	QG4701
597	QG4944	QG4701	QG4701
597	QG4947	QG4701	QG4701
598	QG4706	QG4706	QG4706
598	QG4952	QG4706	QG4706
598	QG4953	QG4706	QG4706
598	QG4956	QG4706	QG4706
598	QG4968	QG4706	QG4706
598	QG5300	QG4706	QG4706
598	QG5351	QG4706	QG4706
599	QG4715	QG5474	QG5474
599	QG5103	QG5474	QG5474
599	QG5471	QG5474	QG5474
599	QG5474	QG5474	QG5474
599	QG5580	QG5474	QG5474
599	QG5581	QG5474	QG5474
599	QG5582	QG5474	QG5474
600	QG4805	QG4805	QG4805
601	QG4838	QG4847	QG4847
601	QG4847	QG4847	QG4847
602	QG4954	QG4966	QG4966
602	QG4966	QG4966	QG4966
603	QG5150	QG5633	QG5633
603	QG5153	QG5633	QG5633
603	QG5578	QG5633	QG5633
603	QG5579	QG5633	QG5633
603	QG5632	QG5633	QG5633
603	QG5633	QG5633	QG5633
604	QG5406	QG5406	QG5406
605	QG547	QG547	QG547
606	QG5485	QG5603	QG5603
606	QG5512	QG5603	QG5603
606	QG5603	QG5603	QG5603
606	QG5604	QG5603	QG5603
607	QG5488	QG5488	QG5488
608	QG550	QG550	QG550
609	QG5589	QG5589	QG5589
610	QG5611	QG5611	QG5611
611	QG570	QG581	QG581
611	QG571	QG581	QG581
611	QG572	QG581	QG581
611	QG573	QG581	QG581
611	QG574	QG581	QG581
611	QG575	QG581	QG581
611	QG576	QG581	QG581
611	QG577	QG581	QG581
611	QG578	QG581	QG581
611	QG579	QG581	QG581
611	QG581	QG581	QG581
612	QG584	QG588	QG588
612	QG585	QG588	QG588
612	QG586	QG588	QG588
612	QG587	QG588	QG588
612	QG588	QG588	QG588
612	QG589	QG588	QG588
613	QG700	QG700	QG700
614	QG726	QG868	QG868
614	QG868	QG868	QG868
615	QG727	QG727	QG727
615	QG831	QG727	QG727
615	QG861	QG727	QG727
615	QG877	QG727	QG727
616	QG728	QG825	QG825
616	QG824	QG825	QG825
616	QG825	QG825	QG825
616	QG830	QG825	QG825
617	QG733	QG733	QG733
618	QG734	QG864	QG864
618	QG864	QG864	QG864
619	QG736	QG736	QG736
620	QG737	QG737	QG737
620	QG873	QG737	QG737
621	QG738	QG809	QG809
621	QG809	QG809	QG809
622	QG740	QG875	QG875
622	QG875	QG875	QG875
623	QG747	QG763	QG763
623	QG748	QG763	QG763
623	QG749	QG763	QG763
623	QG750	QG763	QG763
623	QG753	QG763	QG763
623	QG754	QG763	QG763
623	QG755	QG763	QG763
623	QG758	QG763	QG763
623	QG759	QG763	QG763
623	QG762	QG763	QG763
623	QG763	QG763	QG763
623	QG766	QG763	QG763
623	QG769	QG763	QG763
624	QG757	QG937	QG937
624	QG936	QG937	QG937
624	QG937	QG937	QG937
625	QG760	QG761	QG761
625	QG761	QG761	QG761
626	QG770	QG858	QG858
626	QG858	QG858	QG858
626	QG859	QG858	QG858
627	QG776	QG776	QG776
628	QG778	QG791	QG791
628	QG779	QG791	QG791
628	QG783	QG791	QG791
628	QG785	QG791	QG791
628	QG789	QG791	QG791
628	QG791	QG791	QG791
628	QG816	QG791	QG791
629	QG780	QG991	QG991
629	QG991	QG991	QG991
629	QG992	QG991	QG991
630	QG781	QG781	QG781
630	QG793	QG781	QG781
630	QG813	QG781	QG781
631	QG786	QG786	QG786
631	QG792	QG786	QG786
632	QG787	QG980	QG980
632	QG980	QG980	QG980
633	QG788	QG788	QG788
633	QG812	QG788	QG788
634	QG790	QG790	QG790
635	QG794	QG795	QG795
635	QG795	QG795	QG795
636	QG796	QG978	QG978
636	QG799	QG978	QG978
636	QG803	QG978	QG978
636	QG805	QG978	QG978
636	QG811	QG978	QG978
636	QG815	QG978	QG978
636	QG819	QG978	QG978
636	QG973	QG978	QG978
636	QG978	QG978	QG978
637	QG797	QG797	QG797
638	QG802	QG802	QG802
639	QG804	QG804	QG804
640	QG806	QG806	QG806
641	QG807	QG807	QG807
642	QG808	QG808	QG808
643	QG826	QG874	QG874
643	QG874	QG874	QG874
644	QG827	QG827	QG827
645	QG828	QG828	QG828
646	QG833	QG833	QG833
647	QG855	QG855	QG855
648	QG856	QG856	QG856
649	QG860	QG860	QG860
650	QG866	QG866	QG866
650	QG869	QG866	QG866
651	QG867	QG878	QG878
651	QG878	QG878	QG878
652	QG879	QG879	QG879
653	QG880	QG880	QG880
654	QG881	QG881	QG881
655	QG885	QG887	QG887
655	QG886	QG887	QG887
655	QG887	QG887	QG887
655	QG982	QG887	QG887
655	QG983	QG887	QG887
656	QG924	QG998	QG998
656	QG925	QG998	QG998
656	QG931	QG998	QG998
656	QG939	QG998	QG998
656	QG998	QG998	QG998
657	QG926	QG926	QG926
658	QG927	QG927	QG927
659	QG933	QG933	QG933
660	QG945	QG945	QG945
661	QG946	QG946	QG946
662	QG947	QG947	QG947
663	QG948	QG948	QG948
664	QG949	QG986	QG986
664	QG950	QG986	QG986
664	QG951	QG986	QG986
664	QG986	QG986	QG986
664	QG996	QG986	QG986
665	QG952	QG952	QG952
666	QG994	QG994	QG994
667	QG995	QG995	QG995
668	QG997	QG997	QG997
669	QX1410	QX1410	QX1410
670	QX1547	QX1547	QX1547
671	QX1795	QX1795	QX1795
672	QX1796	QX1796	QX1796
673	QX1798	QX1798	QX1798
674	QX1800	QX1800	QX1800
675	QX1801	QX1801	QX1801
676	QX1802	QX1802	QX1802
677	QX1803	QX1803	QX1803
678	QX1804	QX1804	QX1804
679	SOW18	SOW18	SOW18
680	SOW21	SOW21	SOW21
681	SOW22	SOW22	SOW22
682	TT3407	TT3411	TT3411
682	TT3411	TT3411	TT3411
683	TT3408	TT3408	TT3408
684	TWN1772	TWN1772	TWN1772
685	TWN1824	TWN1824	TWN1824
686	TWN1907	TWN1907	TWN1907
687	TWN2919	TWN2919	TWN2919
688	TWN3077	TWN3077	TWN3077
689	UH1	UH1	UH1
690	VSL2201	VSL2201	VSL2201
691	VSL2207	VSL2207	VSL2207
692	VSL2208	VSL2213	VSL2213
692	VSL2211	VSL2213	VSL2213
692	VSL2213	VSL2213	VSL2213
693	VSL2209	VSL2209	VSL2209
694	VSL2210	VSL2210	VSL2210
695	VSL2212	VSL2212	VSL2212
696	VSL2215	VSL2215	VSL2215
697	VSL2216	VSL2216	VSL2216
698	VSL2217	VSL2217	VSL2217
699	VSL2219	VSL2219	VSL2219
700	VT847	VT847	VT847
701	VX34	VX34	VX34
702	XZ1204	XZ1204	XZ1204
702	XZ1211	XZ1204	XZ1204
703	XZ1205	XZ1205	XZ1205
704	XZ1206	XZ1206	XZ1206
705	XZ1207	XZ1207	XZ1207
706	XZ1210	XZ1210	XZ1210
707	XZ1212	XZ1212	XZ1212
708	XZ1213	XZ1213	XZ1213
709	XZ1731	XZ1731	XZ1731
710	XZ1732	XZ1732	XZ1732
710	XZ1733	XZ1732	XZ1732
711	ZZY0992	ZZY0992	ZZY0992
712	ZZY1034	ZZY1034	ZZY1034
713	ZZY1075	ZZY1075	ZZY1075
714	ZZY1123	ZZY1123	ZZY1123
715	ZZY1130	ZZY1130	ZZY1130
716	ZZY405	ZZY405	ZZY405
