group	strain	isotype	isotype_ref_strain
0	AF16	AF16	AF16
0	ECA3738	AF16	AF16
0	PB420	AF16	AF16
1	BRC20069	BRC20069	BRC20069
2	BRC20073	BRC20073	BRC20073
3	BRC20075	BRC20075	BRC20075
4	BRC20076	BRC20390	BRC20390
4	BRC20086	BRC20390	BRC20390
4	BRC20247	BRC20390	BRC20390
4	BRC20390	BRC20390	BRC20390
4	BRC20408	BRC20390	BRC20390
4	BRC20462	BRC20390	BRC20390
4	NIC1629	BRC20390	BRC20390
4	NIC826	BRC20390	BRC20390
4	NIC876	BRC20390	BRC20390
4	NIC877	BRC20390	BRC20390
4	NIC884	BRC20390	BRC20390
5	BRC20077	BRC20077	BRC20077
6	BRC20081	BRC20081	BRC20081
7	BRC20085	BRC20085	BRC20085
8	BRC20088	BRC20088	BRC20088
9	BRC20089	BRC20089	BRC20089
10	BRC20090	BRC20090	BRC20090
11	BRC20092	BRC20092	BRC20092
12	BRC20093	BRC20093	BRC20093
13	BRC20094	BRC20094	BRC20094
14	BRC20095	BRC20095	BRC20095
15	BRC20096	BRC20096	BRC20096
16	BRC20098	BRC20098	BRC20098
17	BRC20099	BRC20099	BRC20099
18	BRC20100	BRC20100	BRC20100
19	BRC20102	BRC20102	BRC20102
20	BRC20103	BRC20103	BRC20103
21	BRC20105	BRC20105	BRC20105
22	BRC20107	BRC20107	BRC20107
23	BRC20115	BRC20115	BRC20115
23	BRC20540	BRC20115	BRC20115
24	BRC20119	BRC20119	BRC20119
25	BRC20120	NIC815	NIC815
25	NIC808	NIC815	NIC815
25	NIC809	NIC815	NIC815
25	NIC812	NIC815	NIC815
25	NIC813	NIC815	NIC815
25	NIC815	NIC815	NIC815
25	NIC820	NIC815	NIC815
25	NIC839	NIC815	NIC815
25	NIC850	NIC815	NIC815
25	NIC890	NIC815	NIC815
26	BRC20121	NIC802	NIC802
26	BRC20255	NIC802	NIC802
26	BRC20345	NIC802	NIC802
26	NIC802	NIC802	NIC802
27	BRC20122	BRC20238	BRC20238
27	BRC20236	BRC20238	BRC20238
27	BRC20237	BRC20238	BRC20238
27	BRC20238	BRC20238	BRC20238
27	NIC879	BRC20238	BRC20238
28	BRC20123	NIC805	NIC805
28	NIC805	NIC805	NIC805
28	NIC806	NIC805	NIC805
29	BRC20224	BRC20543	BRC20543
29	BRC20543	BRC20543	BRC20543
29	NIC804	BRC20543	BRC20543
29	NIC807	BRC20543	BRC20543
29	NIC810	BRC20543	BRC20543
30	BRC20228	BRC20228	BRC20228
30	ED3036	BRC20228	BRC20228
31	BRC20229	BRC20229	BRC20229
32	BRC20230	BRC20230	BRC20230
33	BRC20232	BRC20232	BRC20232
33	BRC20254	BRC20232	BRC20232
34	BRC20234	BRC20241	BRC20241
34	BRC20241	BRC20241	BRC20241
35	BRC20239	BRC20239	BRC20239
36	BRC20242	BRC20242	BRC20242
37	BRC20244	BRC20244	BRC20244
38	BRC20246	BRC20246	BRC20246
38	BRC20256	BRC20246	BRC20246
39	BRC20257	BRC20257	BRC20257
40	BRC20260	BRC20260	BRC20260
41	BRC20269	BRC20331	BRC20331
41	BRC20331	BRC20331	BRC20331
42	BRC20270	BRC20270	BRC20270
43	BRC20272	BRC20272	BRC20272
44	BRC20289	BRC20289	BRC20289
45	BRC20290	BRC20290	BRC20290
46	BRC20294	BRC20294	BRC20294
46	BRC20295	BRC20294	BRC20294
47	BRC20299	BRC20320	BRC20320
47	BRC20320	BRC20320	BRC20320
48	BRC20308	BRC20308	BRC20308
49	BRC20309	BRC20309	BRC20309
50	BRC20310	BRC20311	BRC20311
50	BRC20311	BRC20311	BRC20311
51	BRC20312	BRC20312	BRC20312
52	BRC20315	BRC20315	BRC20315
53	BRC20324	BRC20324	BRC20324
54	BRC20333	BRC20333	BRC20333
55	BRC20334	BRC20334	BRC20334
56	BRC20339	BRC20339	BRC20339
57	BRC20341	BRC20341	BRC20341
58	BRC20342	BRC20343	BRC20343
58	BRC20343	BRC20343	BRC20343
59	BRC20346	BRC20346	BRC20346
60	BRC20347	BRC20347	BRC20347
61	BRC20348	BRC20348	BRC20348
62	BRC20353	BRC20353	BRC20353
63	BRC20354	BRC20361	BRC20361
63	BRC20355	BRC20361	BRC20361
63	BRC20356	BRC20361	BRC20361
63	BRC20361	BRC20361	BRC20361
64	BRC20360	BRC20360	BRC20360
65	BRC20362	BRC20362	BRC20362
66	BRC20366	BRC20366	BRC20366
67	BRC20367	BRC20367	BRC20367
68	BRC20369	BRC20369	BRC20369
69	BRC20370	BRC20370	BRC20370
70	BRC20388	BRC20388	BRC20388
71	BRC20401	BRC20401	BRC20401
72	BRC20463	BRC20463	BRC20463
73	BRC20492	BRC20492	BRC20492
74	BRC20498	BRC20498	BRC20498
74	JU4099	BRC20498	BRC20498
75	BRC20499	BRC20499	BRC20499
75	BRC20500	BRC20499	BRC20499
76	BRC20501	BRC20501	BRC20501
77	BRC20502	BRC20502	BRC20502
78	BRC20503	BRC20503	BRC20503
79	BRC20519	BRC20519	BRC20519
80	BRC20520	BRC20520	BRC20520
81	BRC20522	BRC20522	BRC20522
81	BRC20523	BRC20522	BRC20522
81	BRC20525	BRC20522	BRC20522
82	BRC20524	BRC20524	BRC20524
83	BRC20526	TWN1899	TWN1899
83	TWN1899	TWN1899	TWN1899
84	BRC20528	NIC779	NIC779
84	NIC779	NIC779	NIC779
85	BRC20529	BRC20529	BRC20529
86	BRC20530	BRC20530	BRC20530
87	BRC20531	BRC20531	BRC20531
88	BRC20532	BRC20532	BRC20532
89	BRC20533	BRC20533	BRC20533
90	BRC20534	BRC20534	BRC20534
91	BRC20535	BRC20535	BRC20535
92	BRC20536	BRC20536	BRC20536
93	BRC20537	BRC20537	BRC20537
94	BRC20541	BRC20541	BRC20541
94	BRC20542	BRC20541	BRC20541
95	BRC20544	BRC20544	BRC20544
96	BRC20545	BRC20545	BRC20545
97	BRC20556	BRC20556	BRC20556
98	BRC20557	BRC20557	BRC20557
99	BRC20565	BRC20565	BRC20565
100	BRC20571	BRC20571	BRC20571
101	BRC20574	BRC20574	BRC20574
102	BW287	BW287	BW287
103	DF5100	DF5100	DF5100
104	ECA1127	ECA1174	ECA1174
104	ECA1128	ECA1174	ECA1174
104	ECA1171	ECA1174	ECA1174
104	ECA1174	ECA1174	ECA1174
104	ECA1175	ECA1174	ECA1174
104	ECA1176	ECA1174	ECA1174
104	ECA1382	ECA1174	ECA1174
104	ECA1384	ECA1174	ECA1174
104	ECA188	ECA1174	ECA1174
104	ECA3029	ECA1174	ECA1174
104	ECA3031	ECA1174	ECA1174
104	ECA3056	ECA1174	ECA1174
104	ECA3059	ECA1174	ECA1174
104	ECA3061	ECA1174	ECA1174
104	ECA3109	ECA1174	ECA1174
104	ECA3515	ECA1174	ECA1174
104	ECA3521	ECA1174	ECA1174
104	ECA3522	ECA1174	ECA1174
104	ECA3544	ECA1174	ECA1174
104	ECA3545	ECA1174	ECA1174
104	ECA3552	ECA1174	ECA1174
104	ECA3553	ECA1174	ECA1174
104	ECA3555	ECA1174	ECA1174
104	ECA3557	ECA1174	ECA1174
104	ECA3648	ECA1174	ECA1174
104	ECA3649	ECA1174	ECA1174
104	ECA3650	ECA1174	ECA1174
104	ECA3651	ECA1174	ECA1174
104	ECA3652	ECA1174	ECA1174
104	ECA3653	ECA1174	ECA1174
104	ECA3669	ECA1174	ECA1174
105	ECA1129	ECA1129	ECA1129
105	ECA1130	ECA1129	ECA1129
106	ECA1143	ECA1143	ECA1143
106	ECA1144	ECA1143	ECA1143
106	ECA1145	ECA1143	ECA1143
107	ECA1146	ECA1146	ECA1146
108	ECA1147	ECA1147	ECA1147
109	ECA1148	ECA1149	ECA1149
109	ECA1149	ECA1149	ECA1149
109	ECA1150	ECA1149	ECA1149
110	ECA1151	ECA1160	ECA1160
110	ECA1152	ECA1160	ECA1160
110	ECA1153	ECA1160	ECA1160
110	ECA1154	ECA1160	ECA1160
110	ECA1155	ECA1160	ECA1160
110	ECA1156	ECA1160	ECA1160
110	ECA1160	ECA1160	ECA1160
110	ECA1161	ECA1160	ECA1160
110	ECA1162	ECA1160	ECA1160
110	ECA1163	ECA1160	ECA1160
110	ECA1165	ECA1160	ECA1160
110	ECA1607	ECA1160	ECA1160
110	ECA3520	ECA1160	ECA1160
110	ECA3540	ECA1160	ECA1160
111	ECA1157	EG6268	EG6268
111	ECA1158	EG6268	EG6268
111	ECA1159	EG6268	EG6268
111	ECA2499	EG6268	EG6268
111	ECA2501	EG6268	EG6268
111	ECA2503	EG6268	EG6268
111	ECA2505	EG6268	EG6268
111	ECA2507	EG6268	EG6268
111	ECA2511	EG6268	EG6268
111	ECA2513	EG6268	EG6268
111	ECA2515	EG6268	EG6268
111	ECA2892	EG6268	EG6268
111	ECA2893	EG6268	EG6268
111	ECA2936	EG6268	EG6268
111	ECA2937	EG6268	EG6268
111	EG6268	EG6268	EG6268
111	EG6269	EG6268	EG6268
111	EG6270	EG6268	EG6268
111	JU2055	EG6268	EG6268
111	YR88	EG6268	EG6268
112	ECA1164	ECA1164	ECA1164
113	ECA1166	ECA1559	ECA1559
113	ECA1167	ECA1559	ECA1559
113	ECA1168	ECA1559	ECA1559
113	ECA1169	ECA1559	ECA1559
113	ECA1182	ECA1559	ECA1559
113	ECA1455	ECA1559	ECA1559
113	ECA1457	ECA1559	ECA1559
113	ECA1461	ECA1559	ECA1559
113	ECA1477	ECA1559	ECA1559
113	ECA1479	ECA1559	ECA1559
113	ECA1497	ECA1559	ECA1559
113	ECA1501	ECA1559	ECA1559
113	ECA1523	ECA1559	ECA1559
113	ECA1525	ECA1559	ECA1559
113	ECA1553	ECA1559	ECA1559
113	ECA1557	ECA1559	ECA1559
113	ECA1559	ECA1559	ECA1559
113	ECA1569	ECA1559	ECA1559
113	ECA1577	ECA1559	ECA1559
113	ECA2089	ECA1559	ECA1559
113	ECA2241	ECA1559	ECA1559
113	ECA2875	ECA1559	ECA1559
113	ECA2876	ECA1559	ECA1559
113	ECA2877	ECA1559	ECA1559
113	ECA2878	ECA1559	ECA1559
113	ECA2879	ECA1559	ECA1559
113	ECA3083	ECA1559	ECA1559
113	ECA3084	ECA1559	ECA1559
113	ECA3085	ECA1559	ECA1559
113	ECA3086	ECA1559	ECA1559
113	ECA3090	ECA1559	ECA1559
113	ECA3093	ECA1559	ECA1559
113	ECA3111	ECA1559	ECA1559
113	ECA3568	ECA1559	ECA1559
113	ECA3569	ECA1559	ECA1559
113	ECA3629	ECA1559	ECA1559
113	ECA3633	ECA1559	ECA1559
113	ECA3639	ECA1559	ECA1559
113	ECA3642	ECA1559	ECA1559
113	ECA3657	ECA1559	ECA1559
113	ECA3675	ECA1559	ECA1559
113	ECA3681	ECA1559	ECA1559
114	ECA1170	ECA1170	ECA1170
115	ECA1172	ECA1383	ECA1383
115	ECA1173	ECA1383	ECA1383
115	ECA1177	ECA1383	ECA1383
115	ECA1178	ECA1383	ECA1383
115	ECA1179	ECA1383	ECA1383
115	ECA1180	ECA1383	ECA1383
115	ECA1181	ECA1383	ECA1383
115	ECA1381	ECA1383	ECA1383
115	ECA1383	ECA1383	ECA1383
115	ECA1399	ECA1383	ECA1383
115	ECA1407	ECA1383	ECA1383
115	ECA3498	ECA1383	ECA1383
115	ECA3499	ECA1383	ECA1383
115	ECA3554	ECA1383	ECA1383
115	ECA357	ECA1383	ECA1383
115	ECA3655	ECA1383	ECA1383
115	ECA3661	ECA1383	ECA1383
115	ECA3662	ECA1383	ECA1383
115	ECA3679	ECA1383	ECA1383
115	QX1797	ECA1383	ECA1383
116	ECA1183	ECA2385	ECA2385
116	ECA2239	ECA2385	ECA2385
116	ECA2379	ECA2385	ECA2385
116	ECA2381	ECA2385	ECA2385
116	ECA2383	ECA2385	ECA2385
116	ECA2385	ECA2385	ECA2385
116	ECA2387	ECA2385	ECA2385
116	ECA2455	ECA2385	ECA2385
116	ECA2457	ECA2385	ECA2385
116	ECA2491	ECA2385	ECA2385
116	ECA2493	ECA2385	ECA2385
116	ECA2867	ECA2385	ECA2385
116	ECA2869	ECA2385	ECA2385
116	ECA2912	ECA2385	ECA2385
116	ECA3014	ECA2385	ECA2385
116	ECA3018	ECA2385	ECA2385
116	ECA3019	ECA2385	ECA2385
116	ECA3020	ECA2385	ECA2385
116	ECA3022	ECA2385	ECA2385
116	ECA3023	ECA2385	ECA2385
116	ECA3026	ECA2385	ECA2385
116	ECA3028	ECA2385	ECA2385
116	ECA3064	ECA2385	ECA2385
116	ECA3065	ECA2385	ECA2385
116	ECA3066	ECA2385	ECA2385
116	ECA3071	ECA2385	ECA2385
116	ECA360	ECA2385	ECA2385
116	ECA3683	ECA2385	ECA2385
117	ECA1387	ECA1437	ECA1437
117	ECA1434	ECA1437	ECA1437
117	ECA1435	ECA1437	ECA1437
117	ECA1437	ECA1437	ECA1437
118	ECA1411	ECA1411	ECA1411
119	ECA1423	ECA1423	ECA1423
119	ECA1425	ECA1423	ECA1423
120	ECA1427	ECA1429	ECA1429
120	ECA1429	ECA1429	ECA1429
121	ECA1431	ECA1431	ECA1431
122	ECA1439	ECA1439	ECA1439
123	ECA1443	ECA1443	ECA1443
124	ECA1459	ECA1489	ECA1489
124	ECA1469	ECA1489	ECA1489
124	ECA1487	ECA1489	ECA1489
124	ECA1489	ECA1489	ECA1489
124	ECA1491	ECA1489	ECA1489
124	ECA1499	ECA1489	ECA1489
124	ECA1505	ECA1489	ECA1489
124	ECA1573	ECA1489	ECA1489
124	ECA1589	ECA1489	ECA1489
124	ECA1591	ECA1489	ECA1489
124	ECA1593	ECA1489	ECA1489
124	ECA1595	ECA1489	ECA1489
124	ECA1597	ECA1489	ECA1489
124	ECA1601	ECA1489	ECA1489
125	ECA1471	ECA1471	ECA1471
126	ECA1473	ECA1563	ECA1563
126	ECA1475	ECA1563	ECA1563
126	ECA1527	ECA1563	ECA1563
126	ECA1535	ECA1563	ECA1563
126	ECA1537	ECA1563	ECA1563
126	ECA1539	ECA1563	ECA1563
126	ECA1541	ECA1563	ECA1563
126	ECA1563	ECA1563	ECA1563
127	ECA1483	ECA1509	ECA1509
127	ECA1485	ECA1509	ECA1509
127	ECA1509	ECA1509	ECA1509
127	ECA1511	ECA1509	ECA1509
128	ECA1495	ECA1507	ECA1507
128	ECA1507	ECA1507	ECA1507
129	ECA1503	ECA1503	ECA1503
130	ECA1513	ECA2083	ECA2083
130	ECA1529	ECA2083	ECA2083
130	ECA1531	ECA2083	ECA2083
130	ECA1533	ECA2083	ECA2083
130	ECA1543	ECA2083	ECA2083
130	ECA2083	ECA2083	ECA2083
131	ECA1517	ECA1517	ECA1517
132	ECA1521	ECA1521	ECA1521
132	ECA1561	ECA1521	ECA1521
133	ECA1545	ECA1609	ECA1609
133	ECA1565	ECA1609	ECA1609
133	ECA1567	ECA1609	ECA1609
133	ECA1575	ECA1609	ECA1609
133	ECA1609	ECA1609	ECA1609
133	ECA1627	ECA1609	ECA1609
133	ECA1629	ECA1609	ECA1609
133	ECA1631	ECA1609	ECA1609
133	ECA1773	ECA1609	ECA1609
133	ECA3539	ECA1609	ECA1609
133	ECA3541	ECA1609	ECA1609
133	ECA3563	ECA1609	ECA1609
133	ECA3564	ECA1609	ECA1609
133	ECA3567	ECA1609	ECA1609
134	ECA1547	ECA1555	ECA1555
134	ECA1549	ECA1555	ECA1555
134	ECA1551	ECA1555	ECA1555
134	ECA1555	ECA1555	ECA1555
135	ECA1571	ECA1571	ECA1571
136	ECA1587	ECA1587	ECA1587
137	ECA1605	ECA1605	ECA1605
138	ECA161	ECA161	ECA161
139	ECA1611	ECA1611	ECA1611
139	ECA1613	ECA1611	ECA1611
139	ECA1617	ECA1611	ECA1611
139	ECA1619	ECA1611	ECA1611
140	ECA1615	ECA1615	ECA1615
141	ECA162	ECA162	ECA162
142	ECA1621	ECA1621	ECA1621
142	ECA1623	ECA1621	ECA1621
142	ECA1625	ECA1621	ECA1621
143	ECA163	ECA163	ECA163
144	ECA1637	ECA1637	ECA1637
144	ECA1639	ECA1637	ECA1637
144	ECA1641	ECA1637	ECA1637
145	ECA1643	ECA2373	ECA2373
145	ECA1645	ECA2373	ECA2373
145	ECA1651	ECA2373	ECA2373
145	ECA1653	ECA2373	ECA2373
145	ECA1655	ECA2373	ECA2373
145	ECA1667	ECA2373	ECA2373
145	ECA2275	ECA2373	ECA2373
145	ECA2277	ECA2373	ECA2373
145	ECA2279	ECA2373	ECA2373
145	ECA2368	ECA2373	ECA2373
145	ECA2371	ECA2373	ECA2373
145	ECA2373	ECA2373	ECA2373
146	ECA1657	ECA1657	ECA1657
146	ECA1661	ECA1657	ECA1657
147	ECA1659	ECA2299	ECA2299
147	ECA2297	ECA2299	ECA2299
147	ECA2299	ECA2299	ECA2299
147	ECA2301	ECA2299	ECA2299
147	ECA2303	ECA2299	ECA2299
147	ECA2305	ECA2299	ECA2299
148	ECA1663	ECA1701	ECA1701
148	ECA1669	ECA1701	ECA1701
148	ECA1701	ECA1701	ECA1701
148	ECA1706	ECA1701	ECA1701
148	ECA2462	ECA1701	ECA1701
148	ECA2464	ECA1701	ECA1701
148	ECA2470	ECA1701	ECA1701
148	ECA2907	ECA1701	ECA1701
148	ECA3010	ECA1701	ECA1701
148	ECA3015	ECA1701	ECA1701
148	ECA3017	ECA1701	ECA1701
149	ECA175	ECA175	ECA175
150	ECA176	ECA176	ECA176
150	ECA179	ECA176	ECA176
150	ECA181	ECA176	ECA176
151	ECA177	ECA177	ECA177
152	ECA178	ECA183	ECA183
152	ECA183	ECA183	ECA183
153	ECA180	ECA180	ECA180
154	ECA182	ECA182	ECA182
155	ECA185	ECA185	ECA185
156	ECA186	ECA186	ECA186
157	ECA2093	ECA2093	ECA2093
158	ECA2115	ECA2115	ECA2115
159	ECA2425	ECA2425	ECA2425
160	ECA2613	ECA2663	ECA2663
160	ECA2614	ECA2663	ECA2663
160	ECA2661	ECA2663	ECA2663
160	ECA2662	ECA2663	ECA2663
160	ECA2663	ECA2663	ECA2663
161	ECA2616	ECA2623	ECA2623
161	ECA2623	ECA2623	ECA2623
162	ECA2617	ECA2617	ECA2617
162	ECA2624	ECA2617	ECA2617
163	ECA2618	ECA2618	ECA2618
164	ECA2619	ECA2621	ECA2621
164	ECA2620	ECA2621	ECA2621
164	ECA2621	ECA2621	ECA2621
164	ECA2622	ECA2621	ECA2621
164	ECA2628	ECA2621	ECA2621
164	ECA2629	ECA2621	ECA2621
164	ECA2630	ECA2621	ECA2621
164	ECA2631	ECA2621	ECA2621
164	ECA2671	ECA2621	ECA2621
165	ECA2625	ECA2625	ECA2625
165	ECA2632	ECA2625	ECA2625
166	ECA2626	ECA2626	ECA2626
166	ECA2627	ECA2626	ECA2626
167	ECA2633	ECA2647	ECA2647
167	ECA2638	ECA2647	ECA2647
167	ECA2646	ECA2647	ECA2647
167	ECA2647	ECA2647	ECA2647
167	QG4118	ECA2647	ECA2647
167	QG4119	ECA2647	ECA2647
167	QG4120	ECA2647	ECA2647
167	QG4121	ECA2647	ECA2647
167	QG4122	ECA2647	ECA2647
167	QG4123	ECA2647	ECA2647
168	ECA2634	ECA2636	ECA2636
168	ECA2635	ECA2636	ECA2636
168	ECA2636	ECA2636	ECA2636
168	ECA2668	ECA2636	ECA2636
169	ECA2637	ECA2637	ECA2637
170	ECA2639	ECA2639	ECA2639
171	ECA2645	ECA2645	ECA2645
172	ECA2664	ECA2664	ECA2664
173	ECA2666	ECA2666	ECA2666
174	ECA2667	ECA2667	ECA2667
175	ECA2669	ECA2670	ECA2670
175	ECA2670	ECA2670	ECA2670
176	ECA276	ECA276	ECA276
176	ECA280	ECA276	ECA276
177	ECA277	ECA278	ECA278
177	ECA278	ECA278	ECA278
178	ECA2807	ECA2808	ECA2808
178	ECA2808	ECA2808	ECA2808
179	ECA287	ECA287	ECA287
180	ECA288	ECA288	ECA288
181	ECA2883	ECA2883	ECA2883
182	ECA2890	ECA2890	ECA2890
183	ECA2894	ECA2894	ECA2894
184	ECA2975	ECA2975	ECA2975
185	ECA3091	ECA3091	ECA3091
186	ECA343	ECA343	ECA343
186	ECA344	ECA343	ECA343
187	ECA346	ECA346	ECA346
188	ECA3500	ECA3502	ECA3502
188	ECA3501	ECA3502	ECA3502
188	ECA3502	ECA3502	ECA3502
189	ECA3503	ECA3503	ECA3503
189	ECA3504	ECA3503	ECA3503
190	ECA3505	ECA3509	ECA3509
190	ECA3506	ECA3509	ECA3509
190	ECA3507	ECA3509	ECA3509
190	ECA3508	ECA3509	ECA3509
190	ECA3509	ECA3509	ECA3509
191	ECA3706	JU1344	JU1344
191	JU1344	JU1344	JU1344
191	JU1345	JU1344	JU1344
191	JU726	JU1344	JU1344
191	JU793	JU1344	JU1344
192	ECA3707	ECA3708	ECA3708
192	ECA3708	ECA3708	ECA3708
192	ECA3709	ECA3708	ECA3708
193	ECA371	ECA371	ECA371
194	ECA3710	ECA3713	ECA3713
194	ECA3713	ECA3713	ECA3713
195	ECA3712	ECA3712	ECA3712
196	ECA3889	HK104	HK104
196	ECA3890	HK104	HK104
196	ECA3898	HK104	HK104
196	HK104	HK104	HK104
196	HK105	HK104	HK104
197	ECA3899	ECA3899	ECA3899
198	ECA569	ECA569	ECA569
199	ED3032	ED3032	ED3032
200	ED3033	ED3037	ED3037
200	ED3034	ED3037	ED3037
200	ED3035	ED3037	ED3037
200	ED3037	ED3037	ED3037
201	ED3078	ED3088	ED3088
201	ED3080	ED3088	ED3088
201	ED3082	ED3088	ED3088
201	ED3083	ED3088	ED3088
201	ED3085	ED3088	ED3088
201	ED3087	ED3088	ED3088
201	ED3088	ED3088	ED3088
201	ED3089	ED3088	ED3088
202	ED3090	ED3102	ED3102
202	ED3091	ED3102	ED3102
202	ED3092	ED3102	ED3102
202	ED3093	ED3102	ED3102
202	ED3095	ED3102	ED3102
202	ED3096	ED3102	ED3102
202	ED3097	ED3102	ED3102
202	ED3098	ED3102	ED3102
202	ED3101	ED3102	ED3102
202	ED3102	ED3102	ED3102
203	EG4181	EG4360	EG4360
203	EG4207	EG4360	EG4360
203	EG4360	EG4360	EG4360
203	EG4365	EG4360	EG4360
203	EG5715	EG4360	EG4360
203	EG5784	EG4360	EG4360
204	EG5612	EG5612	EG5612
204	EG5614	EG5612	EG5612
205	EG5613	EG5613	EG5613
206	EG6179	EG6179	EG6179
207	EG6257	EG6261	EG6261
207	EG6259	EG6261	EG6261
207	EG6261	EG6261	EG6261
207	EG6263	EG6261	EG6261
208	EG6258	EG6260	EG6260
208	EG6260	EG6260	EG6260
208	EG6262	EG6260	EG6260
208	EG6266	EG6260	EG6260
209	EG6265	EG6265	EG6265
210	EG6267	EG6267	EG6267
211	EG6271	EG6271	EG6271
212	EG6272	EG6272	EG6272
213	EG6273	EG6276	EG6276
213	EG6276	EG6276	EG6276
213	EG6313	EG6276	EG6276
213	XZ1208	EG6276	EG6276
213	XZ1209	EG6276	EG6276
214	EG6274	EG6274	EG6274
215	EG6275	EG6275	EG6275
216	EG6329	EG6329	EG6329
217	GUN124	GUN124	GUN124
218	GXW21	GXW22	GXW22
218	GXW22	GXW22	GXW22
218	GXW24	GXW22	GXW22
218	GXW25	GXW22	GXW22
218	GXW26	GXW22	GXW22
219	GXW23	GXW23	GXW23
220	HPT1	HPT37	HPT37
220	HPT37	HPT37	HPT37
221	HPT11	HPT11	HPT11
222	HPT12	HPT34	HPT34
222	HPT34	HPT34	HPT34
222	HPT6	HPT34	HPT34
223	HPT13	HPT16	HPT16
223	HPT16	HPT16	HPT16
224	HPT18	HPT18	HPT18
225	HPT19	HPT19	HPT19
226	HPT2	HPT2	HPT2
227	HPT21	HPT21	HPT21
227	HPT22	HPT21	HPT21
228	HPT23	HPT24	HPT24
228	HPT24	HPT24	HPT24
229	HPT28	HPT42	HPT42
229	HPT42	HPT42	HPT42
229	HPT45	HPT42	HPT42
230	HPT4	HPT4	HPT4
231	HPT52	HPT52	HPT52
232	HPT53	HPT53	HPT53
233	HPT54	HPT54	HPT54
233	HPT58	HPT54	HPT54
234	HPT55	HPT55	HPT55
235	HPT59	HPT59	HPT59
236	HPT60	HPT60	HPT60
237	HPT62	HPT62	HPT62
238	HPT63	HPT63	HPT63
239	HPT7	HPT7	HPT7
240	HPT8	HPT8	HPT8
241	HPT9	HPT9	HPT9
242	JU1038	NIC174	NIC174
242	JU1041	NIC174	NIC174
242	JU1042	NIC174	NIC174
242	JU1043	NIC174	NIC174
242	JU1044	NIC174	NIC174
242	JU1045	NIC174	NIC174
242	JU1046	NIC174	NIC174
242	JU1047	NIC174	NIC174
242	JU1048	NIC174	NIC174
242	JU1049	NIC174	NIC174
242	JU1205	NIC174	NIC174
242	JU1254	NIC174	NIC174
242	JU1258	NIC174	NIC174
242	JU1259	NIC174	NIC174
242	JU1260	NIC174	NIC174
242	JU1261	NIC174	NIC174
242	JU1262	NIC174	NIC174
242	JU1263	NIC174	NIC174
242	JU1264	NIC174	NIC174
242	JU1376	NIC174	NIC174
242	JU1467	NIC174	NIC174
242	JU1468	NIC174	NIC174
242	JU1469	NIC174	NIC174
242	JU1470	NIC174	NIC174
242	JU1471	NIC174	NIC174
242	JU1472	NIC174	NIC174
242	JU1473	NIC174	NIC174
242	JU1474	NIC174	NIC174
242	JU1496	NIC174	NIC174
242	JU1497	NIC174	NIC174
242	JU1498	NIC174	NIC174
242	JU1499	NIC174	NIC174
242	JU1500	NIC174	NIC174
242	JU1509	NIC174	NIC174
242	JU1529	NIC174	NIC174
242	JU1533	NIC174	NIC174
242	JU1542	NIC174	NIC174
242	JU1551	NIC174	NIC174
242	JU1556	NIC174	NIC174
242	JU1560	NIC174	NIC174
242	JU1561	NIC174	NIC174
242	JU1562	NIC174	NIC174
242	JU1767	NIC174	NIC174
242	JU1775	NIC174	NIC174
242	JU1776	NIC174	NIC174
242	JU1784	NIC174	NIC174
242	JU1788	NIC174	NIC174
242	JU1789	NIC174	NIC174
242	JU1791	NIC174	NIC174
242	JU1987	NIC174	NIC174
242	JU1992	NIC174	NIC174
242	JU1993	NIC174	NIC174
242	JU1994	NIC174	NIC174
242	JU1995	NIC174	NIC174
242	JU1996	NIC174	NIC174
242	JU1997	NIC174	NIC174
242	JU1998	NIC174	NIC174
242	JU1999	NIC174	NIC174
242	JU2004	NIC174	NIC174
242	JU2032	NIC174	NIC174
242	JU2101	NIC174	NIC174
242	JU2103	NIC174	NIC174
242	JU2105	NIC174	NIC174
242	JU2142	NIC174	NIC174
242	JU2143	NIC174	NIC174
242	JU2144	NIC174	NIC174
242	JU2145	NIC174	NIC174
242	JU2164	NIC174	NIC174
242	JU2206	NIC174	NIC174
242	JU2208	NIC174	NIC174
242	JU2217	NIC174	NIC174
242	JU2218	NIC174	NIC174
242	JU2219	NIC174	NIC174
242	JU2220	NIC174	NIC174
242	JU2221	NIC174	NIC174
242	JU2222	NIC174	NIC174
242	JU2223	NIC174	NIC174
242	JU2224	NIC174	NIC174
242	JU2225	NIC174	NIC174
242	JU2226	NIC174	NIC174
242	JU2227	NIC174	NIC174
242	JU2228	NIC174	NIC174
242	JU2229	NIC174	NIC174
242	JU2233	NIC174	NIC174
242	JU2247	NIC174	NIC174
242	JU2248	NIC174	NIC174
242	JU2252	NIC174	NIC174
242	JU2256	NIC174	NIC174
242	JU2531	NIC174	NIC174
242	JU2555	NIC174	NIC174
242	JU2556	NIC174	NIC174
242	JU2562	NIC174	NIC174
242	JU2563	NIC174	NIC174
242	JU2567	NIC174	NIC174
242	JU2577	NIC174	NIC174
242	JU2579	NIC174	NIC174
242	JU2580	NIC174	NIC174
242	JU2582	NIC174	NIC174
242	JU2583	NIC174	NIC174
242	JU2584	NIC174	NIC174
242	JU2588	NIC174	NIC174
242	JU2590	NIC174	NIC174
242	JU2591	NIC174	NIC174
242	JU2594	NIC174	NIC174
242	JU2595	NIC174	NIC174
242	JU2596	NIC174	NIC174
242	JU2626	NIC174	NIC174
242	JU2754	NIC174	NIC174
242	JU2766	NIC174	NIC174
242	JU2773	NIC174	NIC174
242	JU2779	NIC174	NIC174
242	JU2780	NIC174	NIC174
242	JU2783	NIC174	NIC174
242	JU2786	NIC174	NIC174
242	JU279	NIC174	NIC174
242	JU2792	NIC174	NIC174
242	JU2793	NIC174	NIC174
242	JU280	NIC174	NIC174
242	JU2823	NIC174	NIC174
242	JU2824	NIC174	NIC174
242	JU2863	NIC174	NIC174
242	JU2893	NIC174	NIC174
242	JU2894	NIC174	NIC174
242	JU2905	NIC174	NIC174
242	JU296	NIC174	NIC174
242	JU3276	NIC174	NIC174
242	JU3278	NIC174	NIC174
242	JU3279	NIC174	NIC174
242	JU348	NIC174	NIC174
242	JU349	NIC174	NIC174
242	JU350	NIC174	NIC174
242	JU351	NIC174	NIC174
242	JU352	NIC174	NIC174
242	JU353	NIC174	NIC174
242	JU354	NIC174	NIC174
242	JU355	NIC174	NIC174
242	JU357	NIC174	NIC174
242	JU358	NIC174	NIC174
242	JU372	NIC174	NIC174
242	JU373	NIC174	NIC174
242	JU374	NIC174	NIC174
242	JU375	NIC174	NIC174
242	JU377	NIC174	NIC174
242	JU378	NIC174	NIC174
242	JU3784	NIC174	NIC174
242	JU379	NIC174	NIC174
242	JU380	NIC174	NIC174
242	JU381	NIC174	NIC174
242	JU382	NIC174	NIC174
242	JU383	NIC174	NIC174
242	JU403	NIC174	NIC174
242	JU404	NIC174	NIC174
242	JU405	NIC174	NIC174
242	JU4288	NIC174	NIC174
242	JU439	NIC174	NIC174
242	JU441	NIC174	NIC174
242	JU516	NIC174	NIC174
242	JU757	NIC174	NIC174
242	JU794	NIC174	NIC174
242	JU795	NIC174	NIC174
242	JU796	NIC174	NIC174
242	JU797	NIC174	NIC174
242	JU835	NIC174	NIC174
242	JU836	NIC174	NIC174
242	JU837	NIC174	NIC174
242	JU838	NIC174	NIC174
242	JU839	NIC174	NIC174
242	JU840	NIC174	NIC174
242	JU841	NIC174	NIC174
242	JU842	NIC174	NIC174
242	JU843	NIC174	NIC174
242	JU844	NIC174	NIC174
242	JU845	NIC174	NIC174
242	JU846	NIC174	NIC174
242	MY2049	NIC174	NIC174
242	MY2132	NIC174	NIC174
242	MY646	NIC174	NIC174
242	MY661	NIC174	NIC174
242	MY682	NIC174	NIC174
242	MY683	NIC174	NIC174
242	MY699	NIC174	NIC174
242	MY701	NIC174	NIC174
242	MY702	NIC174	NIC174
242	MY709	NIC174	NIC174
242	MY727	NIC174	NIC174
242	MY728	NIC174	NIC174
242	MY750	NIC174	NIC174
242	MY751	NIC174	NIC174
242	MY752	NIC174	NIC174
242	MY754	NIC174	NIC174
242	MY755	NIC174	NIC174
242	MY756	NIC174	NIC174
242	MY761	NIC174	NIC174
242	MY765	NIC174	NIC174
242	MY771	NIC174	NIC174
242	MY918	NIC174	NIC174
242	MY945	NIC174	NIC174
242	NIC1047	NIC174	NIC174
242	NIC1048	NIC174	NIC174
242	NIC1072	NIC174	NIC174
242	NIC1088	NIC174	NIC174
242	NIC1089	NIC174	NIC174
242	NIC1090	NIC174	NIC174
242	NIC1100	NIC174	NIC174
242	NIC146	NIC174	NIC174
242	NIC149	NIC174	NIC174
242	NIC151	NIC174	NIC174
242	NIC153	NIC174	NIC174
242	NIC154	NIC174	NIC174
242	NIC155	NIC174	NIC174
242	NIC156	NIC174	NIC174
242	NIC157	NIC174	NIC174
242	NIC158	NIC174	NIC174
242	NIC160	NIC174	NIC174
242	NIC161	NIC174	NIC174
242	NIC1610	NIC174	NIC174
242	NIC1618	NIC174	NIC174
242	NIC162	NIC174	NIC174
242	NIC163	NIC174	NIC174
242	NIC164	NIC174	NIC174
242	NIC167	NIC174	NIC174
242	NIC169	NIC174	NIC174
242	NIC170	NIC174	NIC174
242	NIC171	NIC174	NIC174
242	NIC173	NIC174	NIC174
242	NIC174	NIC174	NIC174
242	NIC175	NIC174	NIC174
242	NIC178	NIC174	NIC174
242	NIC179	NIC174	NIC174
242	NIC180	NIC174	NIC174
242	NIC181	NIC174	NIC174
242	NIC182	NIC174	NIC174
242	NIC185	NIC174	NIC174
242	NIC186	NIC174	NIC174
242	NIC208	NIC174	NIC174
242	NIC209	NIC174	NIC174
242	NIC2093	NIC174	NIC174
242	NIC2096	NIC174	NIC174
242	NIC2097	NIC174	NIC174
242	NIC2098	NIC174	NIC174
242	NIC2103	NIC174	NIC174
242	NIC2112	NIC174	NIC174
242	NIC2182	NIC174	NIC174
242	NIC2184	NIC174	NIC174
242	NIC2189	NIC174	NIC174
242	NIC2190	NIC174	NIC174
242	NIC2191	NIC174	NIC174
242	NIC2192	NIC174	NIC174
242	NIC2193	NIC174	NIC174
242	NIC2194	NIC174	NIC174
242	NIC2195	NIC174	NIC174
242	NIC2196	NIC174	NIC174
242	NIC2197	NIC174	NIC174
242	NIC2198	NIC174	NIC174
242	NIC2199	NIC174	NIC174
242	NIC2200	NIC174	NIC174
242	NIC243	NIC174	NIC174
242	NIC253	NIC174	NIC174
242	NIC254	NIC174	NIC174
242	NIC398	NIC174	NIC174
242	NIC498	NIC174	NIC174
242	NIC5	NIC174	NIC174
242	NIC507	NIC174	NIC174
242	NIC509	NIC174	NIC174
242	NIC510	NIC174	NIC174
242	NIC6	NIC174	NIC174
242	QG106	NIC174	NIC174
242	QG107	NIC174	NIC174
242	QG108	NIC174	NIC174
242	QG109	NIC174	NIC174
242	QG110	NIC174	NIC174
242	QG111	NIC174	NIC174
242	QG112	NIC174	NIC174
242	QG113	NIC174	NIC174
242	QG114	NIC174	NIC174
242	QG115	NIC174	NIC174
242	QG116	NIC174	NIC174
242	QG117	NIC174	NIC174
242	QG118	NIC174	NIC174
242	QG119	NIC174	NIC174
242	QG120	NIC174	NIC174
242	QG121	NIC174	NIC174
243	JU1085	JU1257	JU1257
243	JU1257	JU1257	JU1257
244	JU1337	JU1337	JU1337
245	JU1338	JU1338	JU1338
245	JU1339	JU1338	JU1338
245	JU1340	JU1338	JU1338
245	JU1342	JU1338	JU1338
245	JU1343	JU1338	JU1338
246	JU1341	JU1341	JU1341
247	JU1346	JU1346	JU1346
248	JU1347	JU1347	JU1347
249	JU1348	JU1348	JU1348
250	JU1375	JU1375	JU1375
251	JU1377	JU1377	JU1377
252	JU1378	JU1378	JU1378
253	JU1392	JU1392	JU1392
254	JU1399	JU1399	JU1399
255	JU1424	JU1424	JU1424
256	JU1435	JU1435	JU1435
257	JU1564	JU1564	JU1564
258	JU1637	JU1637	JU1637
259	JU1638	JU1638	JU1638
260	JU1794	JU1794	JU1794
261	JU1795	JU1795	JU1795
262	JU1799	JU1799	JU1799
263	JU1802	JU1802	JU1802
264	JU1814	JU1814	JU1814
264	NIC1306	JU1814	JU1814
265	JU1820	NIC67	NIC67
265	JU1822	NIC67	NIC67
265	JU1827	NIC67	NIC67
265	JU1828	NIC67	NIC67
265	JU1829	NIC67	NIC67
265	JU1830	NIC67	NIC67
265	JU1834	NIC67	NIC67
265	JU2044	NIC67	NIC67
265	NIC100	NIC67	NIC67
265	NIC101	NIC67	NIC67
265	NIC103	NIC67	NIC67
265	NIC106	NIC67	NIC67
265	NIC108	NIC67	NIC67
265	NIC109	NIC67	NIC67
265	NIC1261	NIC67	NIC67
265	NIC1266	NIC67	NIC67
265	NIC1287	NIC67	NIC67
265	NIC1295	NIC67	NIC67
265	NIC1296	NIC67	NIC67
265	NIC1303	NIC67	NIC67
265	NIC1351	NIC67	NIC67
265	NIC1356	NIC67	NIC67
265	NIC1373	NIC67	NIC67
265	NIC1424	NIC67	NIC67
265	NIC1479	NIC67	NIC67
265	NIC1480	NIC67	NIC67
265	NIC1481	NIC67	NIC67
265	NIC1482	NIC67	NIC67
265	NIC1483	NIC67	NIC67
265	NIC1485	NIC67	NIC67
265	NIC18	NIC67	NIC67
265	NIC23	NIC67	NIC67
265	NIC2356	NIC67	NIC67
265	NIC28	NIC67	NIC67
265	NIC29	NIC67	NIC67
265	NIC30	NIC67	NIC67
265	NIC301	NIC67	NIC67
265	NIC303	NIC67	NIC67
265	NIC317	NIC67	NIC67
265	NIC32	NIC67	NIC67
265	NIC323	NIC67	NIC67
265	NIC341	NIC67	NIC67
265	NIC358	NIC67	NIC67
265	NIC36	NIC67	NIC67
265	NIC362	NIC67	NIC67
265	NIC367	NIC67	NIC67
265	NIC37	NIC67	NIC67
265	NIC377	NIC67	NIC67
265	NIC38	NIC67	NIC67
265	NIC399	NIC67	NIC67
265	NIC40	NIC67	NIC67
265	NIC442	NIC67	NIC67
265	NIC65	NIC67	NIC67
265	NIC66	NIC67	NIC67
265	NIC67	NIC67	NIC67
265	NIC68	NIC67	NIC67
265	NIC69	NIC67	NIC67
265	NIC70	NIC67	NIC67
265	NIC71	NIC67	NIC67
265	NIC72	NIC67	NIC67
265	NIC73	NIC67	NIC67
265	NIC74	NIC67	NIC67
265	NIC75	NIC67	NIC67
265	NIC76	NIC67	NIC67
265	NIC77	NIC67	NIC67
265	NIC78	NIC67	NIC67
265	NIC79	NIC67	NIC67
265	NIC80	NIC67	NIC67
265	NIC81	NIC67	NIC67
265	NIC83	NIC67	NIC67
265	NIC84	NIC67	NIC67
265	NIC86	NIC67	NIC67
265	NIC87	NIC67	NIC67
265	NIC88	NIC67	NIC67
265	NIC89	NIC67	NIC67
265	NIC914	NIC67	NIC67
265	NIC919	NIC67	NIC67
265	NIC93	NIC67	NIC67
265	NIC95	NIC67	NIC67
265	NIC97	NIC67	NIC67
265	NIC973	NIC67	NIC67
265	NIC974	NIC67	NIC67
265	NIC979	NIC67	NIC67
265	NIC98	NIC67	NIC67
265	NIC981	NIC67	NIC67
265	NIC982	NIC67	NIC67
265	NIC998	NIC67	NIC67
266	JU1884	JU1884	JU1884
267	JU1885	JU1885	JU1885
268	JU1907	JU1907	JU1907
269	JU1908	JU1908	JU1908
270	JU1909	JU1909	JU1909
271	JU1912	JU1913	JU1913
271	JU1913	JU1913	JU1913
272	JU1914	JU2506	JU2506
272	JU2506	JU2506	JU2506
272	JU2517	JU2506	JU2506
272	JU2569	JU2506	JU2506
273	JU2045	NIC61	NIC61
273	NIC61	NIC61	NIC61
273	NIC63	NIC61	NIC61
274	JU2053	JU2053	JU2053
274	JU2533	JU2053	JU2053
274	JU2573	JU2053	JU2053
275	JU2054	JU2054	JU2054
276	JU2056	JU2056	JU2056
277	JU2057	JU2057	JU2057
278	JU2138	QR25	QR25
278	JU2181	QR25	QR25
278	JU2182	QR25	QR25
278	JU2183	QR25	QR25
278	JU2184	QR25	QR25
278	JU2185	QR25	QR25
278	QR24	QR25	QR25
278	QR25	QR25	QR25
279	JU2160	JU2160	JU2160
280	JU2162	JU2162	JU2162
281	JU2214	JU2214	JU2214
282	JU2216	JU2216	JU2216
283	JU2457	JU2457	JU2457
284	JU2518	JU2518	JU2518
285	JU2470	JU2470	JU2470
286	JU2471	NIC1183	NIC1183
286	NIC1131	NIC1183	NIC1183
286	NIC1139	NIC1183	NIC1183
286	NIC1143	NIC1183	NIC1183
286	NIC1182	NIC1183	NIC1183
286	NIC1183	NIC1183	NIC1183
286	NIC1186	NIC1183	NIC1183
287	JU2472	JU2472	JU2472
287	JU2473	JU2472	JU2472
288	JU2507	JU2507	JU2507
289	JU2536	JU2536	JU2536
290	JU2597	JU2597	JU2597
290	JU2618	JU2597	JU2597
291	JU2747	JU2747	JU2747
291	JU2910	JU2747	JU2747
292	JU2753	JU3171	JU3171
292	JU2791	JU3171	JU3171
292	JU3171	JU3171	JU3171
293	JU2767	JU2767	JU2767
293	JU2814	JU2767	JU2767
293	JU3168	JU2767	JU2767
294	JU2777	QG2925	QG2925
294	QG2925	QG2925	QG2925
294	QG2926	QG2925	QG2925
295	JU2781	JU2872	JU2872
295	JU2872	JU2872	JU2872
295	JU2873	JU2872	JU2872
296	JU2799	JU2799	JU2799
297	JU2801	JU2801	JU2801
297	JU3199	JU2801	JU2801
298	JU2835	JU2836	JU2836
298	JU2836	JU2836	JU2836
299	JU2849	JU2849	JU2849
299	JU2850	JU2849	JU2849
300	JU2861	JU2861	JU2861
301	JU2868	JU2868	JU2868
302	JU3200	JU3200	JU3200
303	JU3201	JU3201	JU3201
304	JU3202	JU3202	JU3202
304	JU3205	JU3202	JU3202
305	JU3203	JU3203	JU3203
306	JU3204	JU3416	JU3416
306	JU3416	JU3416	JU3416
307	JU3206	JU3206	JU3206
308	JU3207	JU3207	JU3207
309	JU3237	JU3237	JU3237
310	JU3272	JU3272	JU3272
310	JU3273	JU3272	JU3272
310	JU3420	JU3272	JU3272
310	JU3422	JU3272	JU3272
311	JU3281	JU3281	JU3281
312	JU3319	JU3319	JU3319
312	JU3323	JU3319	JU3319
313	JU3321	JU3321	JU3321
314	JU3326	JU3326	JU3326
315	JU3327	JU3327	JU3327
316	JU356	JU356	JU356
317	JU4041	QG2849	QG2849
317	QG2849	QG2849	QG2849
318	JU4042	JU4042	JU4042
319	JU4049	JU4051	JU4051
319	JU4051	JU4051	JU4051
320	JU4058	JU4058	JU4058
321	JU4060	JU4060	JU4060
322	JU4062	JU4062	JU4062
323	JU4064	JU4064	JU4064
324	JU4080	JU4080	JU4080
325	JU4084	JU4084	JU4084
326	JU4097	JU4097	JU4097
327	JU725	JU725	JU725
328	MY2249	MY2716	MY2716
328	MY2269	MY2716	MY2716
328	MY2271	MY2716	MY2716
328	MY2364	MY2716	MY2716
328	MY2716	MY2716	MY2716
328	MY2717	MY2716	MY2716
328	MY2748	MY2716	MY2716
328	MY800	MY2716	MY2716
328	MY801	MY2716	MY2716
329	MY2250	MY539	MY539
329	MY2270	MY539	MY539
329	MY2281	MY539	MY539
329	MY2725	MY539	MY539
329	MY539	MY539	MY539
330	MY681	MY681	MY681
331	NIC1050	NIC1050	NIC1050
331	NIC1053	NIC1050	NIC1050
332	NIC1052	NIC1052	NIC1052
333	NIC1054	NIC1054	NIC1054
334	NIC1055	NIC1055	NIC1055
334	NIC1056	NIC1055	NIC1055
335	NIC1057	NIC1057	NIC1057
336	NIC1058	NIC1058	NIC1058
337	NIC1059	NIC1059	NIC1059
338	NIC1060	NIC1060	NIC1060
339	NIC1061	NIC1062	NIC1062
339	NIC1062	NIC1062	NIC1062
339	NIC1063	NIC1062	NIC1062
339	NIC1065	NIC1062	NIC1062
339	NIC1066	NIC1062	NIC1062
340	NIC1069	NIC1069	NIC1069
341	NIC107	NIC96	NIC96
341	NIC96	NIC96	NIC96
342	NIC1103	NIC1103	NIC1103
343	NIC1104	NIC1104	NIC1104
344	NIC1106	NIC1106	NIC1106
345	NIC1117	NIC1117	NIC1117
345	NIC1118	NIC1117	NIC1117
346	NIC1123	NIC1123	NIC1123
346	NIC1134	NIC1123	NIC1123
346	NIC1189	NIC1123	NIC1123
347	NIC1124	NIC1124	NIC1124
347	NIC1154	NIC1124	NIC1124
347	NIC1158	NIC1124	NIC1124
348	NIC1125	NIC1138	NIC1138
348	NIC1138	NIC1138	NIC1138
349	NIC1135	NIC1135	NIC1135
350	NIC1141	NIC1141	NIC1141
351	NIC115	NIC115	NIC115
352	NIC116	NIC119	NIC119
352	NIC119	NIC119	NIC119
353	NIC117	NIC117	NIC117
354	NIC1185	NIC1190	NIC1190
354	NIC1190	NIC1190	NIC1190
355	NIC1202	NIC1202	NIC1202
355	NIC1203	NIC1202	NIC1202
355	NIC1206	NIC1202	NIC1202
356	NIC1204	NIC1204	NIC1204
357	NIC1205	NIC1205	NIC1205
358	NIC1217	NIC1218	NIC1218
358	NIC1218	NIC1218	NIC1218
358	NIC1219	NIC1218	NIC1218
359	NIC1220	NIC1220	NIC1220
360	NIC1221	NIC1221	NIC1221
361	NIC123	NIC123	NIC123
362	NIC1267	NIC1267	NIC1267
362	NIC1274	NIC1267	NIC1267
362	NIC1394	NIC1267	NIC1267
363	NIC1273	NIC1292	NIC1292
363	NIC1292	NIC1292	NIC1292
364	NIC1279	NIC1407	NIC1407
364	NIC1407	NIC1407	NIC1407
365	NIC1283	NIC1283	NIC1283
366	NIC1288	NIC1288	NIC1288
367	NIC1289	NIC1423	NIC1423
367	NIC1413	NIC1423	NIC1423
367	NIC1414	NIC1423	NIC1423
367	NIC1416	NIC1423	NIC1423
367	NIC1418	NIC1423	NIC1423
367	NIC1423	NIC1423	NIC1423
368	NIC1302	NIC1302	NIC1302
369	NIC1304	NIC1304	NIC1304
370	NIC1308	NIC1308	NIC1308
371	NIC1421	NIC1421	NIC1421
372	NIC1442	NIC1442	NIC1442
373	NIC1491	NIC1491	NIC1491
374	NIC1524	NIC1528	NIC1528
374	NIC1527	NIC1528	NIC1528
374	NIC1528	NIC1528	NIC1528
374	NIC1530	NIC1528	NIC1528
374	NIC1537	NIC1528	NIC1528
375	NIC1525	NIC1525	NIC1525
376	NIC1529	NIC1529	NIC1529
377	NIC1533	NIC1533	NIC1533
378	NIC1535	NIC1535	NIC1535
379	NIC1539	NIC1539	NIC1539
380	NIC1540	NIC1540	NIC1540
381	NIC1552	NIC1688	NIC1688
381	NIC1688	NIC1688	NIC1688
382	NIC1562	NIC1562	NIC1562
383	NIC1589	NIC1589	NIC1589
384	NIC1590	NIC1590	NIC1590
385	NIC1591	NIC1591	NIC1591
386	NIC1593	NIC1593	NIC1593
387	NIC1595	NIC1595	NIC1595
388	NIC1598	NIC1598	NIC1598
389	NIC1602	NIC1602	NIC1602
390	NIC1607	NIC1607	NIC1607
391	NIC1625	NIC1630	NIC1630
391	NIC1626	NIC1630	NIC1630
391	NIC1630	NIC1630	NIC1630
392	NIC1628	NIC1628	NIC1628
393	NIC1631	NIC1631	NIC1631
394	NIC1632	NIC1632	NIC1632
395	NIC1633	NIC1633	NIC1633
396	NIC1634	NIC1635	NIC1635
396	NIC1635	NIC1635	NIC1635
397	NIC1645	NIC1645	NIC1645
398	NIC1660	NIC1660	NIC1660
399	NIC1661	NIC1661	NIC1661
400	NIC1662	NIC1662	NIC1662
401	NIC1663	NIC1663	NIC1663
402	NIC1664	NIC1664	NIC1664
403	NIC1665	NIC1665	NIC1665
404	NIC1666	NIC1666	NIC1666
405	NIC1667	NIC1667	NIC1667
405	NIC1668	NIC1667	NIC1667
405	NIC1669	NIC1667	NIC1667
406	NIC1681	NIC1681	NIC1681
407	NIC1692	NIC1692	NIC1692
408	NIC1693	NIC1693	NIC1693
409	NIC17	NIC17	NIC17
410	NIC187	NIC187	NIC187
411	NIC188	NIC188	NIC188
412	NIC19	NIC19	NIC19
413	NIC191	NIC191	NIC191
414	NIC20	NIC20	NIC20
415	NIC21	NIC21	NIC21
416	NIC22	NIC22	NIC22
417	NIC2358	NIC419	NIC419
417	NIC2359	NIC419	NIC419
417	NIC292	NIC419	NIC419
417	NIC302	NIC419	NIC419
417	NIC368	NIC419	NIC419
417	NIC369	NIC419	NIC419
417	NIC373	NIC419	NIC419
417	NIC419	NIC419	NIC419
418	NIC2369	NIC2369	NIC2369
419	NIC248	NIC248	NIC248
420	NIC250	NIC250	NIC250
421	NIC2521	NIC2527	NIC2527
421	NIC2522	NIC2527	NIC2527
421	NIC2526	NIC2527	NIC2527
421	NIC2527	NIC2527	NIC2527
422	NIC309	NIC309	NIC309
423	NIC325	NIC325	NIC325
424	NIC327	NIC327	NIC327
425	NIC329	NIC329	NIC329
426	NIC330	NIC330	NIC330
427	NIC331	NIC331	NIC331
428	NIC332	NIC332	NIC332
429	NIC333	NIC333	NIC333
430	NIC340	NIC392	NIC392
430	NIC392	NIC392	NIC392
431	NIC343	NIC343	NIC343
432	NIC400	NIC400	NIC400
433	NIC402	NIC402	NIC402
434	NIC504	NIC504	NIC504
435	NIC505	NIC505	NIC505
436	NIC518	NIC518	NIC518
437	NIC519	NIC519	NIC519
438	NIC532	NIC532	NIC532
439	NIC541	NIC541	NIC541
439	NIC553	NIC541	NIC541
439	NIC554	NIC541	NIC541
440	NIC549	NIC549	NIC549
441	NIC552	NIC552	NIC552
442	NIC555	NIC555	NIC555
442	NIC556	NIC555	NIC555
442	NIC557	NIC555	NIC555
442	NIC558	NIC555	NIC555
443	NIC561	NIC561	NIC561
443	NIC906	NIC561	NIC561
444	NIC574	NIC574	NIC574
445	NIC576	NIC578	NIC578
445	NIC578	NIC578	NIC578
445	NIC596	NIC578	NIC578
445	NIC597	NIC578	NIC578
445	NIC599	NIC578	NIC578
446	NIC582	NIC583	NIC583
446	NIC583	NIC583	NIC583
446	NIC745	NIC583	NIC583
446	NIC757	NIC583	NIC583
447	NIC590	NIC590	NIC590
448	NIC593	NIC593	NIC593
448	NIC776	NIC593	NIC593
449	NIC60	NIC60	NIC60
449	NIC64	NIC60	NIC60
449	QG580	NIC60	NIC60
450	NIC62	NIC62	NIC62
451	NIC758	NIC758	NIC758
452	NIC777	NIC777	NIC777
453	NIC778	NIC828	NIC828
453	NIC828	NIC828	NIC828
454	NIC790	NIC790	NIC790
455	NIC791	NIC791	NIC791
456	NIC792	NIC792	NIC792
457	NIC793	NIC793	NIC793
458	NIC795	NIC795	NIC795
459	NIC796	NIC796	NIC796
460	NIC803	NIC803	NIC803
461	NIC811	NIC811	NIC811
462	NIC814	NIC814	NIC814
463	NIC816	NIC816	NIC816
463	NIC817	NIC816	NIC816
463	NIC818	NIC816	NIC816
464	NIC819	NIC819	NIC819
465	NIC821	NIC821	NIC821
465	NIC829	NIC821	NIC821
466	NIC822	NIC822	NIC822
467	NIC824	NIC824	NIC824
468	NIC825	NIC825	NIC825
469	NIC827	NIC827	NIC827
470	NIC863	NIC863	NIC863
471	NIC864	NIC864	NIC864
472	NIC865	NIC865	NIC865
473	NIC871	NIC871	NIC871
474	NIC883	NIC883	NIC883
474	NIC888	NIC883	NIC883
475	NIC889	NIC889	NIC889
476	NIC893	NIC893	NIC893
477	NIC896	NIC897	NIC897
477	NIC897	NIC897	NIC897
478	NIC899	NIC899	NIC899
479	NIC900	NIC901	NIC901
479	NIC901	NIC901	NIC901
479	NIC902	NIC901	NIC901
480	NIC911	NIC911	NIC911
481	NIC984	NIC984	NIC984
482	NIC985	NIC985	NIC985
483	PB800	PB800	PB800
484	PB826	PB857	PB857
484	PB857	PB857	PB857
484	PB858	PB857	PB857
484	PB859	PB857	PB857
484	QX1414	PB857	PB857
484	QX1545	PB857	PB857
485	PE887	PE887	PE887
486	QG1002	QG2665	QG2665
486	QG1132	QG2665	QG2665
486	QG1134	QG2665	QG2665
486	QG1139	QG2665	QG2665
486	QG1142	QG2665	QG2665
486	QG1144	QG2665	QG2665
486	QG1145	QG2665	QG2665
486	QG1146	QG2665	QG2665
486	QG1148	QG2665	QG2665
486	QG1149	QG2665	QG2665
486	QG1150	QG2665	QG2665
486	QG1151	QG2665	QG2665
486	QG1152	QG2665	QG2665
486	QG1153	QG2665	QG2665
486	QG1154	QG2665	QG2665
486	QG1156	QG2665	QG2665
486	QG2615	QG2665	QG2665
486	QG2616	QG2665	QG2665
486	QG2617	QG2665	QG2665
486	QG2618	QG2665	QG2665
486	QG2623	QG2665	QG2665
486	QG2624	QG2665	QG2665
486	QG2630	QG2665	QG2665
486	QG2631	QG2665	QG2665
486	QG2647	QG2665	QG2665
486	QG2665	QG2665	QG2665
486	QG2666	QG2665	QG2665
486	QG2689	QG2665	QG2665
486	QG2690	QG2665	QG2665
486	QG2692	QG2665	QG2665
486	QG2752	QG2665	QG2665
486	QG723	QG2665	QG2665
486	QG724	QG2665	QG2665
486	QG774	QG2665	QG2665
486	QG775	QG2665	QG2665
486	QG822	QG2665	QG2665
486	QG993	QG2665	QG2665
487	QG1005	QG1005	QG1005
487	QG928	QG1005	QG1005
488	QG1007	QG1007	QG1007
489	QG1100	QG1126	QG1126
489	QG1101	QG1126	QG1126
489	QG1102	QG1126	QG1126
489	QG1103	QG1126	QG1126
489	QG1104	QG1126	QG1126
489	QG1105	QG1126	QG1126
489	QG1106	QG1126	QG1126
489	QG1107	QG1126	QG1126
489	QG1108	QG1126	QG1126
489	QG1109	QG1126	QG1126
489	QG1113	QG1126	QG1126
489	QG1114	QG1126	QG1126
489	QG1120	QG1126	QG1126
489	QG1124	QG1126	QG1126
489	QG1126	QG1126	QG1126
489	QG1128	QG1126	QG1126
489	QG1129	QG1126	QG1126
489	QG1130	QG1126	QG1126
489	QG1131	QG1126	QG1126
489	QG2782	QG1126	QG1126
489	QG2967	QG1126	QG1126
489	QG2968	QG1126	QG1126
489	QG3002	QG1126	QG1126
489	QG3003	QG1126	QG1126
489	QG3012	QG1126	QG1126
489	QG3043	QG1126	QG1126
489	QG3044	QG1126	QG1126
489	QG3045	QG1126	QG1126
489	QG3046	QG1126	QG1126
489	QG744	QG1126	QG1126
489	QG745	QG1126	QG1126
489	QG746	QG1126	QG1126
489	QG854	QG1126	QG1126
489	QG876	QG1126	QG1126
489	QG930	QG1126	QG1126
489	QG932	QG1126	QG1126
489	QG977	QG1126	QG1126
489	QG988	QG1126	QG1126
490	QG1111	QG1111	QG1111
490	QG923	QG1111	QG1111
490	QG938	QG1111	QG1111
491	QG1125	QG888	QG888
491	QG2737	QG888	QG888
491	QG2738	QG888	QG888
491	QG2739	QG888	QG888
491	QG2740	QG888	QG888
491	QG2741	QG888	QG888
491	QG2742	QG888	QG888
491	QG882	QG888	QG888
491	QG883	QG888	QG888
491	QG884	QG888	QG888
491	QG888	QG888	QG888
491	QG889	QG888	QG888
491	QG890	QG888	QG888
491	QG941	QG888	QG888
491	QG944	QG888	QG888
491	QG985	QG888	QG888
492	QG1127	QG2969	QG2969
492	QG2969	QG2969	QG2969
492	QG2970	QG2969	QG2969
492	QG2971	QG2969	QG2969
493	QG1141	QG1141	QG1141
493	QG1143	QG1141	QG1141
494	QG1155	QG1155	QG1155
495	QG128	QG130	QG130
495	QG129	QG130	QG130
495	QG130	QG130	QG130
496	QG132	QG132	QG132
497	QG133	QG133	QG133
498	QG2621	QG2648	QG2648
498	QG2622	QG2648	QG2648
498	QG2648	QG2648	QG2648
498	QG2667	QG2648	QG2648
498	QG2669	QG2648	QG2648
498	QG2677	QG2648	QG2648
498	QG2678	QG2648	QG2648
498	QG2691	QG2648	QG2648
498	QG3015	QG2648	QG2648
498	QG3033	QG2648	QG2648
498	QG3039	QG2648	QG2648
498	QG730	QG2648	QG2648
498	QG756	QG2648	QG2648
498	QG764	QG2648	QG2648
499	QG2639	QG2736	QG2736
499	QG2714	QG2736	QG2736
499	QG2728	QG2736	QG2736
499	QG2729	QG2736	QG2736
499	QG2730	QG2736	QG2736
499	QG2731	QG2736	QG2736
499	QG2734	QG2736	QG2736
499	QG2735	QG2736	QG2736
499	QG2736	QG2736	QG2736
499	QG2777	QG2736	QG2736
499	QG2784	QG2736	QG2736
500	QG2640	QG2659	QG2659
500	QG2659	QG2659	QG2659
501	QG2641	QG2641	QG2641
502	QG2649	QG2663	QG2663
502	QG2658	QG2663	QG2663
502	QG2660	QG2663	QG2663
502	QG2663	QG2663	QG2663
502	QG2664	QG2663	QG2663
502	QG2668	QG2663	QG2663
502	QG2673	QG2663	QG2663
502	QG2682	QG2663	QG2663
502	QG2686	QG2663	QG2663
502	QG2694	QG2663	QG2663
502	QG2695	QG2663	QG2663
503	QG2657	QG2683	QG2683
503	QG2674	QG2683	QG2683
503	QG2683	QG2683	QG2683
504	QG2671	QG739	QG739
504	QG2693	QG739	QG739
504	QG739	QG739	QG739
504	QG870	QG739	QG739
504	QG872	QG739	QG739
505	QG2684	QG784	QG784
505	QG2685	QG784	QG784
505	QG725	QG784	QG784
505	QG777	QG784	QG784
505	QG782	QG784	QG784
505	QG784	QG784	QG784
505	QG810	QG784	QG784
505	QG832	QG784	QG784
505	QG934	QG784	QG784
505	QG979	QG784	QG784
506	QG2717	QG865	QG865
506	QG2718	QG865	QG865
506	QG2778	QG865	QG865
506	QG2779	QG865	QG865
506	QG2780	QG865	QG865
506	QG2781	QG865	QG865
506	QG731	QG865	QG865
506	QG735	QG865	QG865
506	QG798	QG865	QG865
506	QG814	QG865	QG865
506	QG857	QG865	QG865
506	QG865	QG865	QG865
507	QG2814	QG2814	QG2814
507	QG2815	QG2814	QG2814
508	QG2819	QG2820	QG2820
508	QG2820	QG2820	QG2820
509	QG2848	QG2848	QG2848
510	QG2880	QG2880	QG2880
511	QG2881	QG2881	QG2881
512	QG2882	QG2883	QG2883
512	QG2883	QG2883	QG2883
513	QG2884	QG2884	QG2884
513	QG2885	QG2884	QG2884
514	QG2886	QG2892	QG2892
514	QG2887	QG2892	QG2892
514	QG2888	QG2892	QG2892
514	QG2889	QG2892	QG2892
514	QG2892	QG2892	QG2892
514	QG2894	QG2892	QG2892
514	QG2900	QG2892	QG2892
514	QG2901	QG2892	QG2892
515	QG2890	QG2891	QG2891
515	QG2891	QG2891	QG2891
516	QG2893	QG2893	QG2893
517	QG2895	QG2895	QG2895
518	QG2902	QG2902	QG2902
518	QG2909	QG2902	QG2902
519	QG2903	QG2903	QG2903
520	QG2906	QG2906	QG2906
520	QG2921	QG2906	QG2906
520	QG2922	QG2906	QG2906
521	QG2908	QG2908	QG2908
522	QG2910	QG2910	QG2910
523	QG2919	QG2919	QG2919
523	QG2920	QG2919	QG2919
524	QG2923	QG2923	QG2923
524	QG2924	QG2923	QG2923
525	QG2963	QG2964	QG2964
525	QG2964	QG2964	QG2964
526	QG2966	QG2966	QG2966
527	QG2972	QG2972	QG2972
528	QG2996	QG2996	QG2996
529	QG3004	QG3004	QG3004
530	QG3006	QG3006	QG3006
531	QG3014	QG3019	QG3019
531	QG3019	QG3019	QG3019
532	QG3016	QG3034	QG3034
532	QG3017	QG3034	QG3034
532	QG3034	QG3034	QG3034
533	QG3018	QG3058	QG3058
533	QG3058	QG3058	QG3058
533	QG741	QG3058	QG3058
533	QG742	QG3058	QG3058
533	QG743	QG3058	QG3058
533	QG752	QG3058	QG3058
533	QG765	QG3058	QG3058
533	QG767	QG3058	QG3058
533	QG771	QG3058	QG3058
533	QG773	QG3058	QG3058
533	QG829	QG3058	QG3058
534	QG3020	QG3053	QG3053
534	QG3053	QG3053	QG3053
535	QG3025	QG3025	QG3025
535	QG3026	QG3025	QG3025
536	QG3028	QG3030	QG3030
536	QG3030	QG3030	QG3030
536	QG3031	QG3030	QG3030
537	QG3032	QG3032	QG3032
538	QG3041	QG3041	QG3041
539	QG3056	QG3056	QG3056
540	QG3057	QG3057	QG3057
541	QG3527	QG3527	QG3527
542	QG3661	QG3661	QG3661
543	QG3783	QG3783	QG3783
543	QG3858	QG3783	QG3783
544	QG3784	QG3837	QG3837
544	QG3787	QG3837	QG3837
544	QG3837	QG3837	QG3837
545	QG3794	QG3851	QG3851
545	QG3842	QG3851	QG3851
545	QG3851	QG3851	QG3851
546	QG3796	QG3823	QG3823
546	QG3798	QG3823	QG3823
546	QG3820	QG3823	QG3823
546	QG3822	QG3823	QG3823
546	QG3823	QG3823	QG3823
547	QG3801	QG3801	QG3801
548	QG3804	QG3875	QG3875
548	QG3866	QG3875	QG3875
548	QG3875	QG3875	QG3875
549	QG3810	QG3878	QG3878
549	QG3813	QG3878	QG3878
549	QG3819	QG3878	QG3878
549	QG3840	QG3878	QG3878
549	QG3841	QG3878	QG3878
549	QG3864	QG3878	QG3878
549	QG3878	QG3878	QG3878
549	QG3879	QG3878	QG3878
550	QG3815	QG3815	QG3815
551	QG3816	QG3816	QG3816
552	QG3825	QG3825	QG3825
553	QG3826	QG3826	QG3826
554	QG3827	QG3867	QG3867
554	QG3832	QG3867	QG3867
554	QG3867	QG3867	QG3867
555	QG3861	QG3861	QG3861
556	QG3874	QG3874	QG3874
557	QG3876	QG3876	QG3876
558	QG3920	QG3920	QG3920
559	QG3921	QG3921	QG3921
560	QG3922	QG3923	QG3923
560	QG3923	QG3923	QG3923
561	QG3924	QG3924	QG3924
562	QG3925	QG3925	QG3925
563	QG3926	QG3926	QG3926
563	QG3928	QG3926	QG3926
564	QG3927	QG3927	QG3927
565	QG3929	QG3931	QG3931
565	QG3930	QG3931	QG3931
565	QG3931	QG3931	QG3931
566	QG3932	QG3932	QG3932
567	QG3933	QG3933	QG3933
568	QG4026	QG4026	QG4026
569	QG4027	QG4028	QG4028
569	QG4028	QG4028	QG4028
569	QG4029	QG4028	QG4028
570	QG4030	QG4031	QG4031
570	QG4031	QG4031	QG4031
571	QG4058	QG4225	QG4225
571	QG4225	QG4225	QG4225
571	QG4231	QG4225	QG4225
572	QG4059	QG4063	QG4063
572	QG4061	QG4063	QG4063
572	QG4062	QG4063	QG4063
572	QG4063	QG4063	QG4063
573	QG4064	QG4064	QG4064
573	QG4066	QG4064	QG4064
574	QG4065	QG4068	QG4068
574	QG4068	QG4068	QG4068
574	QG4069	QG4068	QG4068
575	QG4067	QG4067	QG4067
576	QG4070	QG4070	QG4070
576	QG4071	QG4070	QG4070
576	QG4072	QG4070	QG4070
576	QG4073	QG4070	QG4070
576	QG4074	QG4070	QG4070
576	QG4075	QG4070	QG4070
577	QG4093	QG4093	QG4093
578	QG4094	QG4094	QG4094
579	QG4095	QG4095	QG4095
579	QG4209	QG4095	QG4095
579	QG4211	QG4095	QG4095
580	QG4096	QG4096	QG4096
580	QG4098	QG4096	QG4096
580	QG4101	QG4096	QG4096
581	QG4097	QG4097	QG4097
581	QG4099	QG4097	QG4097
581	QG4100	QG4097	QG4097
581	QG4113	QG4097	QG4097
581	QG4212	QG4097	QG4097
581	QG4213	QG4097	QG4097
582	QG4104	QG4104	QG4104
583	QG4112	QG4114	QG4114
583	QG4114	QG4114	QG4114
583	QG4115	QG4114	QG4114
583	QG4116	QG4114	QG4114
583	QG4117	QG4114	QG4114
584	QG4128	QG4131	QG4131
584	QG4129	QG4131	QG4131
584	QG4130	QG4131	QG4131
584	QG4131	QG4131	QG4131
584	QG4133	QG4131	QG4131
585	QG4132	QG4132	QG4132
586	QG4206	QG4208	QG4208
586	QG4207	QG4208	QG4208
586	QG4208	QG4208	QG4208
586	QG4210	QG4208	QG4208
587	QG4214	QG4214	QG4214
588	QG4232	QG4232	QG4232
589	QG4233	QG4233	QG4233
590	QG4630	QG5348	QG5348
590	QG4733	QG5348	QG5348
590	QG4924	QG5348	QG5348
590	QG5169	QG5348	QG5348
590	QG5170	QG5348	QG5348
590	QG5180	QG5348	QG5348
590	QG5197	QG5348	QG5348
590	QG5198	QG5348	QG5348
590	QG5348	QG5348	QG5348
590	QG5556	QG5348	QG5348
591	QG4637	QG4742	QG4742
591	QG4742	QG4742	QG4742
591	QG4876	QG4742	QG4742
591	QG4880	QG4742	QG4742
591	QG4896	QG4742	QG4742
592	QG4647	QG4647	QG4647
592	QG5149	QG4647	QG4647
593	QG4648	QG4648	QG4648
594	QG4661	QG5525	QG5525
594	QG5525	QG5525	QG5525
595	QG4681	QG5612	QG5612
595	QG5187	QG5612	QG5612
595	QG5612	QG5612	QG5612
595	QG5657	QG5612	QG5612
596	QG4682	QG4718	QG4718
596	QG4718	QG4718	QG4718
596	QG4790	QG4718	QG4718
596	QG4996	QG4718	QG4718
596	QG5277	QG4718	QG4718
596	QG5284	QG4718	QG4718
596	QG5286	QG4718	QG4718
596	QG5290	QG4718	QG4718
596	QG5314	QG4718	QG4718
596	QG5506	QG4718	QG4718
597	QG4683	QG4683	QG4683
597	QG5094	QG4683	QG4683
597	QG5166	QG4683	QG4683
597	QG5179	QG4683	QG4683
597	QG5205	QG4683	QG4683
597	QG5369	QG4683	QG4683
597	QG5577	QG4683	QG4683
597	QG5631	QG4683	QG4683
598	QG4698	QG5507	QG5507
598	QG5008	QG5507	QG5507
598	QG5295	QG5507	QG5507
598	QG5507	QG5507	QG5507
598	QG5531	QG5507	QG5507
598	QG5534	QG5507	QG5507
598	QG5539	QG5507	QG5507
599	QG4700	QG4701	QG4701
599	QG4701	QG4701	QG4701
599	QG4944	QG4701	QG4701
599	QG4947	QG4701	QG4701
600	QG4706	QG4706	QG4706
600	QG4952	QG4706	QG4706
600	QG4953	QG4706	QG4706
600	QG4956	QG4706	QG4706
600	QG4968	QG4706	QG4706
600	QG5300	QG4706	QG4706
600	QG5351	QG4706	QG4706
601	QG4715	QG5474	QG5474
601	QG5103	QG5474	QG5474
601	QG5471	QG5474	QG5474
601	QG5474	QG5474	QG5474
601	QG5580	QG5474	QG5474
601	QG5581	QG5474	QG5474
601	QG5582	QG5474	QG5474
602	QG4805	QG4805	QG4805
603	QG4838	QG4847	QG4847
603	QG4847	QG4847	QG4847
604	QG4954	QG4966	QG4966
604	QG4966	QG4966	QG4966
605	QG5150	QG5633	QG5633
605	QG5153	QG5633	QG5633
605	QG5578	QG5633	QG5633
605	QG5579	QG5633	QG5633
605	QG5632	QG5633	QG5633
605	QG5633	QG5633	QG5633
606	QG5406	QG5406	QG5406
607	QG547	QG547	QG547
608	QG5485	QG5603	QG5603
608	QG5512	QG5603	QG5603
608	QG5603	QG5603	QG5603
608	QG5604	QG5603	QG5603
609	QG5488	QG5488	QG5488
610	QG550	QG550	QG550
611	QG5589	QG5589	QG5589
612	QG5611	QG5611	QG5611
613	QG570	QG581	QG581
613	QG571	QG581	QG581
613	QG572	QG581	QG581
613	QG573	QG581	QG581
613	QG574	QG581	QG581
613	QG575	QG581	QG581
613	QG576	QG581	QG581
613	QG577	QG581	QG581
613	QG578	QG581	QG581
613	QG579	QG581	QG581
613	QG581	QG581	QG581
614	QG584	QG588	QG588
614	QG585	QG588	QG588
614	QG586	QG588	QG588
614	QG587	QG588	QG588
614	QG588	QG588	QG588
614	QG589	QG588	QG588
615	QG700	QG700	QG700
616	QG726	QG868	QG868
616	QG868	QG868	QG868
617	QG727	QG727	QG727
617	QG831	QG727	QG727
617	QG861	QG727	QG727
617	QG877	QG727	QG727
618	QG728	QG825	QG825
618	QG824	QG825	QG825
618	QG825	QG825	QG825
618	QG830	QG825	QG825
619	QG733	QG733	QG733
620	QG734	QG864	QG864
620	QG864	QG864	QG864
621	QG736	QG736	QG736
622	QG737	QG737	QG737
622	QG873	QG737	QG737
623	QG738	QG809	QG809
623	QG809	QG809	QG809
624	QG740	QG875	QG875
624	QG875	QG875	QG875
625	QG747	QG763	QG763
625	QG748	QG763	QG763
625	QG749	QG763	QG763
625	QG750	QG763	QG763
625	QG753	QG763	QG763
625	QG754	QG763	QG763
625	QG755	QG763	QG763
625	QG758	QG763	QG763
625	QG759	QG763	QG763
625	QG762	QG763	QG763
625	QG763	QG763	QG763
625	QG766	QG763	QG763
625	QG769	QG763	QG763
626	QG757	QG937	QG937
626	QG936	QG937	QG937
626	QG937	QG937	QG937
627	QG760	QG761	QG761
627	QG761	QG761	QG761
628	QG770	QG858	QG858
628	QG858	QG858	QG858
628	QG859	QG858	QG858
629	QG776	QG776	QG776
630	QG778	QG791	QG791
630	QG779	QG791	QG791
630	QG783	QG791	QG791
630	QG785	QG791	QG791
630	QG789	QG791	QG791
630	QG791	QG791	QG791
630	QG816	QG791	QG791
631	QG780	QG991	QG991
631	QG991	QG991	QG991
631	QG992	QG991	QG991
632	QG781	QG781	QG781
632	QG793	QG781	QG781
632	QG813	QG781	QG781
633	QG786	QG786	QG786
633	QG792	QG786	QG786
634	QG787	QG980	QG980
634	QG980	QG980	QG980
635	QG788	QG788	QG788
635	QG812	QG788	QG788
636	QG790	QG790	QG790
637	QG794	QG795	QG795
637	QG795	QG795	QG795
638	QG796	QG978	QG978
638	QG799	QG978	QG978
638	QG803	QG978	QG978
638	QG805	QG978	QG978
638	QG811	QG978	QG978
638	QG815	QG978	QG978
638	QG819	QG978	QG978
638	QG973	QG978	QG978
638	QG978	QG978	QG978
639	QG797	QG797	QG797
640	QG802	QG802	QG802
641	QG804	QG804	QG804
642	QG806	QG806	QG806
643	QG807	QG807	QG807
644	QG808	QG808	QG808
645	QG826	QG874	QG874
645	QG874	QG874	QG874
646	QG827	QG827	QG827
647	QG828	QG828	QG828
648	QG833	QG833	QG833
649	QG855	QG855	QG855
650	QG856	QG856	QG856
651	QG860	QG860	QG860
652	QG866	QG866	QG866
652	QG869	QG866	QG866
653	QG867	QG878	QG878
653	QG878	QG878	QG878
654	QG879	QG879	QG879
655	QG880	QG880	QG880
656	QG881	QG881	QG881
657	QG885	QG887	QG887
657	QG886	QG887	QG887
657	QG887	QG887	QG887
657	QG982	QG887	QG887
657	QG983	QG887	QG887
658	QG924	QG998	QG998
658	QG925	QG998	QG998
658	QG931	QG998	QG998
658	QG939	QG998	QG998
658	QG998	QG998	QG998
659	QG926	QG926	QG926
660	QG927	QG927	QG927
661	QG933	QG933	QG933
662	QG945	QG945	QG945
663	QG946	QG946	QG946
664	QG947	QG947	QG947
665	QG948	QG948	QG948
666	QG949	QG986	QG986
666	QG950	QG986	QG986
666	QG951	QG986	QG986
666	QG986	QG986	QG986
666	QG996	QG986	QG986
667	QG952	QG952	QG952
668	QG994	QG994	QG994
669	QG995	QG995	QG995
670	QG997	QG997	QG997
671	QX1410	QX1410	QX1410
672	QX1547	QX1547	QX1547
673	QX1795	QX1795	QX1795
674	QX1796	QX1796	QX1796
675	QX1798	QX1798	QX1798
676	QX1800	QX1800	QX1800
677	QX1801	QX1801	QX1801
678	QX1802	QX1802	QX1802
679	QX1803	QX1803	QX1803
680	QX1804	QX1804	QX1804
681	SOW18	SOW18	SOW18
682	SOW21	SOW21	SOW21
683	SOW22	SOW22	SOW22
684	TT3407	TT3411	TT3411
684	TT3411	TT3411	TT3411
685	TT3408	TT3408	TT3408
686	TWN1772	TWN1772	TWN1772
687	TWN1824	TWN1824	TWN1824
688	TWN1907	TWN1907	TWN1907
689	TWN2919	TWN2919	TWN2919
690	TWN3077	TWN3077	TWN3077
691	UH1	UH1	UH1
692	VSL2201	VSL2201	VSL2201
693	VSL2207	VSL2207	VSL2207
694	VSL2208	VSL2213	VSL2213
694	VSL2211	VSL2213	VSL2213
694	VSL2213	VSL2213	VSL2213
695	VSL2209	VSL2209	VSL2209
696	VSL2210	VSL2210	VSL2210
697	VSL2212	VSL2212	VSL2212
698	VSL2215	VSL2215	VSL2215
699	VSL2216	VSL2216	VSL2216
700	VSL2217	VSL2217	VSL2217
701	VSL2219	VSL2219	VSL2219
702	VT847	VT847	VT847
703	VX34	VX34	VX34
704	XZ1204	XZ1204	XZ1204
704	XZ1211	XZ1204	XZ1204
705	XZ1205	XZ1205	XZ1205
706	XZ1206	XZ1206	XZ1206
707	XZ1207	XZ1207	XZ1207
708	XZ1210	XZ1210	XZ1210
709	XZ1212	XZ1212	XZ1212
710	XZ1213	XZ1213	XZ1213
711	XZ1731	XZ1731	XZ1731
712	XZ1732	XZ1732	XZ1732
712	XZ1733	XZ1732	XZ1732
713	ZZY0992	ZZY0992	ZZY0992
714	ZZY1034	ZZY1034	ZZY1034
715	ZZY1075	ZZY1075	ZZY1075
716	ZZY1123	ZZY1123	ZZY1123
717	ZZY1130	ZZY1130	ZZY1130
718	ZZY405	ZZY405	ZZY405
