set	occ	tag	quartet	submodel	status	BIC	TW1	TW2	TW3
mast_all	occ80	JU3200	quartet_01	submodel1	OK	17712577.2257	0.8797	0.0447	0.0757
mast_all	occ80	JU3200	quartet_01	submodel6	OK	17721987.1987	0.9738	0.0036	0.0226
mast_all	occ80	JU3200	quartet_02	submodel1	OK	18103793.6148	0.8787	0.0415	0.0797
mast_all	occ80	JU3200	quartet_02	submodel6	OK	18113444.5884	0.9748	0.0038	0.0214
mast_all	occ80	JU3200	quartet_03	submodel1	OK	18516501.6764	0.8704	0.0391	0.0905
mast_all	occ80	JU3200	quartet_03	submodel6	OK	18525707.7269	0.9745	0.0037	0.0218
mast_all	occ80	JU3200	quartet_04	submodel1	OK	18345925.7354	0.8777	0.0412	0.0811
mast_all	occ80	JU3200	quartet_04	submodel6	OK	18356129.6031	0.9396	0.0383	0.0222
mast_all	occ80	JU3200	quartet_05	submodel1	OK	18270291.2396	0.8834	0.0451	0.0715
mast_all	occ80	JU3200	quartet_05	submodel6	OK	18279683.0325	0.3981	0.5957	0.0062
mast_all	occ80	JU3200	quartet_06	submodel1	OK	18404346.3918	0.8784	0.0412	0.0804
mast_all	occ80	JU3200	quartet_06	submodel6	OK	18413793.2129	0.4159	0.0021	0.5821
mast_all	occ80	JU3200	quartet_07	submodel1	OK	18167778.6270	0.8781	0.0438	0.0781
mast_all	occ80	JU3200	quartet_07	submodel6	OK	18176801.6898	0.3907	0.6031	0.0062
mast_all	occ80	JU3200	quartet_08	submodel1	OK	18555082.1269	0.8747	0.0512	0.0742
mast_all	occ80	JU3200	quartet_08	submodel6	OK	18564828.9508	0.9734	0.0045	0.0221
mast_all	occ80	JU3200	quartet_09	submodel1	OK	18601717.0459	0.8725	0.0436	0.0839
mast_all	occ80	JU3200	quartet_09	submodel6	OK	18611830.0418	0.9407	0.0365	0.0228
mast_all	occ80	JU3200	quartet_10	submodel1	OK	17458878.6689	0.8732	0.0472	0.0796
mast_all	occ80	JU3200	quartet_10	submodel6	OK	17467711.2514	0.3919	0.6016	0.0065
mast_all	occ80	JU3200	quartet_11	submodel1	OK	18149986.6671	0.8737	0.0488	0.0775
mast_all	occ80	JU3200	quartet_11	submodel6	OK	18159271.3862	0.4008	0.5927	0.0064
mast_all	occ80	JU3200	quartet_12	submodel1	OK	18070656.5145	0.8763	0.0470	0.0767
mast_all	occ80	JU3200	quartet_12	submodel6	OK	18080306.2296	0.9741	0.0043	0.0216
mast_all	occ80	JU3200	quartet_13	submodel1	OK	18262084.6979	0.8766	0.0478	0.0756
mast_all	occ80	JU3200	quartet_13	submodel6	OK	18271040.4983	0.3996	0.5941	0.0063
mast_all	occ80	JU3200	quartet_14	submodel1	OK	18173342.5233	0.8752	0.0436	0.0812
mast_all	occ80	JU3200	quartet_14	submodel6	OK	18182302.8607	0.4040	0.5892	0.0068
mast_all	occ80	JU3200	quartet_15	submodel1	OK	18718401.6393	0.8704	0.0492	0.0804
mast_all	occ80	JU3200	quartet_15	submodel6	OK	18727418.3027	0.3960	0.5972	0.0068
mast_all	occ80	JU3200	quartet_16	submodel1	OK	18490791.9105	0.8689	0.0516	0.0795
mast_all	occ80	JU3200	quartet_16	submodel6	OK	18500502.1496	0.9736	0.0045	0.0219
mast_all	occ80	JU3237	quartet_01	submodel1	OK	20929630.5933	0.9526	0.0004	0.0470
mast_all	occ80	JU3237	quartet_01	submodel6	OK	20935772.1243	0.9856	0.0065	0.0079
mast_all	occ80	JU3237	quartet_02	submodel1	OK	21335979.4381	0.9519	0.0005	0.0476
mast_all	occ80	JU3237	quartet_02	submodel6	OK	21341932.0904	0.9849	0.0067	0.0084
mast_all	occ80	JU3237	quartet_03	submodel1	OK	21643650.5601	0.9529	0.0006	0.0465
mast_all	occ80	JU3237	quartet_03	submodel6	OK	21649041.0363	0.9854	0.0071	0.0075
mast_all	occ80	JU3237	quartet_04	submodel1	OK	21417748.5176	0.9556	0.0003	0.0442
mast_all	occ80	JU3237	quartet_04	submodel6	OK	21423646.5681	0.9860	0.0069	0.0071
mast_all	occ80	JU3237	quartet_05	submodel1	OK	21266667.2849	0.9490	0.0503	0.0007
mast_all	occ80	JU3237	quartet_05	submodel6	OK	21273409.3739	0.9855	0.0063	0.0082
mast_all	occ80	JU3237	quartet_06	submodel1	OK	21486711.0675	0.9469	0.0528	0.0003
mast_all	occ80	JU3237	quartet_06	submodel6	OK	21494038.1141	0.9855	0.0062	0.0083
mast_all	occ80	JU3237	quartet_07	submodel1	OK	21269308.6368	0.9511	0.0379	0.0110
mast_all	occ80	JU3237	quartet_07	submodel6	OK	21275708.7550	0.9854	0.0063	0.0083
mast_all	occ80	JU3237	quartet_08	submodel1	OK	21762339.1367	0.9481	0.0380	0.0140
mast_all	occ80	JU3237	quartet_08	submodel6	OK	21768590.0002	0.9851	0.0071	0.0078
mast_all	occ80	JU3237	quartet_09	submodel1	OK	21924185.5080	0.9503	0.0004	0.0492
mast_all	occ80	JU3237	quartet_09	submodel6	OK	21930154.9706	0.9855	0.0069	0.0076
mast_all	occ80	JU3237	quartet_10	submodel1	OK	20754402.8127	0.9515	0.0004	0.0481
mast_all	occ80	JU3237	quartet_10	submodel6	OK	20760879.7909	0.9854	0.0063	0.0083
mast_all	occ80	JU3237	quartet_11	submodel1	OK	21281419.3691	0.9502	0.0007	0.0491
mast_all	occ80	JU3237	quartet_11	submodel6	OK	21287726.0472	0.9855	0.0065	0.0080
mast_all	occ80	JU3237	quartet_12	submodel1	OK	21247254.9102	0.9529	0.0004	0.0466
mast_all	occ80	JU3237	quartet_12	submodel6	OK	21253343.7900	0.9856	0.0065	0.0078
mast_all	occ80	JU3237	quartet_13	submodel1	OK	21405270.2290	0.9539	0.0187	0.0274
mast_all	occ80	JU3237	quartet_13	submodel6	OK	21411132.6898	0.9859	0.0066	0.0075
mast_all	occ80	JU3237	quartet_14	submodel1	OK	21298267.0086	0.9485	0.0006	0.0509
mast_all	occ80	JU3237	quartet_14	submodel6	OK	21304667.4610	0.9855	0.0069	0.0076
mast_all	occ80	JU3237	quartet_15	submodel1	OK	21813551.4503	0.9500	0.0207	0.0293
mast_all	occ80	JU3237	quartet_15	submodel6	OK	21819710.0278	0.9854	0.0069	0.0078
mast_all	occ80	JU3237	quartet_16	submodel1	OK	21595374.9959	0.9532	0.0036	0.0432
mast_all	occ80	JU3237	quartet_16	submodel6	OK	21600803.4294	0.9855	0.0069	0.0076
mast_all	occ80	QG4232	quartet_01	submodel1	OK	17459525.9012	0.8781	0.0481	0.0739
mast_all	occ80	QG4232	quartet_01	submodel6	OK	17468832.7544	0.9511	0.0184	0.0305
mast_all	occ80	QG4232	quartet_02	submodel1	OK	17807938.6690	0.8782	0.0476	0.0742
mast_all	occ80	QG4232	quartet_02	submodel6	OK	17817356.2376	0.9542	0.0256	0.0202
mast_all	occ80	QG4232	quartet_03	submodel1	OK	18180765.1952	0.8770	0.0452	0.0778
mast_all	occ80	QG4232	quartet_03	submodel6	OK	18189877.9662	0.9551	0.0243	0.0206
mast_all	occ80	QG4232	quartet_04	submodel1	OK	18081881.3857	0.8817	0.0468	0.0716
mast_all	occ80	QG4232	quartet_04	submodel6	OK	18091135.5144	0.9548	0.0184	0.0268
mast_all	occ80	QG4232	quartet_05	submodel1	OK	18004626.7124	0.8819	0.0437	0.0744
mast_all	occ80	QG4232	quartet_05	submodel6	OK	18014139.4126	0.9548	0.0183	0.0269
mast_all	occ80	QG4232	quartet_06	submodel1	OK	18228576.3945	0.8810	0.0453	0.0737
mast_all	occ80	QG4232	quartet_06	submodel6	OK	18238066.3427	0.9544	0.0194	0.0262
mast_all	occ80	QG4232	quartet_07	submodel1	OK	17917072.6231	0.8769	0.0467	0.0765
mast_all	occ80	QG4232	quartet_07	submodel6	OK	17926224.9703	0.9546	0.0181	0.0273
mast_all	occ80	QG4232	quartet_08	submodel1	OK	18182532.4514	0.8734	0.0494	0.0772
mast_all	occ80	QG4232	quartet_08	submodel6	OK	18192197.0027	0.9514	0.0186	0.0300
mast_all	occ80	QG4232	quartet_09	submodel1	OK	18371665.1232	0.8787	0.0459	0.0754
mast_all	occ80	QG4232	quartet_09	submodel6	OK	18380588.4057	0.9731	0.0050	0.0219
mast_all	occ80	QG4232	quartet_10	submodel1	OK	17223595.9883	0.8763	0.0481	0.0756
mast_all	occ80	QG4232	quartet_10	submodel6	OK	17232567.9610	0.9729	0.0050	0.0220
mast_all	occ80	QG4232	quartet_11	submodel1	OK	17951028.9869	0.8721	0.0508	0.0771
mast_all	occ80	QG4232	quartet_11	submodel6	OK	17960334.7303	0.9546	0.0193	0.0260
mast_all	occ80	QG4232	quartet_12	submodel1	OK	17762377.0731	0.8785	0.0485	0.0729
mast_all	occ80	QG4232	quartet_12	submodel6	OK	17771407.6173	0.9731	0.0052	0.0217
mast_all	occ80	QG4232	quartet_13	submodel1	OK	17941097.9121	0.8802	0.0500	0.0698
mast_all	occ80	QG4232	quartet_13	submodel6	OK	17950747.2115	0.9513	0.0177	0.0310
mast_all	occ80	QG4232	quartet_14	submodel1	OK	17815839.2470	0.8784	0.0449	0.0767
mast_all	occ80	QG4232	quartet_14	submodel6	OK	17825196.7974	0.9540	0.0257	0.0203
mast_all	occ80	QG4232	quartet_15	submodel1	OK	18388169.5509	0.8750	0.0520	0.0730
mast_all	occ80	QG4232	quartet_15	submodel6	OK	18397581.1519	0.9543	0.0253	0.0203
mast_all	occ80	QG4232	quartet_16	submodel1	OK	18214474.8227	0.8762	0.0486	0.0752
mast_all	occ80	QG4232	quartet_16	submodel6	OK	18223557.2756	0.9727	0.0053	0.0220
mast_hdr	occ80	JU3200	quartet_01	submodel1	OK	1295973.4237	0.9433	0.0470	0.0097
mast_hdr	occ80	JU3200	quartet_01	submodel6	OK	1296201.5752	0.9577	0.0158	0.0265
mast_hdr	occ80	JU3200	quartet_02	submodel1	OK	1280719.9152	0.9435	0.0485	0.0081
mast_hdr	occ80	JU3200	quartet_02	submodel6	OK	1280817.1629	0.9877	0.0064	0.0059
mast_hdr	occ80	JU3200	quartet_03	submodel1	OK	1319290.6531	0.9078	0.0437	0.0485
mast_hdr	occ80	JU3200	quartet_03	submodel6	OK	1319228.6401	0.9892	0.0042	0.0066
mast_hdr	occ80	JU3200	quartet_04	submodel1	OK	1285135.3116	0.9385	0.0515	0.0100
mast_hdr	occ80	JU3200	quartet_04	submodel6	OK	1285327.1425	0.9901	0.0059	0.0040
mast_hdr	occ80	JU3200	quartet_05	submodel1	OK	1294413.5459	0.9107	0.0422	0.0471
mast_hdr	occ80	JU3200	quartet_05	submodel6	OK	1294445.4384	0.9906	0.0037	0.0057
mast_hdr	occ80	JU3200	quartet_06	submodel1	OK	1294082.4839	0.9124	0.0413	0.0463
mast_hdr	occ80	JU3200	quartet_06	submodel6	OK	1294154.1486	0.9743	0.0192	0.0066
mast_hdr	occ80	JU3200	quartet_07	submodel1	OK	1301173.5583	0.9095	0.0452	0.0453
mast_hdr	occ80	JU3200	quartet_07	submodel6	OK	1301237.0711	0.9889	0.0037	0.0074
mast_hdr	occ80	JU3200	quartet_08	submodel1	OK	1266515.4078	0.9043	0.0441	0.0516
mast_hdr	occ80	JU3200	quartet_08	submodel6	OK	1266674.2912	0.9738	0.0050	0.0213
mast_hdr	occ80	JU3200	quartet_09	submodel1	OK	1299546.7875	0.9345	0.0568	0.0087
mast_hdr	occ80	JU3200	quartet_09	submodel6	OK	1299737.8817	0.9883	0.0050	0.0067
mast_hdr	occ80	JU3200	quartet_10	submodel1	OK	1262754.1680	0.9133	0.0440	0.0427
mast_hdr	occ80	JU3200	quartet_10	submodel6	OK	1262798.6147	0.9909	0.0034	0.0057
mast_hdr	occ80	JU3200	quartet_11	submodel1	OK	1269654.6483	0.9162	0.0702	0.0136
mast_hdr	occ80	JU3200	quartet_11	submodel6	OK	1269910.8639	0.9895	0.0036	0.0069
mast_hdr	occ80	JU3200	quartet_12	submodel1	OK	1296424.0495	0.9042	0.0479	0.0480
mast_hdr	occ80	JU3200	quartet_12	submodel6	OK	1296565.5457	0.9903	0.0037	0.0061
mast_hdr	occ80	JU3200	quartet_13	submodel1	OK	1311832.6488	0.8966	0.0533	0.0502
mast_hdr	occ80	JU3200	quartet_13	submodel6	OK	1312004.5213	0.9558	0.0173	0.0269
mast_hdr	occ80	JU3200	quartet_14	submodel1	OK	1298612.1046	0.9076	0.0523	0.0401
mast_hdr	occ80	JU3200	quartet_14	submodel6	OK	1298681.5321	0.9927	0.0038	0.0035
mast_hdr	occ80	JU3200	quartet_15	submodel1	OK	1303502.7562	0.8994	0.0405	0.0602
mast_hdr	occ80	JU3200	quartet_15	submodel6	OK	1303447.2332	0.9774	0.0035	0.0191
mast_hdr	occ80	JU3200	quartet_16	submodel1	OK	1265268.8164	0.9098	0.0462	0.0441
mast_hdr	occ80	JU3200	quartet_16	submodel6	OK	1265211.2433	0.9875	0.0053	0.0072
mast_hdr	occ80	JU3237	quartet_01	submodel1	OK	1116333.5852	0.8690	0.0546	0.0764
mast_hdr	occ80	JU3237	quartet_01	submodel6	OK	1116624.7817	0.9721	0.0059	0.0219
mast_hdr	occ80	JU3237	quartet_02	submodel1	OK	1181876.2460	0.8825	0.0541	0.0634
mast_hdr	occ80	JU3237	quartet_02	submodel6	OK	1182109.1554	0.9522	0.0226	0.0252
mast_hdr	occ80	JU3237	quartet_03	submodel1	OK	1199375.1325	0.8688	0.0663	0.0649
mast_hdr	occ80	JU3237	quartet_03	submodel6	OK	1199607.0599	0.9532	0.0239	0.0228
mast_hdr	occ80	JU3237	quartet_04	submodel1	OK	1151730.7295	0.8922	0.0478	0.0600
mast_hdr	occ80	JU3237	quartet_04	submodel6	OK	1151890.6503	0.9570	0.0222	0.0208
mast_hdr	occ80	JU3237	quartet_05	submodel1	OK	1153388.7061	0.8920	0.0491	0.0589
mast_hdr	occ80	JU3237	quartet_05	submodel6	OK	1153603.9428	0.9536	0.0232	0.0232
mast_hdr	occ80	JU3237	quartet_06	submodel1	OK	1194233.9766	0.8920	0.0518	0.0562
mast_hdr	occ80	JU3237	quartet_06	submodel6	OK	1194441.0048	0.9539	0.0224	0.0237
mast_hdr	occ80	JU3237	quartet_07	submodel1	OK	1165124.0211	0.8889	0.0535	0.0576
mast_hdr	occ80	JU3237	quartet_07	submodel6	OK	1165283.6790	0.4823	0.0036	0.5140
mast_hdr	occ80	JU3237	quartet_08	submodel1	OK	1190392.7261	0.8755	0.0533	0.0711
mast_hdr	occ80	JU3237	quartet_08	submodel6	OK	1190604.8519	0.9528	0.0257	0.0215
mast_hdr	occ80	JU3237	quartet_09	submodel1	OK	1213342.3771	0.8974	0.0545	0.0481
mast_hdr	occ80	JU3237	quartet_09	submodel6	OK	1213634.0072	0.9519	0.0237	0.0244
mast_hdr	occ80	JU3237	quartet_10	submodel1	OK	1192205.7662	0.9012	0.0305	0.0683
mast_hdr	occ80	JU3237	quartet_10	submodel6	OK	1192324.2608	0.9557	0.0207	0.0236
mast_hdr	occ80	JU3237	quartet_11	submodel1	OK	1151154.0253	0.8877	0.0484	0.0638
mast_hdr	occ80	JU3237	quartet_11	submodel6	OK	1151355.6418	0.9715	0.0041	0.0244
mast_hdr	occ80	JU3237	quartet_12	submodel1	OK	1163933.0785	0.8934	0.0538	0.0529
mast_hdr	occ80	JU3237	quartet_12	submodel6	OK	1164199.9925	0.9541	0.0229	0.0230
mast_hdr	occ80	JU3237	quartet_13	submodel1	OK	1206974.2653	0.8897	0.0552	0.0552
mast_hdr	occ80	JU3237	quartet_13	submodel6	OK	1207272.8364	0.4760	0.0073	0.5167
mast_hdr	occ80	JU3237	quartet_14	submodel1	OK	1199443.5265	0.8620	0.0484	0.0896
mast_hdr	occ80	JU3237	quartet_14	submodel6	OK	1199717.7639	0.5100	0.4807	0.0092
mast_hdr	occ80	JU3237	quartet_15	submodel1	OK	1191722.1522	0.8848	0.0559	0.0593
mast_hdr	occ80	JU3237	quartet_15	submodel6	OK	1191968.0781	0.9524	0.0234	0.0242
mast_hdr	occ80	JU3237	quartet_16	submodel1	OK	1152786.8422	0.8871	0.0475	0.0654
mast_hdr	occ80	JU3237	quartet_16	submodel6	OK	1152919.0614	0.9537	0.0216	0.0248
mast_hdr	occ80	QG4232	quartet_01	submodel1	OK	1288242.2278	0.6064	0.0415	0.3520
mast_hdr	occ80	QG4232	quartet_01	submodel6	OK	1288259.6793	0.9553	0.0233	0.0213
mast_hdr	occ80	QG4232	quartet_02	submodel1	OK	1330201.9021	0.8439	0.0375	0.1186
mast_hdr	occ80	QG4232	quartet_02	submodel6	OK	1330135.0562	0.9751	0.0035	0.0214
mast_hdr	occ80	QG4232	quartet_03	submodel1	OK	1340100.6553	0.8761	0.0383	0.0855
mast_hdr	occ80	QG4232	quartet_03	submodel6	OK	1340041.4421	0.9748	0.0033	0.0219
mast_hdr	occ80	QG4232	quartet_04	submodel1	OK	1354347.6318	0.9291	0.0423	0.0286
mast_hdr	occ80	QG4232	quartet_04	submodel6	OK	1355155.6488	0.9440	0.0290	0.0270
mast_hdr	occ80	QG4232	quartet_05	submodel1	OK	1334272.2830	0.9360	0.0362	0.0278
mast_hdr	occ80	QG4232	quartet_05	submodel6	OK	1334898.6409	0.9789	0.0060	0.0150
mast_hdr	occ80	QG4232	quartet_06	submodel1	OK	1347659.7112	0.9278	0.0435	0.0287
mast_hdr	occ80	QG4232	quartet_06	submodel6	OK	1348542.7338	0.9453	0.0278	0.0269
mast_hdr	occ80	QG4232	quartet_07	submodel1	OK	1344745.8504	0.9316	0.0394	0.0290
mast_hdr	occ80	QG4232	quartet_07	submodel6	OK	1345493.8031	0.9452	0.0269	0.0279
mast_hdr	occ80	QG4232	quartet_08	submodel1	OK	1324705.3386	0.9241	0.0636	0.0122
mast_hdr	occ80	QG4232	quartet_08	submodel6	OK	1324964.1420	0.9730	0.0034	0.0236
mast_hdr	occ80	QG4232	quartet_09	submodel1	OK	1398169.9412	0.9489	0.0403	0.0108
mast_hdr	occ80	QG4232	quartet_09	submodel6	OK	1398325.6783	0.9528	0.0242	0.0230
mast_hdr	occ80	QG4232	quartet_10	submodel1	OK	1332802.0208	0.8978	0.0384	0.0639
mast_hdr	occ80	QG4232	quartet_10	submodel6	OK	1332777.4456	0.9736	0.0051	0.0214
mast_hdr	occ80	QG4232	quartet_11	submodel1	OK	1348141.0436	0.9202	0.0502	0.0296
mast_hdr	occ80	QG4232	quartet_11	submodel6	OK	1349013.8470	0.9462	0.0262	0.0276
mast_hdr	occ80	QG4232	quartet_12	submodel1	OK	1306428.5818	0.9124	0.0084	0.0792
mast_hdr	occ80	QG4232	quartet_12	submodel6	OK	1306698.5907	0.9797	0.0078	0.0125
mast_hdr	occ80	QG4232	quartet_13	submodel1	OK	1300570.3808	0.9025	0.0080	0.0895
mast_hdr	occ80	QG4232	quartet_13	submodel6	OK	1300890.3224	0.9532	0.0246	0.0222
mast_hdr	occ80	QG4232	quartet_14	submodel1	OK	1279805.7674	0.8776	0.0410	0.0814
mast_hdr	occ80	QG4232	quartet_14	submodel6	OK	1279827.5506	0.9545	0.0242	0.0213
mast_hdr	occ80	QG4232	quartet_15	submodel1	OK	1353803.3524	0.8593	0.0363	0.1044
mast_hdr	occ80	QG4232	quartet_15	submodel6	OK	1353665.0080	0.9747	0.0037	0.0216
mast_hdr	occ80	QG4232	quartet_16	submodel1	OK	1286135.4502	0.9128	0.0720	0.0152
mast_hdr	occ80	QG4232	quartet_16	submodel6	OK	1286301.0506	0.9816	0.0037	0.0147
