strain,isotype,lat,long,strain_geo
NIC1292,NIC1292,3.630410973,-53.20572797,South America
NIC1295,NIC67,3.629464991,-53.20589201,South America
NIC1296,NIC67,3.629718963,-53.20582797,South America
NIC1302,NIC1302,3.616456026,-53.20972002,South America
NIC1303,NIC67,3.629718963,-53.20582797,South America
NIC1304,NIC1304,3.617134038,-53.19634804,South America
NIC1306,JU1814,4.868195029,-52.34792702,South America
NIC1308,NIC1308,4.864420993,-52.34596004,South America
NIC1351,NIC67,4.046939006,-52.67817099,South America
NIC1356,NIC67,4.064954985,-52.68396498,South America
NIC1373,NIC67,4.040937982,-52.67577703,South America
NIC1394,NIC1267,3.622260997,-53.21509198,South America
NIC1407,NIC1407,3.630410973,-53.20572797,South America
NIC1413,NIC1423,3.616456026,-53.20972002,South America
NIC1414,NIC1423,3.646186972,-53.19311899,South America
NIC1416,NIC1423,3.64749698,-53.19818996,South America
NIC1418,NIC1423,3.638836965,-53.203719,South America
NIC1421,NIC1421,4.867854975,-52.34514599,South America
NIC1423,NIC1423,3.644299032,-53.19803297,South America
NIC1424,NIC67,4.096011,-52.68555,South America
NIC1442,NIC1442,4.055087976,-52.67817702,South America
NIC146,NIC174,47.23337,7.62068,Europe
NIC1479,NIC67,4.085771022,-52.67669401,South America
NIC1480,NIC67,4.085771022,-52.67669401,South America
NIC1481,NIC67,4.085771022,-52.67669401,South America
NIC1482,NIC67,4.085771022,-52.67669401,South America
NIC1483,NIC67,4.085771022,-52.67669401,South America
NIC1485,NIC67,4.085771022,-52.67669401,South America
NIC149,NIC174,47.18187,7.49901,Europe
NIC1491,NIC1491,4.087902037,-52.67994803,South America
NIC1668,NIC1667,25.10869,121.83743,Taiwan
NIC1669,NIC1667,25.10869,121.83743,Taiwan
NIC167,NIC174,47.42318,7.85282,Europe
NIC1681,NIC1681,22.08922,120.84876,Taiwan
NIC1688,NIC1688,25.03266,121.587,Taiwan
NIC169,NIC174,47.43716,7.726,Europe
NIC1692,NIC1692,25.03488,121.58864,Taiwan
NIC1693,NIC1693,25.03488,121.58864,Taiwan
NIC17,NIC17,-21.027,55.538,Africa
NIC170,NIC174,47.41107,7.72079,Europe
NIC171,NIC174,47.25432,7.63435,Europe
NIC173,NIC174,47.1575,7.64673,Europe
NIC174,NIC174,47.1575,7.64673,Europe
NIC175,NIC174,47.1575,7.64673,Europe
NIC178,NIC174,47.198078,7.510942,Europe
NIC179,NIC174,47.28555,7.563,Europe
NIC18,NIC67,4.08533,-52.6751,South America
NIC180,NIC174,47.1575,7.64673,Europe
NIC181,NIC174,43.577528,7.095033,Europe
NIC182,NIC174,47.45864,7.82969,Europe
NIC185,NIC174,46.6583,6.69714,Europe
NIC186,NIC174,44.553473,4.410268,Europe
NIC187,NIC187,15.8552,-61.5976,Caribbean
NIC188,NIC188,16.0455,-61.6938,Caribbean
NIC19,NIC19,25.15219,121.54461,Taiwan
NIC191,NIC191,16.0455,-61.6938,Caribbean
NIC20,NIC20,24.47058,120.97781,Taiwan
NIC208,NIC174,45.823,13.843,Europe
NIC209,NIC174,45.823,13.843,Europe
NIC2093,NIC174,47.051412,7.425148,Europe
NIC2096,NIC174,43.709234,7.272098,Europe
NIC2097,NIC174,43.69047456,7.294250405,Europe
NIC2098,NIC174,43.69047456,7.294250405,Europe
NIC21,NIC21,24.47605,120.99481,Taiwan
NIC2103,NIC174,43.95892875,6.914248472,Europe
NIC2112,NIC174,43.95892875,6.914248472,Europe
NIC2182,NIC174,46.99329555,7.485543686,Europe
NIC2184,NIC174,46.99329555,7.485543686,Europe
NIC2189,NIC174,46.9932019,7.485520118,Europe
NIC2190,NIC174,46.99310575,7.485446857,Europe
NIC2191,NIC174,46.99310575,7.485446857,Europe
NIC2192,NIC174,46.99310575,7.485446857,Europe
NIC2193,NIC174,46.99310575,7.485446857,Europe
NIC2194,NIC174,46.99310575,7.485446857,Europe
NIC2195,NIC174,46.97348677,7.579198674,Europe
NIC2196,NIC174,46.97348677,7.579198674,Europe
NIC2197,NIC174,46.97348677,7.579198674,Europe
NIC2198,NIC174,46.97375238,7.579307506,Europe
NIC2199,NIC174,46.97375238,7.579307506,Europe
NIC22,NIC22,24.19177,121.01531,Taiwan
NIC2200,NIC174,47.19587204,7.534911601,Europe
NIC23,NIC67,4.08448,-52.67837,South America
NIC2356,NIC67,4.03881602,-52.67335801,South America
NIC2358,NIC419,4.039690001,-52.67415999,South America
NIC2359,NIC419,4.039690001,-52.67415999,South America
NIC2369,NIC2369,4.037352959,-52.67165498,South America
NIC243,NIC174,47.16743,7.4762,Europe
NIC248,NIC248,15.853547,-61.631073,Caribbean
NIC250,NIC250,16.0207,-61.597,Caribbean
NIC2521,NIC2527,39.476358,-0.386592,Europe
NIC541,NIC541,15.21123,-61.36602,Caribbean
NIC72,NIC67,4.08533,-52.6751,South America
NIC73,NIC67,4.08533,-52.6751,South America
NIC74,NIC67,4.08533,-52.6751,South America
NIC745,NIC583,15.32027,-61.30724,Caribbean
NIC75,NIC67,4.08533,-52.6751,South America
NIC757,NIC583,15.3578,-61.35366,Caribbean
NIC758,NIC758,15.35802,-61.3537,Caribbean
NIC76,NIC67,4.08533,-52.6751,South America
NIC77,NIC67,4.08533,-52.6751,South America
NIC776,NIC593,15.34529,-61.31009,Caribbean
NIC777,NIC777,15.5868,-61.47083,Caribbean
NIC778,NIC828,23.60255,120.88322,Taiwan
NIC779,NIC779,23.72791,120.76594,Taiwan
NIC78,NIC67,4.08533,-52.6751,South America
NIC79,NIC67,4.08533,-52.6751,South America
NIC790,NIC790,23.83645,120.7249,Taiwan
NIC791,NIC791,23.83633,120.72447,Taiwan
NIC792,NIC792,23.83633,120.72447,Taiwan
NIC793,NIC793,23.83631,120.72486,Taiwan
NIC795,NIC795,23.83617,120.72563,Taiwan
NIC796,NIC796,23.83617,120.72563,Taiwan
NIC80,NIC67,4.08533,-52.6751,South America
NIC802,NIC802,23.83701,120.72771,Taiwan
NIC803,NIC803,23.81441,120.85687,Taiwan
NIC804,BRC20543,23.81441,120.85687,Taiwan
NIC805,NIC805,23.81441,120.85687,Taiwan
NIC806,NIC805,23.81441,120.85687,Taiwan
NIC807,BRC20543,23.81441,120.8568,Taiwan
NIC808,NIC815,23.81441,120.8568,Taiwan
NIC809,NIC815,23.81441,120.85663,Taiwan
NIC81,NIC67,4.08533,-52.6751,South America
NIC998,NIC67,4.04246,-52.67676,South America
PB420,AF16,23.03,72.56,Asia
PB800,PB800,39.823748,-84.289418,North America
PB826,PB857,39.58,-84.74,North America
PB857,PB857,39.784,84.0554,Asia
PB858,PB857,39.784,84.0554,Asia
PB859,PB857,39.784,84.0554,Asia
PE887,PE887,57.131806,-2.10514,Europe
QG1002,QG2665,9.164456,-79.844623,Central America
QG1005,QG1005,9.170573,-79.84316,Central America
QG1007,QG1007,9.164456,-79.844623,Central America
QG106,NIC174,40.7254,-74.045,North America
QG107,NIC174,40.7254,-74.045,North America
QG108,NIC174,40.7254,-74.045,North America
QG109,NIC174,40.7254,-74.045,North America
QG110,NIC174,40.7254,-74.045,North America
QG1100,QG1126,9.16835,-79.839279,Central America
QG1101,QG1126,9.16835,-79.839279,Central America
QG4099,QG4097,NA,NA,unknown
QG2690,QG2665,9.153933333,-79.83166667,Central America
QG2691,QG2648,9.153933333,-79.83166667,Central America
QG2692,QG2665,9.153933333,-79.83166667,Central America
QG2693,QG739,9.153933333,-79.83166667,Central America
QG2694,QG2663,9.153933333,-79.8316667,Central America
QG2695,QG2663,9.153933333,-79.83166667,Central America
QG2714,QG2736,9.1598,-79.8399,Central America
QG2717,QG865,9.165683333,-79.84003333,Central America
QG2718,QG865,9.165683333,-79.84003333,Central America
QG2728,QG2736,9.1598,-79.8399,Central America
QG2729,QG2736,9.1598,-79.8399,Central America
QG2730,QG2736,9.1598,-79.8399,Central America
QG2731,QG2736,9.1598,-79.8399,Central America
QG2734,QG2736,9.1598,-79.8399,Central America
QG2735,QG2736,9.1598,-79.8399,Central America
QG2736,QG2736,9.1598,-79.8399,Central America
QG2737,QG888,9.1598,-79.8399,Central America
QG2738,QG888,9.1598,-79.8399,Central America
QG2739,QG888,9.1598,-79.8399,Central America
QG2740,QG888,9.1598,-79.8399,Central America
QG2741,QG888,9.160633333,-79.83651667,Central America
QG2742,QG888,9.160633333,-79.83651667,Central America
QG2752,QG2665,9.1576,-79.8339333,Central America
QG2777,QG2736,9.1598,-79.8399,Central America
QG2778,QG865,9.165683333,-79.84003333,Central America
QG2779,QG865,9.165683333,-79.84003333,Central America
QG2780,QG865,9.165683333,-79.8400333,Central America
QG2781,QG865,9.165683333,-79.84003333,Central America
QG2782,QG1126,9.165683333,-79.8400333,Central America
QG2784,QG2736,9.1602,-79.8408,Central America
QG2882,QG2883,-16.9001167,145.7495833,Australia
QG4100,QG4097,-21.16879444,148.506575,Australia
QG4233,QG4233,-21.16862222,148.5080167,Australia
JU1802,JU1802,-21.12,55.778,Africa
JU1814,JU1814,4.9459,-52.316883,South America
JU1820,NIC67,4.08805,-52.675667,South America
JU1822,NIC67,4.087967,-52.675167,South America
JU1827,NIC67,4.087467,-52.67395,South America
JU1828,NIC67,4.087733,-52.674267,South America
JU1829,NIC67,4.08545,-52.675017,South America
JU1830,NIC67,4.085333,-52.6751,South America
JU1834,NIC67,4.0844,-52.675667,South America
JU1884,JU1884,15.7,-88.8,Central America
JU1885,JU1885,7.2995,80.6437,Asia
JU1907,JU1907,-17.495,145.612,Australia
JU1908,JU1908,-17.495,145.612,Australia
JU1909,JU1909,-18.5245,146.3327,Australia
JU1912,JU1913,-20.37,148.85,Australia
JU1913,JU1913,-20.37,148.85,Australia
JU1914,JU2506,-27.48,153.03,Australia
JU1987,NIC174,48.7015,2.1725,Europe
JU1992,NIC174,48.7015,2.1725,Europe
JU1993,NIC174,48.7015,2.1725,Europe
JU4099,BRC20498,20.2845,105.905,Asia
JU1994,NIC174,48.7015,2.1725,Europe
JU1995,NIC174,48.7015,2.1725,Europe
JU1996,NIC174,48.7015,2.1725,Europe
JU1997,NIC174,48.7015,2.1725,Europe
JU1998,NIC174,48.7015,2.1725,Europe
JU1999,NIC174,48.7015,2.1725,Europe
JU2004,NIC174,48.7015,2.1725,Europe
JU2032,NIC174,48.7015,2.1725,Europe
JU2044,NIC67,5.16,-52.9,South America
JU2045,NIC61,5.07,-52.72,South America
JU2053,JU2053,21.96385,-159.35838,Hawaii
JU2054,JU2054,21.96385,-159.35838,Hawaii
JU2055,EG6268,22.219,-159.5763,Hawaii
JU2056,JU2056,22.219,-159.5763,Hawaii
JU2057,JU2057,-12.77,45.14,Africa
JU2101,NIC174,48.7015,2.1725,Europe
JU2103,NIC174,48.7015,2.1725,Europe
JU2105,NIC174,49.121,1.951,Europe
JU2138,QR25,49.121,1.951,Europe
JU2142,NIC174,46.6277,1.0523,Europe
JU2143,NIC174,46.6245,1.0525,Europe
JU2144,NIC174,46.63,1.06,Europe
JU350,NIC174,44.42,4.4,Europe
JU351,NIC174,44.42,4.4,Europe
JU352,NIC174,44.42,4.4,Europe
JU353,NIC174,44.42,4.4,Europe
JU354,NIC174,44.42,4.4,Europe
JU355,NIC174,44.42,4.4,Europe
JU357,NIC174,44.42,4.4,Europe
JU358,NIC174,44.42,4.4,Europe
JU372,NIC174,49.113,1.96,Europe
JU373,NIC174,49.113,1.96,Europe
JU374,NIC174,49.113,1.96,Europe
JU375,NIC174,49.113,1.96,Europe
JU377,NIC174,49.113,1.96,Europe
JU378,NIC174,49.113,1.96,Europe
JU3784,NIC174,49.1269,1.9595,Europe
JU379,NIC174,49.113,1.96,Europe
JU380,NIC174,49.113,1.96,Europe
JU381,NIC174,49.113,1.96,Europe
JU382,NIC174,49.113,1.96,Europe
JU383,NIC174,49.113,1.96,Europe
JU403,NIC174,49.28,-0.32,Europe
JU404,NIC174,49.28,-0.32,Europe
JU4041,QG2849,21.04125,105.79484,Asia
JU4042,JU4042,21.03892,105.83122,Asia
JU4049,JU4051,22.32427,103.88277,Asia
JU405,NIC174,49.28,-0.32,Europe
JU4051,JU4051,22.3228,103.8841,Asia
JU4058,JU4058,22.301,103.9218,Asia
JU4288,NIC174,NA,NA,unknown
JU439,NIC174,64.1,-21.9,Europe
JU441,NIC174,48.715,1.56,Europe
JU516,NIC174,43.05,0.23,Europe
NIC1065,NIC1062,20.6854,-88.2097,Central America
JU4060,JU4060,22.2901,103.9332,Asia
JU4062,JU4062,22.2898,103.9338,Asia
JU4064,JU4064,22.2883,103.9369,Asia
JU4080,JU4080,12.0641,108.5043,Asia
JU4084,JU4084,12.1639,108.6667,Asia
HPT54,HPT54,-8.530492,115.164917,Pacific
JU4097,JU4097,12.15426,108.65825,Asia
HPT55,HPT55,-8.53075,115.164939,Pacific
HPT58,HPT54,-8.525,115.167,Pacific
HPT59,HPT59,-8.52519,115.16689,Pacific
HPT60,HPT60,-8.52522,115.16686,Pacific
AF16,AF16,23.03,72.56,Asia
BRC20069,BRC20069,25.04655556,121.6149472,Taiwan
BRC20073,BRC20073,25.04655556,121.6149472,Taiwan
BRC20075,BRC20075,24.790015,121.374604,Taiwan
BRC20076,BRC20390,24.790015,121.374604,Taiwan
BRC20077,BRC20077,24.793571,121.364232,Taiwan
BRC20081,BRC20081,24.602334,121.510549,Taiwan
BRC20085,BRC20085,24.794443,121.364029,Taiwan
BRC20086,BRC20390,24.793571,121.364232,Taiwan
BRC20088,BRC20088,25.15533333,121.5465611,Taiwan
BRC20089,BRC20089,25.15533333,121.5465611,Taiwan
BRC20090,BRC20090,24.744819,121.747742,Taiwan
BRC20092,BRC20092,25.016437,121.540237,Taiwan
BRC20093,BRC20093,23.94991389,121.5518917,Taiwan
BRC20094,BRC20094,25.015958,121.541761,Taiwan
BRC20095,BRC20095,24.74725,121.746266,Taiwan
BRC20096,BRC20096,25.04372222,121.6160639,Taiwan
BRC20098,BRC20098,25.04372222,121.6160639,Taiwan
BRC20099,BRC20099,25.043399,121.616268,Taiwan
BRC20100,BRC20100,24.70731,121.738054,Taiwan
BRC20102,BRC20102,24.336532,120.607411,Taiwan
BRC20103,BRC20103,25.04655556,121.6149472,Taiwan
BRC20105,BRC20105,NA,NA,unknown
BRC20107,BRC20107,NA,NA,unknown
BRC20115,BRC20115,24.114,120.8694,Taiwan
BRC20119,BRC20119,23.836799,120.727025,Taiwan
BRC20120,NIC815,23.81433,120.856579,Taiwan
BRC20121,NIC802,23.814211,120.856072,Taiwan
BRC20122,BRC20238,23.814211,120.856072,Taiwan
BRC20123,NIC805,23.81433,120.856579,Taiwan
BRC20224,BRC20543,23.601518,120.883642,Taiwan
BRC20228,BRC20228,23.572084,120.900213,Taiwan
BRC20229,BRC20229,23.572084,120.900213,Taiwan
BRC20230,BRC20230,23.670695,120.798589,Taiwan
BRC20232,BRC20232,23.60247,120.8838617,Taiwan
BRC20234,BRC20241,23.836415,120.725183,Taiwan
BRC20236,BRC20238,23.81433,120.856579,Taiwan
BRC20237,BRC20238,23.81433,120.856579,Taiwan
BRC20238,BRC20238,23.814211,120.856072,Taiwan
BRC20239,BRC20239,23.60095833,120.8821883,Taiwan
BRC20241,BRC20241,23.836415,120.725183,Taiwan
BRC20242,BRC20242,23.836623,120.728049,Taiwan
BRC20244,BRC20244,23.72641,120.758426,Taiwan
BRC20246,BRC20246,23.600568,120.883395,Taiwan
BRC20247,BRC20390,23.60117861,120.8825369,Taiwan
BRC20254,BRC20232,23.602922,120.883222,Taiwan
BRC20255,NIC802,23.670695,120.798589,Taiwan
BRC20256,BRC20246,23.669949,120.798873,Taiwan
BRC20257,BRC20257,NA,NA,unknown
BRC20260,BRC20260,23.600208,120.883767,Taiwan
BRC20269,BRC20331,25.01947778,121.9432,Taiwan
BRC20270,BRC20270,25.0998,121.839,Taiwan
BRC20272,BRC20272,25.0998,121.839,Taiwan
BRC20289,BRC20289,25.01947778,121.9432,Taiwan
BRC20290,BRC20290,25.01947778,121.9432,Taiwan
BRC20294,BRC20294,24.993796,121.53514,Taiwan
BRC20295,BRC20294,24.993796,121.53514,Taiwan
BRC20299,BRC20320,24.84201944,121.9516639,Taiwan
BRC20308,BRC20308,24.70210833,121.73775,Taiwan
BRC20309,BRC20309,24.70210833,121.73775,Taiwan
BRC20310,BRC20311,24.70210833,121.73775,Taiwan
BRC20311,BRC20311,24.70210833,121.73775,Taiwan
BRC20312,BRC20312,24.70210833,121.73775,Taiwan
BRC20315,BRC20315,24.70210833,121.73775,Taiwan
BRC20320,BRC20320,24.84201944,121.9516639,Taiwan
BRC20324,BRC20324,24.03965278,121.155,Taiwan
BRC20331,BRC20331,25.01947778,121.9432,Taiwan
BRC20333,BRC20333,24.602334,121.510549,Taiwan
BRC20334,BRC20334,24.70731,121.738054,Taiwan
BRC20339,BRC20339,24.951309,121.630089,Taiwan
BRC20341,BRC20341,24,121,Taiwan
BRC20342,BRC20343,24,121,Taiwan
BRC20343,BRC20343,24,121,Taiwan
BRC20345,NIC802,22.674838,120.492242,Taiwan
BRC20346,BRC20346,24.84201944,121.9516639,Taiwan
BRC20347,BRC20347,25.121206,121.593578,Taiwan
BRC20348,BRC20348,25.128031,121.58826,Taiwan
BRC20353,BRC20353,14,101,Asia
BRC20354,BRC20361,14,101,Asia
BRC20355,BRC20361,14,101,Asia
BRC20356,BRC20361,14,101,Asia
BRC20360,BRC20360,14,101,Asia
BRC20361,BRC20361,14,101,Asia
BRC20362,BRC20362,14,101,Asia
BRC20366,BRC20366,25.11698,121.733184,Taiwan
BRC20367,BRC20367,24.54670963,121.5069174,Taiwan
BRC20369,BRC20369,23.7132,120.7855556,Taiwan
BRC20370,BRC20370,24.77555556,121.5802778,Taiwan
BRC20388,BRC20388,34,135,Pacific
BRC20390,BRC20390,25.027105,121.576542,Taiwan
BRC20401,BRC20401,25.017012,121.557477,Taiwan
BRC20408,BRC20390,25.027105,121.576542,Taiwan
BRC20462,BRC20390,24.822658,121.735926,Taiwan
BRC20463,BRC20463,24.822658,121.735926,Taiwan
BRC20492,BRC20492,21.958635,120.811847,Taiwan
BRC20498,BRC20498,23.7,120.8,Taiwan
BRC20499,BRC20499,24,121.5,Taiwan
BRC20500,BRC20499,24,121.5,Taiwan
BRC20501,BRC20501,24,121.5,Taiwan
BRC20502,BRC20502,22.020651,121.572794,Taiwan
BRC20503,BRC20503,22.020651,121.572794,Taiwan
BRC20519,BRC20519,21.958778,120.811764,Taiwan
BRC20520,BRC20520,21.958778,120.811764,Taiwan
BRC20522,BRC20522,25.1839015,121.5206295,Taiwan
BRC20523,BRC20522,25.1839015,121.5206295,Taiwan
BRC20524,BRC20524,25.1839015,121.5206295,Taiwan
BRC20525,BRC20522,25.1849514,121.523616,Taiwan
BRC20526,TWN1899,25.193382,121.560711,Taiwan
BRC20528,NIC779,25.155152,121.546086,Taiwan
BRC20529,BRC20529,23.63725,120.685389,Taiwan
BRC20530,BRC20530,23.33725,120.712389,Taiwan
BRC20531,BRC20531,23.792667,120.798083,Taiwan
BRC20532,BRC20532,25.138139,121.672,Taiwan
BRC20533,BRC20533,24.182667,121.626472,Taiwan
BRC20534,BRC20534,24.182667,121.626472,Taiwan
BRC20535,BRC20535,24.182667,121.626472,Taiwan
BRC20536,BRC20536,24.182667,121.626472,Taiwan
BRC20537,BRC20537,23.416972,121.275389,Taiwan
BRC20540,BRC20115,22.223167,120.849917,Taiwan
BRC20541,BRC20541,22.924056,120.543,Taiwan
BRC20542,BRC20541,22.924056,120.543,Taiwan
BRC20543,BRC20543,23.792667,120.798083,Taiwan
BRC20544,BRC20544,24.182667,121.626472,Taiwan
BRC20545,BRC20545,23.416972,121.275389,Taiwan
BRC20556,BRC20556,24.822538,121.73566,Taiwan
BRC20557,BRC20557,24.822538,121.73566,Taiwan
BRC20565,BRC20565,22.67499807,121.503295,Taiwan
BRC20571,BRC20571,22.67151131,121.50634,Taiwan
BRC20574,BRC20574,22.67248185,121.505358,Taiwan
BW287,BW287,NA,NA,unknown
DF5100,DF5100,-23.8,31.4,Africa
ECA1127,ECA1174,19.85394722,-155.1540694,Hawaii
ECA1128,ECA1174,19.85394722,-155.1540694,Hawaii
ECA1129,ECA1129,19.71867222,-155.10835,Hawaii
ECA1130,ECA1129,19.71867222,-155.10835,Hawaii
ECA1143,ECA1143,21.3419,-157.8099,Hawaii
ECA1144,ECA1143,21.3419,-157.8099,Hawaii
ECA1145,ECA1143,21.3419,-157.8099,Hawaii
ECA1147,ECA1147,21.34188,-157.8097,Hawaii
ECA1148,ECA1149,21.34293,-157.8239,Hawaii
ECA1149,ECA1149,21.34293,-157.8239,Hawaii
ECA1150,ECA1149,21.34293,-157.8239,Hawaii
ECA1151,ECA1160,21.34298,-157.8232,Hawaii
ECA1152,ECA1160,21.34298,-157.8232,Hawaii
ECA1153,ECA1160,21.34286,-157.8231,Hawaii
ECA1154,ECA1160,21.34286,-157.8231,Hawaii
ECA1155,ECA1160,21.34286,-157.8231,Hawaii
ECA1156,ECA1160,21.34286,-157.8231,Hawaii
ECA1157,EG6268,21.34251,-157.8222,Hawaii
ECA1158,EG6268,21.34251,-157.8222,Hawaii
ECA1159,EG6268,21.34251,-157.8222,Hawaii
ECA1160,ECA1160,21.34286,-157.8231,Hawaii
ECA1161,ECA1160,21.34286,-157.8231,Hawaii
ECA1162,ECA1160,21.34251,-157.8222,Hawaii
ECA1163,ECA1160,21.34298,-157.8232,Hawaii
ECA1164,ECA1164,21.34298,-157.8232,Hawaii
ECA1165,ECA1160,21.34298,-157.8232,Hawaii
ECA1166,ECA1559,21.40083,-157.8887,Hawaii
ECA1167,ECA1559,21.40083,-157.8887,Hawaii
ECA1168,ECA1559,21.40083,-157.8887,Hawaii
ECA1169,ECA1559,21.40083,-157.8887,Hawaii
ECA1170,ECA1170,21.40083,-157.8887,Hawaii
ECA1171,ECA1174,20.0403,-155.442,Hawaii
ECA1172,ECA1383,20.0403,-155.442,Hawaii
ECA1173,ECA1383,20.0403,-155.442,Hawaii
ECA1174,ECA1174,20.0403,-155.442,Hawaii
ECA1175,ECA1174,20.0403,-155.442,Hawaii
ECA1176,ECA1174,20.0403,-155.442,Hawaii
ECA1177,ECA1383,20.0403,-155.442,Hawaii
ECA1178,ECA1383,20.0403,-155.442,Hawaii
ECA1179,ECA1383,20.0403,-155.442,Hawaii
ECA1180,ECA1383,20.0403,-155.442,Hawaii
ECA1181,ECA1383,20.0403,-155.442,Hawaii
ECA1182,ECA1559,20.0387,-155.4381,Hawaii
ECA1183,ECA2385,19.12069,-155.8198,Hawaii
ECA1381,ECA1383,20.040312,-155.442105,Hawaii
ECA1382,ECA1174,20.040312,-155.442105,Hawaii
ECA1383,ECA1383,20.040312,-155.442105,Hawaii
ECA1384,ECA1174,20.040417,-155.44201,Hawaii
ECA1387,ECA1437,22.034452,-159.379505,Hawaii
ECA1399,ECA1383,21.342699,-157.821547,Hawaii
ECA1407,ECA1383,21.342699,-157.821547,Hawaii
ECA1411,ECA1411,22.053192,-159.365224,Hawaii
ECA1423,ECA1423,22.034251,-159.379145,Hawaii
ECA1425,ECA1423,22.034251,-159.379145,Hawaii
ECA1427,ECA1429,22.061725,-159.346309,Hawaii
ECA1429,ECA1429,22.061725,-159.346309,Hawaii
ECA1431,ECA1431,22.063133,-159.347149,Hawaii
ECA1434,ECA1437,22.03447222,-159.3794278,Hawaii
ECA1435,ECA1437,22.03447222,-159.3794278,Hawaii
ECA1437,ECA1437,22.034472,-159.37943,Hawaii
ECA1439,ECA1439,22.061908,-159.34675,Hawaii
ECA1443,ECA1443,22.053315,-159.36556,Hawaii
ECA1455,ECA1559,21.395675,-157.90099,Hawaii
ECA1457,ECA1559,21.399,-157.8995,Hawaii
ECA1459,ECA1489,21.395675,-157.90099,Hawaii
ECA1461,ECA1559,21.395786,-157.90051,Hawaii
ECA1469,ECA1489,21.395675,-157.90099,Hawaii
ECA1471,ECA1471,21.311842,-157.76172,Hawaii
ECA1473,ECA1563,21.308741,-157.79564,Hawaii
ECA1475,ECA1563,21.308741,-157.79564,Hawaii
ECA1477,ECA1559,21.395786,-157.90051,Hawaii
ECA1479,ECA1559,21.401228,-157.88682,Hawaii
ECA1483,ECA1509,21.3184,-157.81864,Hawaii
ECA1485,ECA1509,21.3184,-157.81864,Hawaii
ECA1487,ECA1489,21.395558,-157.90104,Hawaii
ECA1489,ECA1489,21.395558,-157.90104,Hawaii
ECA1491,ECA1489,21.395558,-157.90104,Hawaii
ECA1495,ECA1507,21.310911,-157.79492,Hawaii
ECA1497,ECA1559,21.395675,-157.90099,Hawaii
ECA1499,ECA1489,21.395558,-157.90104,Hawaii
ECA1501,ECA1559,21.399,-157.8995,Hawaii
ECA1505,ECA1489,21.395675,-157.90099,Hawaii
ECA1507,ECA1507,21.310911,-157.79492,Hawaii
ECA1509,ECA1509,21.3184,-157.81864,Hawaii
ECA1511,ECA1509,21.3184,-157.81864,Hawaii
ECA1513,ECA2083,21.320797,-157.81977,Hawaii
ECA1517,ECA1517,21.317117,-157.81976,Hawaii
ECA1521,ECA1521,21.318231,-157.81974,Hawaii
ECA1523,ECA1559,21.399,-157.8995,Hawaii
ECA1525,ECA1559,21.399,-157.8995,Hawaii
ECA1527,ECA1563,21.307381,-157.79664,Hawaii
ECA1529,ECA2083,21.320797,-157.81977,Hawaii
ECA1531,ECA2083,21.320797,-157.81977,Hawaii
ECA1533,ECA2083,21.320797,-157.81977,Hawaii
ECA1535,ECA1563,21.308741,-157.79564,Hawaii
ECA1537,ECA1563,21.308741,-157.79564,Hawaii
ECA1539,ECA1563,21.308741,-157.79564,Hawaii
ECA1541,ECA1563,21.308741,-157.79564,Hawaii
ECA1543,ECA2083,21.320797,-157.81977,Hawaii
ECA1545,ECA1609,21.329439,-157.82219,Hawaii
ECA1547,ECA1555,21.300119,-157.76264,Hawaii
ECA1549,ECA1555,21.300119,-157.76264,Hawaii
ECA1551,ECA1555,21.300119,-157.76264,Hawaii
ECA1553,ECA1559,21.401228,-157.88682,Hawaii
ECA1555,ECA1555,21.300119,-157.76264,Hawaii
ECA1557,ECA1559,21.401228,-157.88682,Hawaii
ECA1559,ECA1559,21.401228,-157.88682,Hawaii
ECA1561,ECA1521,21.320522,-157.81975,Hawaii
ECA1563,ECA1563,21.307381,-157.79664,Hawaii
ECA1565,ECA1609,21.328925,-157.82301,Hawaii
ECA1567,ECA1609,21.329439,-157.82219,Hawaii
ECA1569,ECA1559,21.329439,-157.82219,Hawaii
ECA1571,ECA1571,21.392064,-157.90236,Hawaii
ECA1573,ECA1489,21.395875,-157.90066,Hawaii
ECA1575,ECA1609,21.328939,-157.82296,Hawaii
ECA1577,ECA1559,21.401228,-157.88682,Hawaii
ECA1587,ECA1587,21.308944,-157.7956,Hawaii
ECA1589,ECA1489,21.395875,-157.90066,Hawaii
ECA1591,ECA1489,21.395875,-157.90066,Hawaii
ECA1593,ECA1489,21.395875,-157.90066,Hawaii
ECA1595,ECA1489,21.395875,-157.90066,Hawaii
ECA1597,ECA1489,21.395875,-157.90066,Hawaii
ECA1601,ECA1489,21.394489,-157.90023,Hawaii
ECA1605,ECA1605,21.395786,-157.90051,Hawaii
ECA1607,ECA1160,21.329439,-157.82219,Hawaii
ECA1609,ECA1609,21.329439,-157.82219,Hawaii
ECA161,ECA161,20.854584,-156.169313,Hawaii
ECA1611,ECA1611,21.317486,-157.81858,Hawaii
ECA1613,ECA1611,21.317486,-157.81858,Hawaii
ECA1615,ECA1615,21.317486,-157.81858,Hawaii
ECA1617,ECA1611,21.317486,-157.81858,Hawaii
ECA1619,ECA1611,21.317486,-157.81858,Hawaii
ECA162,ECA162,20.79915,-156.03812,Hawaii
ECA1621,ECA1621,21.301669,-157.76258,Hawaii
ECA1623,ECA1621,21.301669,-157.76258,Hawaii
ECA1625,ECA1621,21.301669,-157.76258,Hawaii
ECA1627,ECA1609,21.329528,-157.82251,Hawaii
ECA1629,ECA1609,21.329528,-157.82251,Hawaii
ECA163,ECA163,42.361025,-88.427841,North America
ECA1631,ECA1609,21.329528,-157.82251,Hawaii
ECA1637,ECA1637,20.952098,-156.53317,Hawaii
ECA1639,ECA1637,20.952098,-156.53317,Hawaii
ECA1641,ECA1637,20.952098,-156.53317,Hawaii
ECA1643,ECA2373,20.837056,-156.28088,Hawaii
ECA1645,ECA2373,20.837056,-156.28088,Hawaii
ECA1651,ECA2373,20.837056,-156.28088,Hawaii
ECA1653,ECA2373,20.837058,-156.28085,Hawaii
ECA1655,ECA2373,20.837058,-156.28085,Hawaii
ECA1657,ECA1657,20.948692,-156.53654,Hawaii
ECA1659,ECA2299,20.948692,-156.53654,Hawaii
ECA1661,ECA1657,20.948692,-156.53654,Hawaii
ECA1663,ECA1701,19.110589,-155.82645,Hawaii
ECA1667,ECA2373,20.837057,-156.28086,Hawaii
ECA1669,ECA1701,19.110589,-155.82645,Hawaii
ECA1701,ECA1701,19.110589,-155.82645,Hawaii
ECA1706,ECA1701,19.110589,-155.82645,Hawaii
ECA175,ECA175,21.306265,-157.851375,Hawaii
ECA176,ECA176,21.386338,-157.925536,Hawaii
ECA177,ECA177,21.282235,-157.801556,Hawaii
ECA1773,ECA1609,21.329439,-157.82219,Hawaii
ECA178,ECA183,21.286914,-157.834785,Hawaii
ECA179,ECA176,21.386338,-157.925536,Hawaii
ECA180,ECA180,21.3114,-157.7964,Hawaii
ECA181,ECA176,21.386338,-157.925536,Hawaii
ECA182,ECA182,21.465,-157.9968,Hawaii
ECA183,ECA183,21.258435,-157.766307,Hawaii
ECA185,ECA185,21.296233,-157.701988,Hawaii
ECA186,ECA186,21.303087,-157.827917,Hawaii
ECA188,ECA1174,19.424167,-155.2225,Hawaii
ECA2083,ECA2083,21.320797,-157.81977,Hawaii
ECA2089,ECA1559,21.395786,-157.90051,Hawaii
ECA2093,ECA2093,20.948832,-156.53565,Hawaii
ECA2115,ECA2115,20.952098,-156.53317,Hawaii
ECA2239,ECA2385,19.12024722,-155.8206944,Hawaii
ECA2241,ECA1559,20.04134722,-155.4435611,Hawaii
ECA2275,ECA2373,20.83708,-156.28088,Hawaii
ECA2277,ECA2373,20.83708,-156.28088,Hawaii
ECA2279,ECA2373,20.83708,-156.28088,Hawaii
ECA2297,ECA2299,20.949184,-156.53637,Hawaii
ECA2299,ECA2299,20.949184,-156.53637,Hawaii
ECA2301,ECA2299,20.949184,-156.53637,Hawaii
ECA2303,ECA2299,20.949184,-156.53637,Hawaii
ECA2305,ECA2299,20.949184,-156.53637,Hawaii
ECA2368,ECA2373,20.837072,-156.28088,Hawaii
ECA2371,ECA2373,20.837072,-156.28088,Hawaii
ECA2373,ECA2373,20.837072,-156.28088,Hawaii
ECA2379,ECA2385,19.120342,-155.8204,Hawaii
ECA2381,ECA2385,19.120342,-155.8204,Hawaii
ECA2383,ECA2385,19.120342,-155.8204,Hawaii
ECA2385,ECA2385,19.120342,-155.8204,Hawaii
ECA2387,ECA2385,19.120342,-155.8204,Hawaii
ECA2425,ECA2425,20.038736,-155.44001,Hawaii
ECA2455,ECA2385,19.120247,-155.82069,Hawaii
ECA2457,ECA2385,19.120247,-155.82069,Hawaii
ECA2462,ECA1701,19.110611,-155.82639,Hawaii
ECA2464,ECA1701,19.110611,-155.82639,Hawaii
ECA2470,ECA1701,19.110611,-155.82639,Hawaii
ECA2491,ECA2385,19.12024722,-155.8206944,Hawaii
ECA2493,ECA2385,19.12024722,-155.8206944,Hawaii
ECA2499,EG6268,20.94867222,-156.5359111,Hawaii
ECA2501,EG6268,20.94867222,-156.5359111,Hawaii
ECA2503,EG6268,20.94867222,-156.5359111,Hawaii
ECA2505,EG6268,20.94867222,-156.5359111,Hawaii
ECA2507,EG6268,22.20333611,-159.5961389,Hawaii
ECA2511,EG6268,22.20333611,-159.5961389,Hawaii
ECA2513,EG6268,22.20333611,-159.5961389,Hawaii
ECA2515,EG6268,20.94867222,-156.5359111,Hawaii
ECA2613,ECA2663,-26.6213395,152.6923809,Australia
ECA2614,ECA2663,-26.6213395,152.6923809,Australia
ECA2616,ECA2623,12.17453,-61.62731,Caribbean
ECA2617,ECA2617,-26.26214444,152.8295528,Australia
ECA2618,ECA2618,-26.2619772,152.8296094,Australia
ECA2619,ECA2621,-26.6275648,152.8409822,Australia
ECA2620,ECA2621,-26.6275648,152.8409822,Australia
ECA2621,ECA2621,-26.6275648,152.8409822,Australia
ECA2622,ECA2621,-26.6298145,152.8413861,Australia
ECA2623,ECA2623,12.17453,-61.62731,Caribbean
ECA2624,ECA2617,-26.26214444,152.8295528,Australia
ECA2625,ECA2625,-26.6228223,152.6905986,Australia
ECA2626,ECA2626,-26.62221389,152.6910056,Australia
ECA2627,ECA2626,-26.62221389,152.6910056,Australia
ECA2628,ECA2621,-26.6275648,152.8409822,Australia
ECA2629,ECA2621,-26.6298145,152.8413861,Australia
ECA2630,ECA2621,-26.6298145,152.8413861,Australia
ECA2631,ECA2621,-26.6298145,152.8413861,Australia
ECA2632,ECA2625,-26.6228223,152.6905986,Australia
ECA2633,ECA2647,-21.16846111,148.5079194,Australia
ECA2634,ECA2636,-26.3674836,152.5852451,Australia
ECA2635,ECA2636,-26.3674836,152.5852451,Australia
ECA2636,ECA2636,-26.3674836,152.5852451,Australia
ECA2637,ECA2637,-26.3674836,152.5852451,Australia
ECA2638,ECA2647,-21.16846111,148.5079194,Australia
ECA2639,ECA2639,-26.26204861,152.8294249,Australia
ECA2645,ECA2645,-26.62221389,152.6910056,Australia
ECA2646,ECA2647,-21.1683872,148.5075834,Australia
ECA2647,ECA2647,-21.1683872,148.5075834,Australia
ECA2661,ECA2663,-26.6213395,152.6923809,Australia
ECA2662,ECA2663,-26.6213395,152.6923809,Australia
ECA2663,ECA2663,-26.6213395,152.6923809,Australia
ECA2664,ECA2664,12.17453,-61.62731,Caribbean
ECA2666,ECA2666,-21.16771623,148.504728,Australia
ECA2667,ECA2667,-26.36741111,152.5852889,Australia
ECA2668,ECA2636,-26.3674836,152.5852451,Australia
ECA2669,ECA2670,-26.3588565,152.6355008,Australia
ECA2670,ECA2670,-26.3588565,152.6355008,Australia
ECA2671,ECA2621,-26.62972778,152.84135,Australia
ECA276,ECA276,42.496411,-88.240099,North America
ECA277,ECA278,42.496411,-88.240099,North America
ECA278,ECA278,42.496411,-88.240099,North America
ECA280,ECA276,42.496411,-88.240099,North America
ECA2807,ECA2808,29.63841735,-82.36117781,North America
ECA2808,ECA2808,29.642849,-82.34452,North America
ECA2867,ECA2385,20.039939,-155.4412378,Hawaii
ECA2869,ECA2385,20.0399351,-155.441194,Hawaii
ECA287,ECA287,9.926663289,-84.04235373,Central America
ECA2875,ECA1559,21.4012162,-157.8962229,Hawaii
ECA2876,ECA1559,21.4012162,-157.8962229,Hawaii
ECA2877,ECA1559,21.4012162,-157.8962229,Hawaii
ECA2878,ECA1559,21.4012162,-157.8962229,Hawaii
ECA2879,ECA1559,21.4012162,-157.8962229,Hawaii
ECA288,ECA288,9.926663289,-84.04235373,Central America
ECA2883,ECA2883,21.3570225,-157.7642941,Hawaii
ECA2890,ECA2890,21.3557721,-157.7653457,Hawaii
ECA2892,EG6268,21.3570225,-157.7642941,Hawaii
ECA2893,EG6268,21.3570225,-157.7642941,Hawaii
ECA2894,ECA2894,21.3570225,-157.7642941,Hawaii
ECA2907,ECA1701,19.11058638,-155.8263837,Hawaii
ECA2912,ECA2385,20.0399351,-155.441194,Hawaii
ECA2936,EG6268,22.0644491,-159.3489139,Hawaii
ECA2937,EG6268,22.0644491,-159.3489139,Hawaii
ECA2975,ECA2975,22.0638967,-159.3522759,Hawaii
ECA3010,ECA1701,19.1106132,-155.8264134,Hawaii
ECA3014,ECA2385,19.1203477,-155.8204507,Hawaii
ECA3015,ECA1701,19.1106132,-155.8264134,Hawaii
ECA3017,ECA1701,19.1106132,-155.8264134,Hawaii
ECA3018,ECA2385,19.1143089,-155.8208497,Hawaii
ECA3019,ECA2385,19.1143089,-155.8208497,Hawaii
ECA3020,ECA2385,19.1203477,-155.8204507,Hawaii
ECA3022,ECA2385,19.1203477,-155.8204507,Hawaii
ECA3023,ECA2385,19.1203477,-155.8204507,Hawaii
ECA3026,ECA2385,19.1206711,-155.81993,Hawaii
ECA3028,ECA2385,19.1206711,-155.81993,Hawaii
ECA3029,ECA1174,20.040273,-155.4421593,Hawaii
ECA3031,ECA1174,20.040273,-155.4421593,Hawaii
ECA3056,ECA1174,20.040273,-155.4421593,Hawaii
ECA3059,ECA1174,20.0403662,-155.4420651,Hawaii
ECA3061,ECA1174,20.0403662,-155.4420651,Hawaii
ECA3064,ECA2385,19.1201404,-155.8210936,Hawaii
ECA3065,ECA2385,19.1201404,-155.8210936,Hawaii
ECA3066,ECA2385,19.1201404,-155.8210936,Hawaii
ECA3071,ECA2385,19.1201404,-155.8210936,Hawaii
ECA3083,ECA1559,21.4039149,-157.8861868,Hawaii
ECA3084,ECA1559,21.4039149,-157.8861868,Hawaii
ECA3085,ECA1559,21.3939005,-157.9001366,Hawaii
ECA3086,ECA1559,21.3939005,-157.9001366,Hawaii
ECA3090,ECA1559,21.3939005,-157.9001366,Hawaii
ECA3091,ECA3091,21.3291451,-157.8211953,Hawaii
ECA3093,ECA1559,21.4039149,-157.8861868,Hawaii
ECA3109,ECA1174,20.0404308,-155.4420926,Hawaii
ECA3111,ECA1559,20.0404308,-155.4420926,Hawaii
ECA343,ECA343,21.3166667,-157.8202778,Hawaii
ECA344,ECA343,21.3166667,-157.8202778,Hawaii
ECA346,ECA346,26.461525,-82.0554972,North America
ECA3498,ECA1383,22.075576,-159.414086,Hawaii
ECA3499,ECA1383,22.0756,-159.414057,Hawaii
ECA3500,ECA3502,22.0756,-159.414057,Hawaii
ECA3501,ECA3502,22.0756,-159.414057,Hawaii
ECA3502,ECA3502,22.0756,-159.414057,Hawaii
ECA3503,ECA3503,22.075157,-159.41413,Hawaii
ECA3504,ECA3503,22.075157,-159.41413,Hawaii
ECA3505,ECA3509,22.081717,-159.412805,Hawaii
ECA3506,ECA3509,22.081717,-159.412805,Hawaii
ECA3507,ECA3509,22.081717,-159.412805,Hawaii
ECA3508,ECA3509,22.081717,-159.412805,Hawaii
ECA3509,ECA3509,22.081717,-159.412805,Hawaii
ECA3515,ECA1174,20.04029297,-155.442011,Hawaii
ECA3520,ECA1160,21.328903,-157.821239,Hawaii
ECA3521,ECA1174,20.04029297,-155.442011,Hawaii
ECA3522,ECA1174,20.04029297,-155.442011,Hawaii
ECA3539,ECA1609,21.328903,-157.821239,Hawaii
ECA3540,ECA1160,21.328903,-157.821239,Hawaii
ECA3541,ECA1609,21.328903,-157.821239,Hawaii
ECA3544,ECA1174,20.04032397,-155.442187,Hawaii
ECA3545,ECA1174,20.04032397,-155.442187,Hawaii
ECA3552,ECA1174,20.04034,-155.442081,Hawaii
ECA3553,ECA1174,20.04034,-155.442081,Hawaii
ECA3554,ECA1383,20.04034,-155.442081,Hawaii
ECA3555,ECA1174,20.04034,-155.442081,Hawaii
ECA3557,ECA1174,20.04034,-155.442081,Hawaii
ECA3563,ECA1609,21.328945,-157.822805,Hawaii
ECA3564,ECA1609,21.328945,-157.822805,Hawaii
ECA3567,ECA1609,21.32890897,-157.822903,Hawaii
ECA3568,ECA1559,21.400231,-157.89677,Hawaii
ECA3569,ECA1559,21.400231,-157.89677,Hawaii
ECA357,ECA1383,19.4833333,-154.9022222,Hawaii
ECA360,ECA2385,20.2236111,-155.7644444,Hawaii
ECA3629,ECA1559,20.040451,-155.442092,Hawaii
ECA3633,ECA1559,20.040469,-155.442103,Hawaii
ECA3639,ECA1559,20.04049097,-155.442069,Hawaii
ECA3642,ECA1559,20.04049097,-155.442069,Hawaii
ECA3648,ECA1174,20.04025897,-155.44199,Hawaii
ECA3649,ECA1174,20.04025897,-155.44199,Hawaii
ECA3650,ECA1174,20.04025897,-155.44199,Hawaii
ECA3651,ECA1174,20.04025897,-155.44199,Hawaii
ECA3652,ECA1174,20.04025897,-155.44199,Hawaii
ECA3653,ECA1174,20.04025897,-155.44199,Hawaii
ECA3655,ECA1383,20.040423,-155.442232,Hawaii
ECA3657,ECA1559,20.04049097,-155.442069,Hawaii
ECA3661,ECA1383,20.040406,-155.442367,Hawaii
ECA3662,ECA1383,20.040406,-155.442367,Hawaii
ECA3669,ECA1174,20.040423,-155.442232,Hawaii
ECA3675,ECA1559,20.040451,-155.442092,Hawaii
ECA3679,ECA1383,20.040423,-155.442232,Hawaii
ECA3681,ECA1559,20.040469,-155.442103,Hawaii
ECA3683,ECA2385,19.120398,-155.820122,Hawaii
ECA3706,JU1344,43.06,0.24,Europe
ECA3707,ECA3708,21.57379444,-158.2086139,Hawaii
ECA3708,ECA3708,21.57379444,-158.2086139,Hawaii
ECA3709,ECA3708,21.57379444,-158.2086139,Hawaii
ECA371,ECA371,22.0286111,-159.3825,Hawaii
ECA3710,ECA3713,21.63323889,-158.05215,Hawaii
ECA3712,ECA3712,21.63066111,-158.0478667,Hawaii
ECA3713,ECA3713,21.63323889,-158.05215,Hawaii
ECA3738,AF16,NA,NA,unknown
ECA3889,HK104,NA,NA,unknown
ECA3890,HK104,NA,NA,unknown
ECA3898,HK104,NA,NA,unknown
ECA3899,ECA3899,21.87481389,-159.4416472,Hawaii
ECA569,ECA569,42.361085,-88.4278679,North America
ED3032,ED3032,25.158056,121.515831,Taiwan
ED3033,ED3037,25.123667,121.532982,Taiwan
ED3034,ED3037,25.123667,121.532982,Taiwan
ED3035,ED3037,25.117,121.531,Taiwan
ED3036,BRC20228,25.123667,121.532982,Taiwan
ED3037,ED3037,25.123667,121.532982,Taiwan
ED3078,ED3088,-26.2,28,Africa
ED3080,ED3088,-26.2,28,Africa
ED3082,ED3088,-26.166956,28.016457,Africa
ED3083,ED3088,-26.2,28,Africa
ED3085,ED3088,-26.166667,28.016667,Africa
ED3087,ED3088,-26.166946,28.016466,Africa
ED3088,ED3088,-26.166667,28.016667,Africa
ED3089,ED3088,-26.2,28,Africa
ED3090,ED3102,-1.316667,36.8,Africa
ED3091,ED3102,-1.316667,36.799999,Africa
ED3092,ED3102,-1.316667,36.799999,Africa
ED3093,ED3102,-1.316667,36.8,Africa
ED3095,ED3102,-1.316667,36.799999,Africa
ED3096,ED3102,-1.316667,36.799999,Africa
ED3097,ED3102,-1.316667,36.8,Africa
ED3098,ED3102,-1.316667,36.799999,Africa
ED3101,ED3102,-1.316667,36.8,Africa
ED3102,ED3102,-1.316667,36.8,Africa
HPT6,HPT34,-7.804742,112.516223,Pacific
EG4181,EG4360,40.707267,-111.867575,North America
EG4207,EG4360,NA,NA,unknown
EG4360,EG4360,40.6,-111.8,North America
EG4365,EG4360,40.77,-111.83,North America
EG5612,EG5612,-23.18,-44.19,South America
EG5613,EG5613,-23.18234,-44.19456,South America
EG5614,EG5612,-23.18,-44.19,South America
EG5715,EG4360,40.7073,-111.8675,North America
NIC1066,NIC1062,20.6854,-88.2097,Central America
EG5784,EG4360,40.7073,-111.8675,North America
EG6179,EG6179,-17.53,-149.83,Pacific
EG6257,EG6261,18.11,-66.16,Caribbean
EG6258,EG6260,18.11,-66.16,Caribbean
EG6259,EG6261,18.11,-66.16,Caribbean
EG6260,EG6260,18.11,-66.16,Caribbean
EG6261,EG6261,18.11,-66.16,Caribbean
EG6262,EG6260,18.11,-66.16,Caribbean
EG6263,EG6261,18.11,-66.16,Caribbean
EG6265,EG6265,18.11,-66.16,Caribbean
EG6266,EG6260,18.11,-66.16,Caribbean
EG6267,EG6267,18.45,-66,Caribbean
EG6268,EG6268,18.3,-65.8,Caribbean
EG6269,EG6268,18.3,-65.8,Caribbean
EG6270,EG6268,18.3,-65.8,Caribbean
EG6271,EG6271,18.3,-65.8,Caribbean
EG6272,EG6272,18.45,-66,Caribbean
EG6273,EG6276,-23.5,-46.7,South America
EG6274,EG6274,-23.5,-46.7,South America
EG6275,EG6275,-23.5,-46.7,South America
EG6276,EG6276,-23.5,-46.7,South America
EG6313,EG6276,-23.5,-46.7,South America
EG6329,EG6329,18.3,-65.8,Caribbean
GUN124,GUN124,42.4675,-76.48722222,North America
GXW21,GXW22,23.15,113.35,Asia
GXW22,GXW22,23.15,113.35,Asia
GXW23,GXW23,30.54,114.42,Asia
GXW24,GXW22,36.716667,119.099998,Asia
GXW25,GXW22,32.950001,117.199997,Asia
GXW26,GXW22,24.78,117.2,Asia
HK104,HK104,34.66,133.9,Pacific
HK105,HK104,38.3,140.9,Pacific
HPT1,HPT37,-7.8066732,112.5209487,Pacific
HPT11,HPT11,-7.8,112.516,Pacific
HPT12,HPT34,-7.79981,112.516,Pacific
HPT13,HPT16,-7.8240522,112.5795463,Pacific
HPT16,HPT16,-7.822561,112.5870957,Pacific
HPT18,HPT18,-7.8234117,112.5873372,Pacific
HPT19,HPT19,-7.8235187,112.5881514,Pacific
HPT2,HPT2,-7.800708,112.515721,Pacific
HPT21,HPT21,-7.8254539,112.5897866,Pacific
NIC1289,NIC1423,3.603578992,-53.19479303,South America
HPT22,HPT21,-7.839663,112.570136,Pacific
HPT23,HPT24,-8.533229,116.23986,Pacific
HPT24,HPT24,-8.531795,116.239193,Pacific
HPT28,HPT42,-8.542093,116.366808,Pacific
HPT34,HPT34,-5.256105,119.863864,Pacific
HPT37,HPT37,-5.256498,119.864142,Pacific
HPT4,HPT4,-7.801594,112.517286,Pacific
HPT42,HPT42,-5.252889,119.865139,Pacific
HPT45,HPT42,-5.238139,119.642444,Pacific
HPT52,HPT52,-8.5405,115.1725,Pacific
HPT53,HPT53,-8.526342,115.167778,Pacific
HPT62,HPT62,-8.41222,115.58591,Pacific
HPT63,HPT63,-8.37285,115.4541,Pacific
HPT7,HPT7,-7.804727,112.51613,Pacific
HPT8,HPT8,-7.80504,112.51691,Pacific
HPT9,HPT9,-7.803102,112.515932,Pacific
JU1038,NIC174,46.63,1.06,Europe
JU1041,NIC174,46.63,1.06,Europe
JU1042,NIC174,46.63,1.06,Europe
JU1043,NIC174,46.63,1.06,Europe
JU1044,NIC174,46.63,1.06,Europe
JU1045,NIC174,46.63,1.06,Europe
JU1046,NIC174,46.63,1.06,Europe
JU1047,NIC174,46.63,1.06,Europe
JU1048,NIC174,46.63,1.06,Europe
JU1049,NIC174,46.63,1.06,Europe
JU1085,JU1257,34.7615,138.0168,Pacific
JU1205,NIC174,46.63,1.06,Europe
JU1254,NIC174,49.12618,1.96152,Europe
JU1257,JU1257,49.1255,1.951,Europe
JU1258,NIC174,49.1255,1.951,Europe
JU1259,NIC174,49.1255,1.951,Europe
JU1260,NIC174,49.1261,1.9533,Europe
JU1261,NIC174,49.1261,1.95034,Europe
JU1262,NIC174,49.1261,1.95034,Europe
JU1263,NIC174,49.1261,1.95034,Europe
JU1264,NIC174,49.1261,1.95034,Europe
JU1337,JU1337,8.32,77.075,Asia
JU1338,JU1338,8.509,76.956,Asia
JU1339,JU1338,8.7119,77.1287,Asia
JU1340,JU1338,8.76405,77.11337,Asia
JU1341,JU1341,8.7633,77.114,Asia
JU1342,JU1338,8.7632,77.115,Asia
JU1343,JU1338,8.7625,77.116,Asia
JU1344,JU1344,8.7629,77.1155,Asia
JU1345,JU1344,8.7632,77.1145,Asia
JU1346,JU1346,9.55,76.8,Asia
JU1347,JU1347,9.6,77.13,Asia
JU1348,JU1348,9.55,77.2,Asia
JU1375,JU1375,-21.0469,55.6885,Africa
JU1376,NIC174,-21.0484,55.6878,Africa
JU1377,JU1377,-21.0476,55.6905,Africa
JU1378,JU1378,-21.0478,55.6878,Africa
JU1392,JU1392,-22.916,-43.173,South America
JU1399,JU1399,5.9,-75.9,South America
JU1424,JU1424,22.4,105.6,Asia
JU1435,JU1435,-21.05,55.27,Africa
JU1467,NIC174,48.7069,2.1296,Europe
JU1468,NIC174,48.7069,2.1296,Europe
JU1469,NIC174,48.7069,2.1296,Europe
JU1470,NIC174,48.7069,2.1296,Europe
JU1471,NIC174,48.7069,2.1296,Europe
JU1472,NIC174,48.7069,2.1296,Europe
JU1473,NIC174,48.7069,2.1296,Europe
JU1474,NIC174,48.7069,2.1296,Europe
JU1496,NIC174,46.63,1.06,Europe
JU1497,NIC174,46.63,1.06,Europe
JU1498,NIC174,46.63,1.06,Europe
JU1499,NIC174,46.63,1.06,Europe
JU1500,NIC174,46.63,1.06,Europe
JU1509,NIC174,46.63,1.06,Europe
JU1529,NIC174,48.7015,2.1725,Europe
JU1533,NIC174,48.7015,2.1725,Europe
JU1542,NIC174,48.7015,2.1725,Europe
JU1551,NIC174,48.7015,2.1725,Europe
JU1556,NIC174,48.7015,2.1725,Europe
JU1560,NIC174,48.7015,2.1725,Europe
JU1561,NIC174,48.7015,2.1725,Europe
JU1562,NIC174,48.7006,2.1804,Europe
JU1564,JU1564,40.86,-73.47,North America
JU1637,JU1637,17.1363,-25.0682,Africa
JU1638,JU1638,17.13768,-25.06689,Africa
JU1767,NIC174,48.7006,2.1804,Europe
JU1775,NIC174,46.906,1.3946,Europe
JU1776,NIC174,46.906,1.3948,Europe
JU1784,NIC174,48.8092,2.3862,Europe
JU1788,NIC174,48.8092,2.3862,Europe
JU1789,NIC174,48.834,2.385,Europe
JU1791,NIC174,46.63,1.06,Europe
JU1794,JU1794,-16.8,-151.5,Pacific
JU1795,JU1795,-16.8,-151.5,Pacific
JU1799,JU1799,-21.12,55.778,Africa
JU2145,NIC174,46.63,1.06,Europe
JU2160,JU2160,-6.2709,39.417,Africa
JU2162,JU2162,-6.2715,39.416,Africa
JU2164,NIC174,48.7015,2.1725,Europe
JU2181,QR25,47.019065,-70.84001,North America
JU2182,QR25,45.5617,-73.5613,North America
JU2183,QR25,45.5617,-73.5613,North America
JU2184,QR25,45.5573,-73.5621,North America
JU2185,QR25,45.50413,-73.58472,North America
JU2206,NIC174,48.7015,2.1725,Europe
JU2208,NIC174,48.7015,2.1725,Europe
JU2214,JU2214,-6.462863,-76.335715,South America
JU2216,JU2216,-6.480251,-76.356593,South America
JU2217,NIC174,48.7015,2.1725,Europe
JU2218,NIC174,48.7015,2.1725,Europe
JU2219,NIC174,48.7015,2.1725,Europe
JU2220,NIC174,48.7015,2.1725,Europe
JU2221,NIC174,48.6968,1.837,Europe
JU2222,NIC174,48.6968,1.837,Europe
JU2223,NIC174,48.7015,2.1725,Europe
JU2224,NIC174,48.6968,1.837,Europe
JU2225,NIC174,48.7015,2.1725,Europe
JU2226,NIC174,48.7015,2.1725,Europe
JU2227,NIC174,48.7015,2.1725,Europe
JU2228,NIC174,48.7015,2.1725,Europe
JU2229,NIC174,48.25507,2.823217,Europe
JU2233,NIC174,48.7015,2.1725,Europe
JU2247,NIC174,48.7015,2.1725,Europe
JU2248,NIC174,48.7015,2.1725,Europe
JU2252,NIC174,48.7015,2.1725,Europe
JU2256,NIC174,48.7015,2.1725,Europe
JU2457,JU2457,-12.801653,-69.289488,South America
JU2470,JU2470,-12.732834,45.186209,Africa
JU2471,NIC1183,-13.1556,-72.524,South America
JU2472,JU2472,-12.732834,45.186209,Africa
JU2473,JU2472,-12.732834,45.186209,Africa
JU2506,JU2506,48.7015,2.1725,Europe
JU2507,JU2507,8.893,98.512,Asia
JU2517,JU2506,48.7015,2.1725,Europe
JU2518,JU2518,48.7015,2.1725,Europe
JU2531,NIC174,49.12012,1.951369,Europe
JU2533,JU2053,48.86,3.32,Europe
JU2536,JU2536,47.645976,19.274783,Europe
JU2555,NIC174,48.5295,7.7265,Europe
JU2556,NIC174,48.529,7.7282,Europe
JU2562,NIC174,48.7015,2.1725,Europe
JU2563,NIC174,48.7015,2.1725,Europe
JU2567,NIC174,48.7015,2.1725,Europe
JU2569,JU2506,48.826565,2.595785,Europe
JU2573,JU2053,48.7015,2.1725,Europe
JU2577,NIC174,48.76387,2.58631,Europe
JU2579,NIC174,46.63,1.06,Europe
JU2580,NIC174,46.63,1.06,Europe
JU2582,NIC174,46.63,1.06,Europe
JU2583,NIC174,46.63,1.06,Europe
JU2584,NIC174,49.088,3.072,Europe
JU2588,NIC174,45.7226,5.2368,Europe
JU2590,NIC174,43.865,5.1237,Europe
JU2591,NIC174,43.8903,5.1012,Europe
JU2594,NIC174,43.862,5.119,Europe
JU2595,NIC174,43.864,5.109,Europe
JU2596,NIC174,43.8645,5.1075,Europe
JU2597,JU2597,43.8812,5.1072,Europe
JU2618,JU2597,18.72,-87.71,Central America
JU2626,NIC174,48.7015,2.1725,Europe
JU2747,JU2747,16.1761,-61.6951,Caribbean
JU2753,JU3171,46.63,1.06,Europe
JU2754,NIC174,46.63,1.06,Europe
JU2766,NIC174,48.51278,3.25751,Europe
JU2767,JU2767,48.50481,3.246,Europe
JU2773,NIC174,39.7858,44.7806,Europe
JU2777,QG2925,-16.24,145.435,Australia
JU2779,NIC174,48.7015,2.1725,Europe
JU2780,NIC174,-18.5894,145.4343,Australia
JU2781,JU2872,40.17343,44.5171,Europe
JU2783,NIC174,40.17343,44.5171,Europe
JU2786,NIC174,43.82987,1.70573,Europe
JU279,NIC174,48.843931,2.359576,Europe
JU2791,JU3171,46.63,1.06,Europe
JU2792,NIC174,43.82987,1.70573,Europe
JU2793,NIC174,46.63,1.06,Europe
JU2799,JU2799,51.5378,9.9359,Europe
JU280,NIC174,48.844,2.36,Europe
JU2801,JU2801,45.53356,5.10234,Europe
JU2814,JU2767,48.8213,2.45502,Europe
JU2823,NIC174,46.63,1.06,Europe
JU2824,NIC174,46.63,1.06,Europe
JU2835,JU2836,20.661222,-105.252589,Central America
JU2836,JU2836,20.66143,-105.253201,Central America
JU2849,JU2849,-20.382477,-43.505978,South America
JU2850,JU2849,-20.382477,-43.505978,South America
JU2861,JU2861,52.1944,0.1264,Europe
JU2863,NIC174,48.8472,2.2647,Europe
JU2868,JU2868,48.2053,16.3666,Europe
JU2872,JU2872,48.2121,16.3592,Europe
JU2873,JU2872,48.20497,16.38076,Europe
JU2893,NIC174,41.38685,2.1877,Europe
JU2894,NIC174,41.39111,2.19222,Europe
JU2905,NIC174,43.80285,11.2803,Europe
JU2910,JU2747,-20.2914,57.4061,Africa
JU296,NIC174,48.844,2.36,Europe
JU3168,JU2767,0.289,6.612,Africa
JU3171,JU3171,0.289,6.612,Africa
JU3199,JU2801,13.0226,77.5668,Asia
JU3200,JU3200,13.0232,77.5668,Asia
JU3201,JU3201,13.0222,77.5676,Asia
JU3202,JU3202,13.02272,77.56866,Asia
JU3203,JU3203,13.0727,77.579,Asia
JU3204,JU3416,13.0722,77.5797,Asia
JU3205,JU3202,13.0836,77.57745,Asia
JU3206,JU3206,13.07251,77.57924,Asia
JU3207,JU3207,13.07206,77.58014,Asia
JU3237,JU3237,-12.76,45.09,Africa
JU3272,JU3272,50.34886,14.475,Europe
JU3273,JU3272,50.34888,14.4757,Europe
JU3276,NIC174,50.085,14.399,Europe
JU3278,NIC174,50.07108,14.42075,Europe
JU3279,NIC174,50.0705,14.4209,Europe
JU3281,JU3281,50.0711,14.42028,Europe
JU3319,JU3319,31.2306,121.4718,Asia
JU3321,JU3321,31.15,121.44305,Asia
JU3323,JU3319,31.1448,121.4361,Asia
JU3326,JU3326,31.23025,121.3955,Asia
JU3327,JU3327,31.23025,121.3955,Asia
JU3416,JU3416,38.2541,140.8508,Pacific
JU3420,JU3272,35.417,139.657,Pacific
JU3422,JU3272,35.4154,139.65985,Pacific
JU348,NIC174,44.42,4.4,Europe
JU349,NIC174,44.42,4.4,Europe
JU725,JU725,24.75,110.5,Asia
JU726,JU1344,25.902,109.644,Asia
JU757,NIC174,46.63,1.06,Europe
JU793,JU1344,43.06,0.24,Europe
JU794,NIC174,43.06,0.24,Europe
JU795,NIC174,43.06,0.24,Europe
JU796,NIC174,43.06,0.24,Europe
JU797,NIC174,43.06,0.24,Europe
JU835,NIC174,48.45935,7.47011,Europe
JU836,NIC174,48.45935,7.47011,Europe
JU837,NIC174,48.45935,7.47011,Europe
JU838,NIC174,48.45935,7.47011,Europe
JU839,NIC174,48.45935,7.47011,Europe
JU840,NIC174,48.45935,7.47011,Europe
JU841,NIC174,48.45935,7.47011,Europe
JU842,NIC174,48.45935,7.47011,Europe
JU843,NIC174,48.45935,7.47011,Europe
JU844,NIC174,48.45935,7.47011,Europe
JU845,NIC174,48.45935,7.47011,Europe
JU846,NIC174,48.45935,7.47011,Europe
MY2049,NIC174,51.950817,7.598983,Europe
MY2132,NIC174,51.950783,7.536567,Europe
MY2249,MY2716,54.3491,10.11505,Europe
MY2250,MY539,54.3491,10.11505,Europe
MY2269,MY2716,54.3491,10.11505,Europe
MY2270,MY539,54.3491,10.11505,Europe
MY2271,MY2716,54.3491,10.11505,Europe
MY2281,MY539,54.3491,10.11505,Europe
MY2364,MY2716,54.3491,10.11505,Europe
MY2716,MY2716,54.3491,10.11505,Europe
MY2717,MY2716,54.3491,10.11505,Europe
MY2725,MY539,54.3491,10.11505,Europe
MY2748,MY2716,54.3491,10.11505,Europe
MY539,MY539,54.3491,10.11505,Europe
MY646,NIC174,51.9641,7.6082,Europe
MY661,NIC174,51.9641,7.6082,Europe
MY682,NIC174,51.950817,7.598983,Europe
MY683,NIC174,51.96325,7.61025,Europe
MY699,NIC174,51.950817,7.598983,Europe
MY701,NIC174,51.950817,7.598983,Europe
MY702,NIC174,51.950817,7.598983,Europe
MY709,NIC174,51.9641,7.6082,Europe
MY727,NIC174,51.950817,7.598983,Europe
MY728,NIC174,51.950817,7.598983,Europe
MY750,NIC174,51.950817,7.598983,Europe
MY751,NIC174,51.950817,7.598983,Europe
MY752,NIC174,51.950817,7.598983,Europe
MY754,NIC174,51.950817,7.598983,Europe
MY755,NIC174,51.950817,7.598983,Europe
MY756,NIC174,51.950817,7.598983,Europe
MY761,NIC174,51.950817,7.598983,Europe
MY765,NIC174,51.950817,7.598983,Europe
MY771,NIC174,51.950817,7.598983,Europe
MY800,MY2716,54.3491,10.11505,Europe
MY801,MY2716,54.3491,10.11505,Europe
MY918,NIC174,51.950817,7.598983,Europe
MY945,NIC174,51.950817,7.598983,Europe
NIC100,NIC67,4.08747,-52.67394,South America
NIC101,NIC67,4.08747,-52.67394,South America
NIC103,NIC67,4.08747,-52.67394,South America
NIC1047,NIC174,43.593561,1.45032,Europe
NIC1048,NIC174,43.593561,1.45032,Europe
NIC1050,NIC1050,20.51328,-87.24718,Central America
NIC1052,NIC1052,20.51328,-87.24718,Central America
NIC1053,NIC1050,20.51328,-87.24718,Central America
NIC1054,NIC1054,20.48991,-87.72797,Central America
NIC1055,NIC1055,20.48978,-87.72502,Central America
NIC1056,NIC1055,20.48978,-87.72502,Central America
NIC1057,NIC1057,20.48756,-87.72532,Central America
NIC1058,NIC1058,20.48756,-87.72532,Central America
NIC1059,NIC1059,20.48627,-87.72449,Central America
NIC106,NIC67,4.08747,-52.67394,South America
NIC1060,NIC1060,20.48529,-87.72361,Central America
NIC1061,NIC1062,20.49049,-87.73198,Central America
NIC1062,NIC1062,20.68576,-88.20927,Central America
NIC1063,NIC1062,20.68576,-88.20927,Central America
NIC1069,NIC1069,20.67859,-88.56941,Central America
NIC107,NIC96,4.08747,-52.67394,South America
NIC1072,NIC174,44.64244,4.79379,Europe
NIC108,NIC67,4.08747,-52.67394,South America
NIC1088,NIC174,47.02264,8.64431,Europe
NIC1089,NIC174,47.03983,8.56052,Europe
NIC109,NIC67,4.08747,-52.67394,South America
NIC1090,NIC174,47.03983,8.56052,Europe
NIC1100,NIC174,47.483954,19.084848,Europe
NIC1103,NIC1103,18.0383007,-89.6738919,Central America
NIC1104,NIC1104,3.638367,-76.198343,South America
NIC1106,NIC1106,3.45893,-76.531944,South America
NIC1117,NIC1117,-12.837789,-71.365833,South America
NIC1118,NIC1117,-12.837789,-71.365833,South America
NIC1123,NIC1123,-12.87435802,-69.49724601,South America
NIC1124,NIC1124,-12.874341,-69.497087,South America
NIC1125,NIC1138,-12.87430999,-69.49692699,South America
NIC1131,NIC1183,-12.87564397,-69.49700503,South America
NIC1134,NIC1123,-12.87399801,-69.496167,South America
NIC1135,NIC1135,-12.87313996,-69.49687704,South America
NIC1138,NIC1138,-12.872112,-69.49822702,South America
NIC1139,NIC1183,-12.87255297,-69.49927501,South America
NIC1141,NIC1141,-12.872155,-69.49781103,South America
NIC1143,NIC1183,-12.87489798,-69.49506797,South America
NIC115,NIC115,16.0207,-61.597,Caribbean
NIC1154,NIC1124,-12.87588101,-69.49603097,South America
NIC1158,NIC1124,-12.87472598,-69.49712598,South America
NIC116,NIC119,16.1779,-61.6563,Caribbean
NIC117,NIC117,16.1779,-61.6563,Caribbean
NIC1182,NIC1183,-12.88367903,-69.48662404,South America
NIC1183,NIC1183,-12.88450004,-69.48577797,South America
NIC1185,NIC1190,-12.88381599,-69.48358803,South America
NIC1186,NIC1183,-12.88307402,-69.48361804,South America
NIC1189,NIC1123,-12.88238604,-69.48475999,South America
NIC119,NIC119,16.1779,-61.6563,Caribbean
NIC1190,NIC1190,-12.88059298,-69.48706903,South America
NIC1202,NIC1202,26.22481,119.99506,Asia
NIC1203,NIC1202,26.22481,119.99506,Asia
NIC1204,NIC1204,26.22481,119.99506,Asia
NIC1205,NIC1205,26.22481,119.99506,Asia
NIC1206,NIC1202,26.22481,119.99506,Asia
NIC1217,NIC1218,25.95224,119.9771,Asia
NIC1218,NIC1218,25.95224,119.9771,Asia
NIC1219,NIC1218,25.95224,119.9771,Asia
NIC1220,NIC1220,25.95224,119.9771,Asia
NIC1221,NIC1221,25.95147,119.96883,Asia
NIC123,NIC123,16.1779,-61.6563,Caribbean
NIC1261,NIC67,4.086150974,-52.67825698,South America
NIC1266,NIC67,3.612705041,-53.21636704,South America
NIC1267,NIC1267,3.622385971,-53.21547696,South America
NIC1273,NIC1292,3.630068991,-53.205732,South America
NIC1274,NIC1267,3.621099014,-53.21336799,South America
NIC1279,NIC1407,3.641279032,-53.20139201,South America
NIC1283,NIC1283,3.640333973,-53.20234504,South America
NIC1287,NIC67,3.612705041,-53.21636704,South America
NIC1288,NIC1288,3.641279032,-53.20139201,South America
NIC151,NIC174,47.13952,7.43726,Europe
NIC1524,NIC1528,-16.755721,49.99665,Africa
NIC1525,NIC1525,-17.088793,49.827329,Africa
NIC1527,NIC1528,-16.755721,49.99665,Africa
NIC1528,NIC1528,-16.755721,49.99665,Africa
NIC1529,NIC1529,-16.755873,49.996516,Africa
NIC153,NIC174,47.194262,7.530484,Europe
NIC1530,NIC1528,-16.755873,49.996516,Africa
NIC1533,NIC1533,-16.75706,49.993077,Africa
NIC1535,NIC1535,-17.088793,49.827329,Africa
NIC1537,NIC1528,-16.755873,49.996516,Africa
NIC1539,NIC1539,25.06052,121.76957,Taiwan
NIC154,NIC174,47.194262,7.530484,Europe
NIC1540,NIC1540,25.05792,121.77076,Taiwan
NIC155,NIC174,46.99803,7.66853,Europe
NIC1552,NIC1688,25.02212,121.73275,Taiwan
NIC156,NIC174,46.99803,7.66853,Europe
NIC1562,NIC1562,25.00481,121.73369,Taiwan
NIC157,NIC174,46.9996,7.7104,Europe
NIC158,NIC174,47.24712,7.592604,Europe
NIC1589,NIC1589,24.68622,121.13734,Taiwan
NIC1590,NIC1590,24.68622,121.13734,Taiwan
NIC1591,NIC1591,24.68622,121.13734,Taiwan
NIC1593,NIC1593,24.68622,121.13734,Taiwan
NIC1595,NIC1595,24.6871,121.13633,Taiwan
NIC1598,NIC1598,24.6871,121.13633,Taiwan
NIC160,NIC174,47.226789,7.580717,Europe
NIC1602,NIC1602,24.68897,121.13965,Taiwan
NIC1607,NIC1607,22.0861,120.84222,Taiwan
NIC161,NIC174,47.226789,7.580717,Europe
NIC1610,NIC174,47.137834,7.54798,Europe
NIC1618,NIC174,47.216443,7.506652,Europe
NIC162,NIC174,47.198618,7.532045,Europe
NIC1625,NIC1630,25.02177,121.58537,Taiwan
NIC1626,NIC1630,25.02177,121.58537,Taiwan
NIC1628,NIC1628,25.02113,121.58315,Taiwan
NIC1629,BRC20390,25.02782,121.57627,Taiwan
NIC163,NIC174,47.20191,7.44974,Europe
NIC1630,NIC1630,25.02782,121.57627,Taiwan
NIC1631,NIC1631,25.02782,121.57627,Taiwan
NIC1632,NIC1632,34.88358,135.81659,Pacific
NIC1633,NIC1633,34.88358,135.81659,Pacific
NIC1634,NIC1635,34.88358,135.81659,Pacific
NIC1635,NIC1635,34.88328,135.81733,Pacific
NIC164,NIC174,46.87721,6.94526,Europe
NIC1645,NIC1645,25.06549,121.82703,Taiwan
NIC1660,NIC1660,25.03808,121.74625,Taiwan
NIC1661,NIC1661,23.66552,120.79794,Taiwan
NIC1662,NIC1662,23.66543,120.79964,Taiwan
NIC1663,NIC1663,23.66543,120.79964,Taiwan
NIC1664,NIC1664,23.66109,120.7967,Taiwan
NIC1665,NIC1665,23.66654,120.79295,Taiwan
NIC1666,NIC1666,23.6694,120.78929,Taiwan
NIC1667,NIC1667,25.10869,121.83743,Taiwan
NIC2522,NIC2527,39.476358,-0.386592,Europe
NIC2526,NIC2527,39.476358,-0.386592,Europe
NIC2527,NIC2527,39.476358,-0.386592,Europe
NIC253,NIC174,43.5508,4.59,Europe
NIC254,NIC174,43.5508,4.59,Europe
NIC28,NIC67,4.08448,-52.67837,South America
NIC29,NIC67,4.08448,-52.67837,South America
NIC292,NIC419,4.03715,-52.67086,South America
NIC30,NIC67,4.08448,-52.67837,South America
NIC301,NIC67,4.03893,-52.67352,South America
NIC302,NIC419,4.03706,-52.67086,South America
NIC303,NIC67,4.03893,-52.67352,South America
NIC309,NIC309,5.53529,-53.56336,South America
NIC317,NIC67,5.11739,-52.73256,South America
NIC32,NIC67,4.08448,-52.67837,South America
NIC323,NIC67,5.11538,-52.73217,South America
NIC325,NIC325,5.53529,-53.56336,South America
NIC327,NIC327,5.72877,-53.88992,South America
NIC329,NIC329,5.72963,-53.89118,South America
NIC330,NIC330,5.72889,-53.8901,South America
NIC331,NIC331,5.73057,-53.89241,South America
NIC332,NIC332,5.72914,-53.89023,South America
NIC333,NIC333,5.72705,-53.89122,South America
NIC340,NIC392,5.4074,-53.64501,South America
NIC341,NIC67,5.41346,-53.65433,South America
NIC343,NIC343,5.41134,-53.65517,South America
NIC358,NIC67,4.0883,-52.67557,South America
NIC36,NIC67,4.08448,-52.67837,South America
NIC362,NIC67,4.08568,-52.6747,South America
NIC367,NIC67,4.03671,-52.67738,South America
NIC368,NIC419,4.0492,-52.67635,South America
NIC369,NIC419,4.03712,-52.67044,South America
NIC37,NIC67,4.08448,-52.67837,South America
NIC373,NIC419,4.03706,-52.67086,South America
NIC377,NIC67,5.11396,-52.73218,South America
NIC38,NIC67,4.08448,-52.67837,South America
NIC392,NIC392,5.40779,-53.64583,South America
NIC398,NIC174,5.11396,-52.73218,South America
NIC399,NIC67,5.11396,-52.73218,South America
NIC40,NIC67,4.08448,-52.67837,South America
NIC400,NIC400,5.72711,-53.89076,South America
NIC402,NIC402,5.72896,-53.89008,South America
NIC419,NIC419,4.03617,-52.67805,South America
NIC442,NIC67,4.08468,-52.6753,South America
NIC498,NIC174,48.77302,2.2675,Europe
NIC5,NIC174,47.1985,7.5374,Europe
NIC504,NIC504,23.5347,120.6775,Taiwan
NIC505,NIC505,23.5347,120.6775,Taiwan
NIC507,NIC174,40.86183,14.261756,Europe
NIC509,NIC174,40.8625,14.2623855,Europe
NIC510,NIC174,40.8625,14.2623855,Europe
NIC518,NIC518,25.00739,121.900472,Taiwan
NIC519,NIC519,25.00739,121.900472,Taiwan
NIC532,NIC532,16.018756,-61.593654,Caribbean
NIC549,NIC549,15.56923,-61.3744,Caribbean
NIC552,NIC552,15.56962,-61.37537,Caribbean
NIC553,NIC541,15.58514,-61.47255,Caribbean
NIC554,NIC541,15.58514,-61.47255,Caribbean
NIC555,NIC555,15.58933,-61.47222,Caribbean
NIC556,NIC555,15.58933,-61.47222,Caribbean
NIC557,NIC555,15.58933,-61.47222,Caribbean
NIC558,NIC555,15.58933,-61.47222,Caribbean
NIC561,NIC561,15.52532,-61.41796,Caribbean
NIC574,NIC574,15.47461,-61.29876,Caribbean
NIC576,NIC578,15.40564,-61.34607,Caribbean
NIC578,NIC578,15.40502,-61.34623,Caribbean
NIC582,NIC583,15.40368,-61.34699,Caribbean
NIC583,NIC583,15.40368,-61.34699,Caribbean
NIC590,NIC590,15.40585,-61.34613,Caribbean
NIC593,NIC593,15.4071,-61.3453,Caribbean
NIC596,NIC578,15.4071,-61.3453,Caribbean
NIC597,NIC578,15.4071,-61.3453,Caribbean
NIC599,NIC578,15.32269,-61.30898,Caribbean
NIC6,NIC174,47.1985,7.5374,Europe
NIC60,NIC60,5.07382,-52.69551,South America
NIC61,NIC61,5.07384,-52.69537,South America
NIC62,NIC62,5.07358,-52.69523,South America
NIC63,NIC61,5.07349,-52.69528,South America
NIC64,NIC60,5.07349,-52.69528,South America
NIC65,NIC67,4.08533,-52.6751,South America
NIC66,NIC67,4.08533,-52.6751,South America
NIC67,NIC67,4.08533,-52.6751,South America
NIC68,NIC67,4.08533,-52.6751,South America
NIC69,NIC67,4.08533,-52.6751,South America
NIC70,NIC67,4.08533,-52.6751,South America
NIC71,NIC67,4.08533,-52.6751,South America
NIC810,BRC20543,23.81433,120.85649,Taiwan
NIC811,NIC811,23.81433,120.85649,Taiwan
NIC812,NIC815,23.81433,120.85649,Taiwan
NIC813,NIC815,23.81433,120.85649,Taiwan
NIC814,NIC814,23.81411,120.85654,Taiwan
NIC815,NIC815,23.81407,120.8564,Taiwan
NIC816,NIC816,23.81417,120.856,Taiwan
NIC817,NIC816,23.81417,120.856,Taiwan
NIC818,NIC816,23.81417,120.856,Taiwan
NIC819,NIC819,23.81418,120.85581,Taiwan
NIC820,NIC815,23.81444,120.85567,Taiwan
NIC821,NIC821,23.60283,120.88416,Taiwan
NIC822,NIC822,25.168,121.56254,Taiwan
NIC824,NIC824,23.60248,120.88317,Taiwan
NIC825,NIC825,23.60246,120.88278,Taiwan
NIC826,BRC20390,23.60246,120.88278,Taiwan
NIC827,NIC827,23.60233,120.88182,Taiwan
NIC828,NIC828,23.60197,120.88157,Taiwan
NIC829,NIC821,23.51344,120.91029,Taiwan
NIC83,NIC67,4.08533,-52.6751,South America
NIC839,NIC815,23.57214,120.8997,Taiwan
NIC84,NIC67,4.08533,-52.6751,South America
NIC850,NIC815,23.67039,120.79876,Taiwan
NIC86,NIC67,4.08533,-52.6751,South America
NIC863,NIC863,23.72763,120.76625,Taiwan
NIC864,NIC864,23.72733,120.76653,Taiwan
NIC865,NIC865,23.72717,120.76673,Taiwan
NIC87,NIC67,4.08533,-52.6751,South America
NIC871,NIC871,25.16734,121.55651,Taiwan
NIC876,BRC20390,25.16765,121.56299,Taiwan
NIC877,BRC20390,25.16765,121.56299,Taiwan
NIC879,BRC20238,23.81411,120.85622,Taiwan
NIC88,NIC67,4.08533,-52.6751,South America
NIC883,NIC883,23.67108,120.8,Taiwan
NIC884,BRC20390,23.60255,120.88322,Taiwan
NIC888,NIC883,25.15175,121.5551,Taiwan
NIC889,NIC889,23.81433,120.85649,Taiwan
NIC89,NIC67,4.08747,-52.67394,South America
NIC890,NIC815,23.81411,120.85642,Taiwan
NIC893,NIC893,22.00932,121.57214,Taiwan
NIC896,NIC897,22.01967,121.57357,Taiwan
NIC897,NIC897,22.01967,121.57357,Taiwan
NIC899,NIC899,35.661062,139.684827,Pacific
NIC900,NIC901,-22.222833,166.485438,Pacific
NIC901,NIC901,-22.222833,166.485438,Pacific
NIC902,NIC901,-22.222833,166.485438,Pacific
NIC906,NIC561,4.03816,-52.6728,South America
NIC911,NIC911,4.03721,-52.67052,South America
NIC914,NIC67,4.04392,-52.67719,South America
NIC919,NIC67,4.04222,-52.67668,South America
NIC93,NIC67,4.08747,-52.67394,South America
NIC95,NIC67,4.08747,-52.67394,South America
NIC96,NIC96,4.08747,-52.67394,South America
NIC97,NIC67,4.08747,-52.67394,South America
NIC973,NIC67,4.03965,-52.67441,South America
NIC974,NIC67,4.03813,-52.67147,South America
NIC979,NIC67,4.03822,-52.67031,South America
NIC98,NIC67,4.08747,-52.67394,South America
NIC981,NIC67,4.03822,-52.67031,South America
NIC982,NIC67,4.03822,-52.67031,South America
NIC984,NIC984,4.03746,-52.67236,South America
NIC985,NIC985,4.03726,-52.67243,South America
QG1102,QG1126,9.16835,-79.839279,Central America
QG1103,QG1126,9.16835,-79.839279,Central America
QG1104,QG1126,9.16835,-79.839279,Central America
QG1105,QG1126,9.16835,-79.839279,Central America
QG1106,QG1126,9.16835,-79.839279,Central America
QG1107,QG1126,9.16835,-79.839279,Central America
QG1108,QG1126,9.16835,-79.839279,Central America
QG1109,QG1126,9.16835,-79.839279,Central America
QG111,NIC174,40.7254,-74.045,North America
QG1111,QG1111,9.16835,-79.839279,Central America
QG1113,QG1126,9.16835,-79.839279,Central America
QG1114,QG1126,9.16835,-79.839279,Central America
QG112,NIC174,40.7254,-74.045,North America
QG1120,QG1126,9.16835,-79.839279,Central America
QG1124,QG1126,9.16835,-79.839279,Central America
QG1125,QG888,9.16835,-79.839279,Central America
QG1126,QG1126,9.16835,-79.839279,Central America
QG4101,QG4096,NA,NA,unknown
QG1127,QG2969,9.16835,-79.839279,Central America
QG1128,QG1126,9.16835,-79.839279,Central America
QG1129,QG1126,9.16835,-79.839279,Central America
QG113,NIC174,40.7254,-74.045,North America
QG1130,QG1126,9.16835,-79.839279,Central America
QG1131,QG1126,9.16835,-79.839279,Central America
QG1132,QG2665,9.160449,-79.840373,Central America
QG1134,QG2665,9.160449,-79.840373,Central America
QG1139,QG2665,9.160449,-79.840373,Central America
QG114,NIC174,40.7254,-74.045,North America
QG1141,QG1141,9.160449,-79.840373,Central America
QG1142,QG2665,9.160449,-79.840373,Central America
QG1143,QG1141,9.160449,-79.840373,Central America
QG1144,QG2665,9.160449,-79.840373,Central America
QG1145,QG2665,9.160449,-79.840373,Central America
QG1146,QG2665,9.160449,-79.840373,Central America
QG1148,QG2665,9.160449,-79.840373,Central America
QG1149,QG2665,9.160449,-79.840373,Central America
QG115,NIC174,40.7254,-74.045,North America
QG1150,QG2665,9.160449,-79.840373,Central America
QG1151,QG2665,9.160449,-79.840373,Central America
QG1152,QG2665,9.160449,-79.840373,Central America
QG1153,QG2665,9.160449,-79.840373,Central America
QG1154,QG2665,9.160449,-79.840373,Central America
QG1155,QG1155,9.160449,-79.840373,Central America
QG1156,QG2665,9.160449,-79.840373,Central America
QG116,NIC174,40.7254,-74.045,North America
QG117,NIC174,40.7254,-74.045,North America
QG118,NIC174,40.7254,-74.045,North America
QG119,NIC174,40.7254,-74.045,North America
QG120,NIC174,40.7254,-74.045,North America
QG121,NIC174,40.7254,-74.045,North America
QG128,QG130,22.2202,-159.5829,Hawaii
QG129,QG130,22.2202,-159.5829,Hawaii
QG130,QG130,22.2202,-159.5829,Hawaii
QG132,QG132,22.0804,-159.4124,Hawaii
QG133,QG133,22.2065,-159.4978,Hawaii
QG2615,QG2665,9.1576,-79.83393333,Central America
QG2616,QG2665,9.1576,-79.83393333,Central America
QG2617,QG2665,9.1576,-79.83393333,Central America
QG2618,QG2665,9.1576,-79.83393333,Central America
QG2621,QG2648,9.155616667,-79.83253333,Central America
QG2622,QG2648,9.155616667,-79.83253333,Central America
QG2623,QG2665,9.1576,-79.83393333,Central America
QG2624,QG2665,9.1576,-79.83393333,Central America
QG4232,QG4232,-21.16862222,148.5080167,Australia
QG2630,QG2665,9.1576,-79.83393333,Central America
QG2631,QG2665,9.1576,-79.83393333,Central America
QG2639,QG2736,9.1598,-79.8399,Central America
QG2640,QG2659,9.153933333,-79.83166667,Central America
QG2641,QG2641,9.153933333,-79.83166667,Central America
QG2647,QG2665,9.153933333,-79.83166667,Central America
QG2648,QG2648,9.153933333,-79.83166667,Central America
QG2649,QG2663,9.153933333,-79.8316667,Central America
QG2657,QG2683,9.153933333,-79.83166667,Central America
QG2658,QG2663,9.153933333,-79.8316667,Central America
QG2659,QG2659,9.153933333,-79.83166667,Central America
QG2660,QG2663,9.153933333,-79.83166667,Central America
QG2663,QG2663,9.153933333,-79.83166667,Central America
QG2664,QG2663,9.153933333,-79.83166667,Central America
QG2665,QG2665,9.153933333,-79.83166667,Central America
QG2666,QG2665,9.153933333,-79.83166667,Central America
QG2667,QG2648,9.153933333,-79.8316667,Central America
QG2668,QG2663,9.153933333,-79.8316667,Central America
QG2669,QG2648,9.153933333,-79.8316667,Central America
QG2671,QG739,9.153933333,-79.8316667,Central America
QG2673,QG2663,9.153933333,-79.83166667,Central America
QG2674,QG2683,9.153933333,-79.8316667,Central America
QG2677,QG2648,9.153933333,-79.83166667,Central America
QG2678,QG2648,9.153933333,-79.83166667,Central America
QG2682,QG2663,9.153933333,-79.83166667,Central America
QG2683,QG2683,9.153933333,-79.83166667,Central America
QG2684,QG784,9.153933333,-79.83166667,Central America
QG2685,QG784,9.153933333,-79.83166667,Central America
QG2686,QG2663,9.153933333,-79.83166667,Central America
QG2689,QG2665,9.153933333,-79.83166667,Central America
QG2814,QG2814,-30.6445167,153.0090333,Australia
QG2815,QG2814,-30.6445167,153.0090333,Australia
QG2819,QG2820,-27.4726528,152.9897861,Australia
QG2820,QG2820,-27.4726528,152.9897861,Australia
QG2848,QG2848,-27.4627778,152.9905556,Australia
QG2849,QG2849,-27.4627778,152.9905556,Australia
QG2880,QG2880,-16.8999,145.7489833,Australia
QG2881,QG2881,-16.8999,145.7489833,Australia
QG3866,QG3875,10.43018,-84.0065,Central America
QG2883,QG2883,-16.9001167,145.7495833,Australia
QG2884,QG2884,-16.0950167,145.4665333,Australia
QG2885,QG2884,-16.0950167,145.4665333,Australia
QG2886,QG2892,-16.10275,145.447,Australia
QG2887,QG2892,-16.10275,145.447,Australia
QG2888,QG2892,-16.10275,145.447,Australia
QG2889,QG2892,-16.10275,145.447,Australia
QG2890,QG2891,-16.1026,145.4467333,Australia
QG3044,QG1126,9.164216667,-79.8373667,Central America
QG2891,QG2891,-16.1026,145.4467333,Australia
QG2892,QG2892,-16.1026,145.4467333,Australia
QG2893,QG2893,-16.1026,145.4467333,Australia
QG2894,QG2892,-16.10295,145.44645,Australia
QG2895,QG2895,-16.10295,145.44645,Australia
QG2900,QG2892,-16.10365,145.4473167,Australia
QG2901,QG2892,-16.10365,145.4473167,Australia
QG2902,QG2902,-16.10365,145.4473167,Australia
QG2903,QG2903,-16.10365,145.4473167,Australia
QG2906,QG2906,-16.10275,145.4482833,Australia
QG2908,QG2908,-17.2643833,145.4884833,Australia
QG2909,QG2902,-17.2643833,145.4884833,Australia
QG2910,QG2910,-17.2643833,145.4884833,Australia
QG2919,QG2919,-20.28785,148.7653,Australia
QG2920,QG2919,-20.28785,148.7653,Australia
QG2921,QG2906,-20.28785,148.7653,Australia
QG2922,QG2906,-20.28785,148.7653,Australia
QG2923,QG2923,-20.2852667,148.7647,Australia
QG3804,QG3875,10.43288,-84.00678,Central America
QG2924,QG2923,-20.2852667,148.7647,Australia
QG2925,QG2925,-16.2375361,145.4287278,Australia
QG2926,QG2925,-16.2375361,145.4287278,Australia
QG2963,QG2964,9.166166667,-79.84,Central America
QG2964,QG2964,9.166166667,-79.84,Central America
QG2966,QG2966,9.166166667,-79.84,Central America
QG2967,QG1126,9.166416667,-79.84025,Central America
QG2968,QG1126,9.166416667,-79.84025,Central America
QG2969,QG2969,9.166416667,-79.84025,Central America
QG3810,QG3878,10.43212222,-84.00843056,Central America
QG2970,QG2969,9.166416667,-79.84025,Central America
QG2971,QG2969,9.166416667,-79.84025,Central America
QG2972,QG2972,9.167433333,-79.8397,Central America
QG2996,QG2996,9.163766667,-79.8440167,Central America
QG3002,QG1126,9.16815,-79.8392,Central America
QG3003,QG1126,9.16815,-79.8392,Central America
QG3004,QG3004,9.16925,-79.8380167,Central America
QG3006,QG3006,9.16925,-79.8380167,Central America
QG3012,QG1126,9.159966667,-79.8409667,Central America
QG3014,QG3019,9.163816667,-79.8371667,Central America
QG3015,QG2648,9.163366667,-79.8372333,Central America
QG3016,QG3034,9.163116667,-79.8372,Central America
QG3017,QG3034,9.163116667,-79.8372,Central America
QG3018,QG3058,9.163116667,-79.8372,Central America
QG3019,QG3019,9.163116667,-79.8372,Central America
QG3020,QG3053,9.1619,-79.83705,Central America
QG3025,QG3025,9.1581,-79.8474333,Central America
QG3026,QG3025,9.1581,-79.8474333,Central America
QG3028,QG3030,9.1581,-79.84743333,Central America
QG3030,QG3030,9.1594,-79.8478833,Central America
QG3031,QG3030,9.1594,-79.8478833,Central America
QG3032,QG3032,9.163366667,-79.8447333,Central America
QG3033,QG2648,9.163366667,-79.8447333,Central America
QG3034,QG3034,9.163366667,-79.8447333,Central America
QG3039,QG2648,9.164216667,-79.8373667,Central America
QG3041,QG3041,9.164216667,-79.8373667,Central America
QG3043,QG1126,9.164216667,-79.8373667,Central America
QG3813,QG3878,10.43082,-84.01138,Central America
QG3045,QG1126,9.164216667,-79.8373667,Central America
QG3046,QG1126,9.164216667,-79.8373667,Central America
QG3053,QG3053,9.16484,-79.83659,Central America
QG3056,QG3056,9.1674,-79.83967,Central America
QG3057,QG3057,9.163366667,-79.8372333,Central America
QG3058,QG3058,9.163116667,-79.8372,Central America
QG3527,QG3527,10.42623333,-84.0126,Central America
QG3661,QG3661,41.62083,-73.58889,North America
QG3783,QG3783,10.4297,-84.00853,Central America
QG3784,QG3837,10.43008,-84.00894,Central America
QG3787,QG3837,10.43082,-84.01138,Central America
QG3794,QG3851,10.42361667,-84.00118611,Central America
QG3796,QG3823,10.42361667,-84.00118611,Central America
QG3798,QG3823,10.42361667,-84.00118611,Central America
QG3801,QG3801,10.43082,-84.01138,Central America
QG3815,QG3815,10.42361667,-84.00118611,Central America
QG3816,QG3816,10.43803,-84.0112,Central America
QG3819,QG3878,10.4262,-84.0013167,Central America
QG3820,QG3823,10.42361667,-84.00118611,Central America
QG3822,QG3823,10.42361667,-84.00118611,Central America
QG3823,QG3823,10.42540556,-84.00121667,Central America
QG3825,QG3825,10.43026,-84.00905,Central America
QG3826,QG3826,10.43018,-84.0065,Central America
QG3827,QG3867,10.42346389,-84.00128333,Central America
QG3832,QG3867,10.42346389,-84.00128333,Central America
QG3837,QG3837,10.42540556,-84.00121667,Central America
QG3840,QG3878,10.42361667,-84.00118611,Central America
QG3841,QG3878,10.25937,-84.00514,Central America
QG3842,QG3851,10.42361667,-84.00118611,Central America
QG3851,QG3851,10.41900556,-84.00699722,Central America
QG3858,QG3783,10.4297,-84.00853,Central America
QG3861,QG3861,10.42972,-84.00742,Central America
QG3864,QG3878,10.25937,-84.00514,Central America
QG4098,QG4096,NA,NA,unknown
QG3867,QG3867,10.42361667,-84.00118611,Central America
QG3874,QG3874,10.44027,-84.01227,Central America
QG3875,QG3875,10.44027,-84.01227,Central America
QG3876,QG3876,10.44027,-84.01227,Central America
QG3878,QG3878,10.25937,-84.00514,Central America
QG3879,QG3878,10.43212222,-84.00843056,Central America
QG3920,QG3920,13.225206,-59.588132,Caribbean
QG3921,QG3921,13.225206,-59.588132,Caribbean
QG3922,QG3923,13.225206,-59.588132,Caribbean
QG3923,QG3923,13.225206,-59.588132,Caribbean
QG3924,QG3924,13.234279,-59.587888,Caribbean
QG3925,QG3925,13.233538,-59.587865,Caribbean
QG3926,QG3926,13.233413,-59.587901,Caribbean
QG3927,QG3927,13.233413,-59.587901,Caribbean
QG3928,QG3926,13.233413,-59.587901,Caribbean
QG3929,QG3931,13.225422,-59.589477,Caribbean
QG3930,QG3931,13.225422,-59.589477,Caribbean
QG3931,QG3931,13.225422,-59.589477,Caribbean
QG3932,QG3932,13.225206,-59.588132,Caribbean
QG3933,QG3933,13.225497,-59.588268,Caribbean
QG4026,QG4026,-26.26193056,152.8296722,Australia
QG4027,QG4028,-26.26193056,152.8296722,Australia
QG4028,QG4028,-26.26193056,152.8296722,Australia
QG4029,QG4028,-26.26193056,152.8296722,Australia
QG4030,QG4031,-26.26193056,152.8296722,Australia
QG4031,QG4031,-26.26193056,152.8296722,Australia
QG4058,QG4225,-21.1459649,148.4998851,Australia
QG4059,QG4063,-21.1461744,148.4998921,Australia
QG4061,QG4063,-21.1461744,148.4998921,Australia
QG4062,QG4063,-21.1461744,148.4998921,Australia
QG4063,QG4063,-21.1461744,148.4998921,Australia
QG4064,QG4064,-21.1453727,148.4997337,Australia
QG4065,QG4068,-21.1453727,148.4997337,Australia
QG4066,QG4064,NA,NA,unknown
QG4067,QG4067,-21.1453727,148.4997337,Australia
QG4068,QG4068,-21.1453727,148.4997337,Australia
QG4069,QG4068,-21.1453727,148.4997337,Australia
QG4070,QG4070,-21.1176781,148.5160414,Australia
QG4071,QG4070,-21.1176781,148.5160414,Australia
QG4072,QG4070,-21.1176781,148.5160414,Australia
QG4073,QG4070,-21.1176781,148.5160414,Australia
QG4074,QG4070,-21.1176781,148.5160414,Australia
QG4075,QG4070,-21.1176781,148.5160414,Australia
QG4093,QG4093,-21.16862222,148.5080167,Australia
QG4094,QG4094,-21.16862222,148.5080167,Australia
QG4095,QG4095,-21.16862222,148.5080167,Australia
QG4096,QG4096,-21.16879444,148.506575,Australia
QG4097,QG4097,-21.16879444,148.506575,Australia
QG4104,QG4104,-21.14488889,148.498225,Australia
QG4112,QG4114,NA,NA,unknown
QG4113,QG4097,NA,NA,unknown
QG4114,QG4114,-21.144475,148.4999222,Australia
QG4115,QG4114,-21.144475,148.4999222,Australia
QG4116,QG4114,-21.144475,148.4999222,Australia
QG4117,QG4114,-21.144475,148.4999222,Australia
QG4118,ECA2647,NA,NA,unknown
QG4119,ECA2647,-21.16757222,148.5048028,Australia
QG4120,ECA2647,NA,NA,unknown
QG4121,ECA2647,NA,NA,unknown
QG4122,ECA2647,NA,NA,unknown
QG4123,ECA2647,-21.16757222,148.5048028,Australia
QG4128,QG4131,-21.17034722,148.5080417,Australia
QG4129,QG4131,-21.17034722,148.5080417,Australia
QG4130,QG4131,-21.17034722,148.5080417,Australia
QG4131,QG4131,-21.17034722,148.5080417,Australia
QG4132,QG4132,-21.17034722,148.5080417,Australia
QG4133,QG4131,-21.17034722,148.5080417,Australia
QG4206,QG4208,-21.1695006,148.5079426,Australia
QG4207,QG4208,-21.1695006,148.5079426,Australia
QG4208,QG4208,-21.1695006,148.5079426,Australia
QG4209,QG4095,-21.1695006,148.5079426,Australia
QG4210,QG4208,-21.1695006,148.5079426,Australia
QG4211,QG4095,-21.1695006,148.5079426,Australia
QG4212,QG4097,-21.1686322,148.5064053,Australia
QG4213,QG4097,-21.1686322,148.5064053,Australia
QG4214,QG4214,-21.1448256,148.4984929,Australia
QG4225,QG4225,-21.14559444,148.4993528,Australia
QG4231,QG4225,-21.14559444,148.4993528,Australia
QG4630,QG5348,6.9666,158.1907,Pacific
QG4637,QG4742,6.9213,158.2637,Pacific
QG4647,QG4647,6.9073,158.1815,Pacific
QG4648,QG4648,6.9209,158.2632,Pacific
QG4661,QG5525,6.9031,158.1706,Pacific
QG4681,QG5612,6.9578,158.2086,Pacific
QG4682,QG4718,6.9666,158.1907,Pacific
QG4683,QG4683,6.9666,158.1907,Pacific
QG4698,QG5507,6.9666,158.1907,Pacific
QG4700,QG4701,6.9196,158.2712,Pacific
QG4701,QG4701,6.9195,158.2712,Pacific
QG4706,QG4706,6.9666,158.1907,Pacific
QG4715,QG5474,6.9666,158.1907,Pacific
QG4718,QG4718,6.9666,158.1907,Pacific
QG4733,QG5348,6.9666,158.1907,Pacific
QG4742,QG4742,6.9213,158.2637,Pacific
QG4790,QG4718,6.9666,158.1907,Pacific
QG4805,QG4805,6.8578,158.2183,Pacific
QG4838,QG4847,6.9204,158.2633,Pacific
QG4847,QG4847,6.9204,158.2633,Pacific
QG4876,QG4742,6.9213,158.2637,Pacific
QG4880,QG4742,6.9213,158.2637,Pacific
QG4896,QG4742,6.9213,158.2637,Pacific
QG4924,QG5348,6.9666,158.1907,Pacific
QG4944,QG4701,6.9196,158.2712,Pacific
QG4947,QG4701,6.9196,158.2712,Pacific
QG4952,QG4706,6.9666,158.1907,Pacific
QG4953,QG4706,6.9666,158.1907,Pacific
QG4954,QG4966,6.9196,158.2712,Pacific
QG4956,QG4706,6.9666,158.1907,Pacific
QG4966,QG4966,6.9196,158.2712,Pacific
QG4968,QG4706,6.9666,158.1907,Pacific
QG4996,QG4718,6.9666,158.1907,Pacific
QG5008,QG5507,6.9666,158.1907,Pacific
QG5094,QG4683,6.9666,158.1907,Pacific
QG5103,QG5474,6.9666,158.1907,Pacific
QG5149,QG4647,6.9073,158.1815,Pacific
QG5150,QG5633,6.9666,158.1907,Pacific
QG5153,QG5633,6.9666,158.1907,Pacific
QG5166,QG4683,6.9666,158.1907,Pacific
QG5169,QG5348,6.9666,158.1907,Pacific
QG5170,QG5348,6.9666,158.1907,Pacific
QG5179,QG4683,6.9666,158.1907,Pacific
QG5180,QG5348,6.9666,158.1907,Pacific
QG5187,QG5612,6.9578,158.2086,Pacific
QG5197,QG5348,6.9666,158.1907,Pacific
QG5198,QG5348,6.9666,158.1907,Pacific
QG5205,QG4683,6.9666,158.1907,Pacific
QG5277,QG4718,6.9666,158.1907,Pacific
QG5284,QG4718,6.9666,158.1907,Pacific
QG5286,QG4718,6.9666,158.1907,Pacific
QG5290,QG4718,6.9666,158.1907,Pacific
QG5295,QG5507,6.9666,158.1907,Pacific
QG5300,QG4706,6.9666,158.1907,Pacific
QG5314,QG4718,6.9666,158.1907,Pacific
QG5348,QG5348,6.9666,158.1907,Pacific
QG5351,QG4706,6.9666,158.1907,Pacific
QG5369,QG4683,6.9666,158.1907,Pacific
QG5406,QG5406,6.9666,158.1907,Pacific
QG547,QG547,40.783,-73.985,North America
QG5471,QG5474,6.9666,158.1907,Pacific
QG5474,QG5474,6.9666,158.1907,Pacific
QG5485,QG5603,6.9661,158.1916,Pacific
QG5488,QG5488,6.9031,158.1706,Pacific
QG550,QG550,26.4758,127.834,Pacific
QG5506,QG4718,6.9666,158.1907,Pacific
QG5507,QG5507,6.9666,158.1907,Pacific
QG5512,QG5603,6.9661,158.1916,Pacific
QG5525,QG5525,6.9031,158.1706,Pacific
QG5531,QG5507,6.9666,158.1907,Pacific
QG5534,QG5507,6.9666,158.1907,Pacific
QG5539,QG5507,6.9666,158.1907,Pacific
QG5556,QG5348,6.9666,158.1907,Pacific
QG5577,QG4683,6.9666,158.1907,Pacific
QG5578,QG5633,6.9666,158.1907,Pacific
QG5579,QG5633,6.9666,158.1907,Pacific
QG5580,QG5474,6.9666,158.1907,Pacific
QG5581,QG5474,6.9666,158.1907,Pacific
QG5582,QG5474,6.9666,158.1907,Pacific
QG5589,QG5589,6.9073,158.1815,Pacific
QG5603,QG5603,6.9661,158.1916,Pacific
QG5604,QG5603,6.9661,158.1916,Pacific
QG5611,QG5611,6.9578,158.2086,Pacific
QG5612,QG5612,6.9578,158.2086,Pacific
QG5631,QG4683,6.9666,158.1907,Pacific
QG5632,QG5633,6.9666,158.1907,Pacific
QG5633,QG5633,6.9666,158.1907,Pacific
QG5657,QG5612,6.9578,158.2086,Pacific
QG570,QG581,45.54181667,-74.01301667,North America
QG571,QG581,45.54181667,-74.01301667,North America
QG572,QG581,45.54181667,-74.01301667,North America
QG573,QG581,45.54181667,-74.01301667,North America
QG574,QG581,45.5423,-74.01235,North America
QG737,QG737,9.155514,-79.848903,Central America
QG575,QG581,45.5423,-74.01235,North America
QG576,QG581,45.5423,-74.01235,North America
QG577,QG581,45.5423,-74.01235,North America
QG578,QG581,45.5423,-74.01235,North America
QG579,QG581,45.5423,-74.01235,North America
QG580,NIC60,45.5423,-74.01235,North America
QG581,QG581,45.5423,-74.01235,North America
QG584,QG588,41.52503056,-70.67271389,North America
QG585,QG588,41.52503056,-70.67271389,North America
QG586,QG588,41.52503056,-70.67271389,North America
QG587,QG588,41.52503056,-70.67271389,North America
QG738,QG809,9.15445,-79.82763,Central America
QG588,QG588,41.52503056,-70.67271389,North America
QG589,QG588,41.52503056,-70.67271389,North America
QG700,QG700,9.145492913,-79.8261379,Central America
QG723,QG2665,9.154377,-79.833165,Central America
QG724,QG2665,9.154377,-79.833165,Central America
QG725,QG784,9.154377,-79.833165,Central America
QG726,QG868,9.14141,-79.8285,Central America
QG727,QG727,9.14141,-79.8285,Central America
QG728,QG825,9.16485,-79.8391,Central America
QG730,QG2648,9.16347,-79.84038,Central America
QG731,QG865,9.16272,-79.84097,Central America
QG733,QG733,9.152583,-79.852998,Central America
QG734,QG864,9.152583,-79.852998,Central America
QG735,QG865,9.1546218,-79.8487201,Central America
QG736,QG736,9.155514,-79.848903,Central America
QG739,QG739,9.15447,-79.82758,Central America
QG740,QG875,9.1543,-79.82672,Central America
QG741,QG3058,9.161421,-79.837195,Central America
QG742,QG3058,9.161421,-79.837195,Central America
QG743,QG3058,9.161421,-79.837195,Central America
QG744,QG1126,9.161421,-79.837195,Central America
QG745,QG1126,9.161421,-79.837195,Central America
QG746,QG1126,9.161421,-79.837195,Central America
QG747,QG763,9.161421,-79.837195,Central America
QG748,QG763,9.161421,-79.837195,Central America
QG749,QG763,9.161421,-79.837195,Central America
QG750,QG763,9.161421,-79.837195,Central America
QG752,QG3058,9.161421,-79.837195,Central America
QG753,QG763,9.161421,-79.837195,Central America
QG754,QG763,9.161421,-79.837195,Central America
QG755,QG763,9.161421,-79.837195,Central America
QG797,QG797,9.152688,-79.851539,Central America
QG756,QG2648,9.161421,-79.837195,Central America
QG757,QG937,9.161421,-79.837195,Central America
QG758,QG763,9.161421,-79.837195,Central America
QG759,QG763,9.161421,-79.837195,Central America
QG760,QG761,9.161421,-79.837195,Central America
QG761,QG761,9.161421,-79.837195,Central America
QG762,QG763,9.161421,-79.837195,Central America
QG763,QG763,9.161421,-79.837195,Central America
QG764,QG2648,9.161421,-79.837195,Central America
QG765,QG3058,9.161421,-79.837195,Central America
QG766,QG763,9.161421,-79.837195,Central America
QG767,QG3058,9.161421,-79.837195,Central America
QG769,QG763,9.161421,-79.837195,Central America
QG770,QG858,9.155694,-79.848988,Central America
QG771,QG3058,9.16152,-79.83633,Central America
QG773,QG3058,9.16152,-79.83633,Central America
QG774,QG2665,9.15885,-79.83537,Central America
QG775,QG2665,9.15885,-79.83537,Central America
QG776,QG776,9.160652,-79.820831,Central America
QG777,QG784,9.14576403,-79.8544232,Central America
QG778,QG791,9.14576403,-79.8544232,Central America
QG779,QG791,9.14576403,-79.8544232,Central America
QG780,QG991,9.16163,-79.83895,Central America
QG781,QG781,9.159031,-79.830326,Central America
QG782,QG784,9.14576403,-79.8544232,Central America
QG783,QG791,9.14576403,-79.8544232,Central America
QG784,QG784,9.14576403,-79.8544232,Central America
QG785,QG791,9.14576403,-79.8544232,Central America
QG786,QG786,9.14576403,-79.8544232,Central America
QG787,QG980,9.159264,-79.824887,Central America
QG788,QG788,9.151852,-79.853543,Central America
QG789,QG791,9.14576403,-79.8544232,Central America
QG790,QG790,9.147185361,-79.8528469,Central America
QG791,QG791,9.14576403,-79.8544232,Central America
QG792,QG786,9.14576403,-79.8544232,Central America
QG793,QG781,9.159031,-79.830326,Central America
QG794,QG795,9.159222,-79.836495,Central America
QG795,QG795,9.159222,-79.836495,Central America
QG796,QG978,9.1491,-79.856143,Central America
QG798,QG865,9.152413,-79.850852,Central America
QG799,QG978,9.1491,-79.856143,Central America
QG802,QG802,9.158057,-79.834221,Central America
QG803,QG978,9.1491,-79.856143,Central America
QG804,QG804,9.152943,-79.851689,Central America
QG805,QG978,9.1491,-79.856143,Central America
QG806,QG806,9.147185361,-79.8528469,Central America
QG807,QG807,9.147185361,-79.8528469,Central America
QG808,QG808,9.1491,-79.856143,Central America
QG809,QG809,9.1491,-79.856143,Central America
QG810,QG784,9.159031,-79.830326,Central America
QG811,QG978,9.14752,-79.85572,Central America
QG812,QG788,9.152413,-79.850852,Central America
QG813,QG781,9.152413,-79.850852,Central America
QG814,QG865,9.152413,-79.850852,Central America
QG815,QG978,9.1491,-79.856143,Central America
QG816,QG791,9.14576403,-79.8544232,Central America
QG819,QG978,9.14752,-79.85572,Central America
QG822,QG2665,9.158427,-79.833373,Central America
QG824,QG825,9.16485,-79.8391,Central America
QG825,QG825,9.16485,-79.8391,Central America
QG826,QG874,9.16478,-79.83927,Central America
QG827,QG827,9.1537,-79.82607,Central America
QG828,QG828,9.15885,-79.83537,Central America
QG829,QG3058,9.16152,-79.83633,Central America
QG830,QG825,9.16485,-79.8391,Central America
QG831,QG727,9.14141,-79.8285,Central America
QG832,QG784,9.15443,-79.82735,Central America
QG833,QG833,9.15388,-79.83167,Central America
QG854,QG1126,9.1614,-79.84162,Central America
QG855,QG855,9.152583,-79.852998,Central America
QG856,QG856,9.156459,-79.848792,Central America
QG857,QG865,9.16272,-79.84097,Central America
QG858,QG858,9.155694,-79.848988,Central America
QG859,QG858,9.155694,-79.848988,Central America
QG860,QG860,9.14141,-79.8285,Central America
QG861,QG727,9.14141,-79.8285,Central America
QG864,QG864,9.152583,-79.852998,Central America
QG865,QG865,9.16272,-79.84097,Central America
QG866,QG866,9.151852,-79.853543,Central America
QG867,QG878,9.15445,-79.82763,Central America
QG868,QG868,9.14141,-79.8285,Central America
QG869,QG866,9.152583,-79.852998,Central America
QG870,QG739,9.15443,-79.82735,Central America
QG872,QG739,9.15447,-79.82758,Central America
QG873,QG737,9.155514,-79.848903,Central America
QG874,QG874,9.16478,-79.83927,Central America
QG875,QG875,9.1543,-79.82672,Central America
QG876,QG1126,9.161421,-79.837195,Central America
QG877,QG727,9.14141,-79.8285,Central America
QG878,QG878,9.15383,-79.82763,Central America
QG879,QG879,9.16152,-79.83633,Central America
QG880,QG880,9.15445,-79.83205,Central America
QG881,QG881,9.144607067,-79.8263148,Central America
QG882,QG888,9.144538,-79.854772,Central America
QG883,QG888,9.144538,-79.854772,Central America
QG884,QG888,9.144538,-79.854772,Central America
QG885,QG887,9.14576403,-79.8544232,Central America
QG886,QG887,9.14576403,-79.8544232,Central America
QG887,QG887,9.14576403,-79.8544232,Central America
QG888,QG888,9.14576403,-79.8544232,Central America
QG889,QG888,9.14576403,-79.8544232,Central America
QG890,QG888,9.14576403,-79.8544232,Central America
QG923,QG1111,9.167793,-79.844548,Central America
QG924,QG998,9.171288,-79.842699,Central America
VSL2219,VSL2219,NA,NA,Asia
QG925,QG998,9.167793,-79.844548,Central America
QG926,QG926,9.170573,-79.84316,Central America
QG927,QG927,9.170850606,-79.8428988,Central America
QG928,QG1005,9.170573,-79.84316,Central America
QG930,QG1126,9.170573,-79.84316,Central America
QG931,QG998,9.167793,-79.844548,Central America
QG932,QG1126,9.164456,-79.844623,Central America
QG933,QG933,9.164456,-79.844623,Central America
QG934,QG784,9.167793,-79.844548,Central America
QG936,QG937,9.16936,-79.844397,Central America
QG937,QG937,9.16936,-79.844397,Central America
QG938,QG1111,9.167793,-79.844548,Central America
QG939,QG998,9.16936,-79.844397,Central America
QG941,QG888,9.144538,-79.854772,Central America
QG944,QG888,9.14576403,-79.8544232,Central America
QG945,QG945,9.147419,-79.85312,Central America
QG946,QG946,9.147419,-79.85312,Central America
QG947,QG947,9.154377,-79.833165,Central America
QG948,QG948,9.145492913,-79.8261379,Central America
QG949,QG986,9.159031,-79.830326,Central America
QG950,QG986,9.159031,-79.830326,Central America
VT847,VT847,19.9,-155.6,Hawaii
QG951,QG986,9.159031,-79.830326,Central America
QG952,QG952,9.160461,-79.822633,Central America
QG973,QG978,9.159264,-79.824887,Central America
QG977,QG1126,9.159974,-79.823309,Central America
QG978,QG978,9.1491,-79.856143,Central America
QG979,QG784,9.159031,-79.830326,Central America
QG980,QG980,9.1491,-79.856143,Central America
QG982,QG887,9.14576403,-79.8544232,Central America
QG983,QG887,9.14576403,-79.8544232,Central America
QG985,QG888,9.14576403,-79.8544232,Central America
QG986,QG986,9.147419,-79.85312,Central America
QG988,QG1126,9.16347,-79.84038,Central America
QG991,QG991,9.16163,-79.83895,Central America
QG992,QG991,9.16163,-79.83895,Central America
QG993,QG2665,9.154377,-79.833165,Central America
QG994,QG994,9.154377,-79.833165,Central America
QG995,QG995,9.158893,-79.835315,Central America
QG996,QG986,9.159031,-79.830326,Central America
QG997,QG997,9.160461,-79.822633,Central America
QG998,QG998,9.170573,-79.84316,Central America
QR24,QR25,45.545448,-73.639076,North America
QR25,QR25,45.545448,-73.639076,North America
QX1410,QX1410,13.821844,-61.049778,Caribbean
QX1414,PB857,38.890061,-92.892883,North America
QX1545,PB857,39.9,-82.9,North America
QX1547,QX1547,35.931125,-84.931125,North America
QX1795,QX1795,20.9818,-156.5463,Hawaii
QX1796,QX1796,20.8795,-156.1965,Hawaii
QX1797,ECA1383,20.8744,-156.186,Hawaii
ZZY405,ZZY405,22.875,114.0625,Asia
QX1798,QX1798,20.8742,-156.1856,Hawaii
QX1800,QX1800,20.8715,-156.1694,Hawaii
QX1801,QX1801,20.8189,-156.0904,Hawaii
QX1802,QX1802,20.6299,-156.3948,Hawaii
QX1803,QX1803,20.72027,-156.44406,Hawaii
QX1804,QX1804,20.7894,-156.0043,Hawaii
SOW18,SOW18,39.960663,-75.605492,North America
SOW21,SOW21,41.41123603,-78.70870679,North America
SOW22,SOW22,40.006496,-75.703278,North America
TT3407,TT3411,18.9061,72.8039,Asia
TT3408,TT3408,18.9082,72.8057,Asia
TT3411,TT3411,18.90627,72.80395,Asia
TWN1772,TWN1772,24.69641667,121.4180556,Taiwan
TWN1824,TWN1824,24.69027778,121.4055556,Taiwan
TWN1899,TWN1899,25.16666667,121.5166667,Taiwan
TWN1907,TWN1907,24.85,121.55,Taiwan
TWN2919,TWN2919,24.17394444,121.6172222,Taiwan
TWN3077,TWN3077,25.19,121.7833333,Taiwan
UH1,UH1,19.6,-155.05,Hawaii
VSL2201,VSL2201,12.3807,75.8947,Asia
VSL2207,VSL2207,12.42865,75.7624,Asia
VSL2208,VSL2213,12.37008,75.90315,Asia
VSL2209,VSL2209,12.3692,75.9012,Asia
VSL2210,VSL2210,12.36923,75.90115,Asia
VSL2211,VSL2213,12.36935,75.90123,Asia
VSL2212,VSL2212,12.3829,75.9013,Asia
VSL2213,VSL2213,12.383,75.903,Asia
VSL2215,VSL2215,12.3799,75.8974,Asia
VSL2216,VSL2216,NA,NA,Asia
VSL2217,VSL2217,NA,NA,Asia
VX34,VX34,31.750834,113.98333,Asia
XZ1204,XZ1204,-23.571,-46.647,South America
XZ1205,XZ1205,-23.852,-46.4172,South America
XZ1206,XZ1206,-23.852,-46.4172,South America
XZ1207,XZ1207,-23.892,-46.3326,South America
XZ1208,EG6276,-23.5707,-46.64471,South America
XZ1209,EG6276,-23.5707,-46.64471,South America
XZ1210,XZ1210,-23.571,-46.647,South America
XZ1211,XZ1204,-23.571,-46.647,South America
XZ1212,XZ1212,-23.571,-46.647,South America
XZ1213,XZ1213,-23.571,-46.647,South America
XZ1731,XZ1731,-22.9382,-46.5466,South America
XZ1732,XZ1732,-23.5707,-46.64471,South America
XZ1733,XZ1732,-23.5707,-46.64471,South America
YR88,EG6268,NA,NA,unknown
ZZY0992,ZZY0992,22.42381115,114.1793101,Asia
ZZY1034,ZZY1034,22.38478428,113.9664658,Asia
ZZY1075,ZZY1075,22.78977726,114.739768,Asia
ZZY1123,ZZY1123,22.42629881,114.1811105,Asia
ZZY1130,ZZY1130,22.366493,114.260543,Asia
