CNX	topology	quartet	samples	quartet_id
ECA2852	O_CB1CB2_CNX	(PX506,(QX1410,JU3200),ECA2852)	PX506,QX1410,JU3200,ECA2852	quartet_01
ECA2852	O_CB1CNX_CB2	(PX506,(QX1410,ECA2852),JU3200)	PX506,QX1410,JU3200,ECA2852	quartet_01
ECA2852	O_CB2CNX_CB1	(PX506,(JU3200,ECA2852),QX1410)	PX506,QX1410,JU3200,ECA2852	quartet_01
ECA2857	O_CB1CB2_CNX	(PX506,(QX1410,JU3200),ECA2857)	PX506,QX1410,JU3200,ECA2857	quartet_02
ECA2857	O_CB1CNX_CB2	(PX506,(QX1410,ECA2857),JU3200)	PX506,QX1410,JU3200,ECA2857	quartet_02
ECA2857	O_CB2CNX_CB1	(PX506,(JU3200,ECA2857),QX1410)	PX506,QX1410,JU3200,ECA2857	quartet_02
EG5268	O_CB1CB2_CNX	(PX506,(QX1410,JU3200),EG5268)	PX506,QX1410,JU3200,EG5268	quartet_03
EG5268	O_CB1CNX_CB2	(PX506,(QX1410,EG5268),JU3200)	PX506,QX1410,JU3200,EG5268	quartet_03
EG5268	O_CB2CNX_CB1	(PX506,(JU3200,EG5268),QX1410)	PX506,QX1410,JU3200,EG5268	quartet_03
JU1418	O_CB1CB2_CNX	(PX506,(QX1410,JU3200),JU1418)	PX506,QX1410,JU3200,JU1418	quartet_04
JU1418	O_CB1CNX_CB2	(PX506,(QX1410,JU1418),JU3200)	PX506,QX1410,JU3200,JU1418	quartet_04
JU1418	O_CB2CNX_CB1	(PX506,(JU3200,JU1418),QX1410)	PX506,QX1410,JU3200,JU1418	quartet_04
JU1419	O_CB1CB2_CNX	(PX506,(QX1410,JU3200),JU1419)	PX506,QX1410,JU3200,JU1419	quartet_05
JU1419	O_CB1CNX_CB2	(PX506,(QX1410,JU1419),JU3200)	PX506,QX1410,JU3200,JU1419	quartet_05
JU1419	O_CB2CNX_CB1	(PX506,(JU3200,JU1419),QX1410)	PX506,QX1410,JU3200,JU1419	quartet_05
JU1420	O_CB1CB2_CNX	(PX506,(QX1410,JU3200),JU1420)	PX506,QX1410,JU3200,JU1420	quartet_06
JU1420	O_CB1CNX_CB2	(PX506,(QX1410,JU1420),JU3200)	PX506,QX1410,JU3200,JU1420	quartet_06
JU1420	O_CB2CNX_CB1	(PX506,(JU3200,JU1420),QX1410)	PX506,QX1410,JU3200,JU1420	quartet_06
JU1422	O_CB1CB2_CNX	(PX506,(QX1410,JU3200),JU1422)	PX506,QX1410,JU3200,JU1422	quartet_07
JU1422	O_CB1CNX_CB2	(PX506,(QX1410,JU1422),JU3200)	PX506,QX1410,JU3200,JU1422	quartet_07
JU1422	O_CB2CNX_CB1	(PX506,(JU3200,JU1422),QX1410)	PX506,QX1410,JU3200,JU1422	quartet_07
JU2484	O_CB1CB2_CNX	(PX506,(QX1410,JU3200),JU2484)	PX506,QX1410,JU3200,JU2484	quartet_08
JU2484	O_CB1CNX_CB2	(PX506,(QX1410,JU2484),JU3200)	PX506,QX1410,JU3200,JU2484	quartet_08
JU2484	O_CB2CNX_CB1	(PX506,(JU3200,JU2484),QX1410)	PX506,QX1410,JU3200,JU2484	quartet_08
JU2617	O_CB1CB2_CNX	(PX506,(QX1410,JU3200),JU2617)	PX506,QX1410,JU3200,JU2617	quartet_09
JU2617	O_CB1CNX_CB2	(PX506,(QX1410,JU2617),JU3200)	PX506,QX1410,JU3200,JU2617	quartet_09
JU2617	O_CB2CNX_CB1	(PX506,(JU3200,JU2617),QX1410)	PX506,QX1410,JU3200,JU2617	quartet_09
NIC2143	O_CB1CB2_CNX	(PX506,(QX1410,JU3200),NIC2143)	PX506,QX1410,JU3200,NIC2143	quartet_10
NIC2143	O_CB1CNX_CB2	(PX506,(QX1410,NIC2143),JU3200)	PX506,QX1410,JU3200,NIC2143	quartet_10
NIC2143	O_CB2CNX_CB1	(PX506,(JU3200,NIC2143),QX1410)	PX506,QX1410,JU3200,NIC2143	quartet_10
NIC2150	O_CB1CB2_CNX	(PX506,(QX1410,JU3200),NIC2150)	PX506,QX1410,JU3200,NIC2150	quartet_11
NIC2150	O_CB1CNX_CB2	(PX506,(QX1410,NIC2150),JU3200)	PX506,QX1410,JU3200,NIC2150	quartet_11
NIC2150	O_CB2CNX_CB1	(PX506,(JU3200,NIC2150),QX1410)	PX506,QX1410,JU3200,NIC2150	quartet_11
NIC2152	O_CB1CB2_CNX	(PX506,(QX1410,JU3200),NIC2152)	PX506,QX1410,JU3200,NIC2152	quartet_12
NIC2152	O_CB1CNX_CB2	(PX506,(QX1410,NIC2152),JU3200)	PX506,QX1410,JU3200,NIC2152	quartet_12
NIC2152	O_CB2CNX_CB1	(PX506,(JU3200,NIC2152),QX1410)	PX506,QX1410,JU3200,NIC2152	quartet_12
VX151	O_CB1CB2_CNX	(PX506,(QX1410,JU3200),VX151)	PX506,QX1410,JU3200,VX151	quartet_13
VX151	O_CB1CNX_CB2	(PX506,(QX1410,VX151),JU3200)	PX506,QX1410,JU3200,VX151	quartet_13
VX151	O_CB2CNX_CB1	(PX506,(JU3200,VX151),QX1410)	PX506,QX1410,JU3200,VX151	quartet_13
VX153	O_CB1CB2_CNX	(PX506,(QX1410,JU3200),VX153)	PX506,QX1410,JU3200,VX153	quartet_14
VX153	O_CB1CNX_CB2	(PX506,(QX1410,VX153),JU3200)	PX506,QX1410,JU3200,VX153	quartet_14
VX153	O_CB2CNX_CB1	(PX506,(JU3200,VX153),QX1410)	PX506,QX1410,JU3200,VX153	quartet_14
YR106	O_CB1CB2_CNX	(PX506,(QX1410,JU3200),YR106)	PX506,QX1410,JU3200,YR106	quartet_15
YR106	O_CB1CNX_CB2	(PX506,(QX1410,YR106),JU3200)	PX506,QX1410,JU3200,YR106	quartet_15
YR106	O_CB2CNX_CB1	(PX506,(JU3200,YR106),QX1410)	PX506,QX1410,JU3200,YR106	quartet_15
ZF1220	O_CB1CB2_CNX	(PX506,(QX1410,JU3200),ZF1220)	PX506,QX1410,JU3200,ZF1220	quartet_16
ZF1220	O_CB1CNX_CB2	(PX506,(QX1410,ZF1220),JU3200)	PX506,QX1410,JU3200,ZF1220	quartet_16
ZF1220	O_CB2CNX_CB1	(PX506,(JU3200,ZF1220),QX1410)	PX506,QX1410,JU3200,ZF1220	quartet_16
