70737	72213	4708376	4706900	1477	1477	82.88	15540809	17877849	I	CM021146.1
70737	72213	18282883	18284359	1477	1477	82.75	15540809	22502457	I	CM021148.1
135361	137420	747385	745326	2060	2060	81.42	15540809	17247545	I	CM021144.1
137801	141474	744104	740431	3674	3674	82.23	15540809	17247545	I	CM021144.1
142497	143522	737671	736646	1026	1026	81.42	15540809	17247545	I	CM021144.1
1072023	1074865	7422951	7425820	2843	2870	91.01	15540809	17247545	I	CM021144.1
1992814	1994348	6062691	6064200	1535	1510	85.57	15540809	17247545	I	CM021144.1
2131226	2132482	14809355	14810606	1257	1252	83.85	15540809	17247545	I	CM021144.1
2946747	2948275	6478892	6480414	1529	1523	84.56	15540809	17247545	I	CM021144.1
3126646	3127874	6586761	6587985	1229	1225	80.97	15540809	17247545	I	CM021144.1
3200912	3202575	6558604	6560317	1664	1714	81.45	15540809	17247545	I	CM021144.1
3568720	3569791	10054272	10053191	1072	1082	75.14	15540809	17247545	I	CM021144.1
3607898	3608979	10016578	10015490	1082	1089	82.68	15540809	17247545	I	CM021144.1
3633587	3634727	9992607	9991467	1141	1141	83.70	15540809	17247545	I	CM021144.1
3641143	3642260	9980875	9979749	1118	1127	81.48	15540809	17247545	I	CM021144.1
3712430	3714109	9918268	9916583	1680	1686	82.42	15540809	17247545	I	CM021144.1
3772160	3773987	9875194	9873383	1828	1812	80.06	15540809	17247545	I	CM021144.1
3885104	3886114	9778285	9777319	1011	967	81.58	15540809	17247545	I	CM021144.1
3889511	3890901	9774395	9773003	1391	1393	83.07	15540809	17247545	I	CM021144.1
3971363	3972509	5265415	5266537	1147	1123	82.48	15540809	17247545	I	CM021144.1
3985420	3986464	5289879	5290929	1045	1051	82.29	15540809	17247545	I	CM021144.1
4078497	4079689	5403455	5404651	1193	1197	84.54	15540809	17247545	I	CM021144.1
4108460	4109888	5430930	5432361	1429	1432	82.02	15540809	17247545	I	CM021144.1
4245810	4247163	5610574	5611963	1354	1390	82.44	15540809	17247545	I	CM021144.1
4399630	4401161	6013642	6012071	1532	1572	79.96	15540809	17247545	I	CM021144.1
4504597	4506104	5851519	5853018	1508	1500	77.73	15540809	17247545	I	CM021144.1
4541772	4543082	5896628	5897945	1311	1318	86.50	15540809	17247545	I	CM021144.1
4543910	4545085	5899445	5900602	1176	1158	81.75	15540809	17247545	I	CM021144.1
4560374	4561384	5919609	5920669	1011	1061	79.85	15540809	17247545	I	CM021144.1
5011616	5012890	5012382	5013704	1275	1323	84.87	15540809	17247545	I	CM021144.1
5013871	5015148	5014724	5016041	1278	1318	78.99	15540809	17247545	I	CM021144.1
5095734	5097371	4828736	4830378	1638	1643	82.81	15540809	17247545	I	CM021144.1
5111465	5112982	4824149	4822636	1518	1514	83.54	15540809	17247545	I	CM021144.1
5327760	5328937	4371822	4370643	1178	1180	81.15	15540809	17247545	I	CM021144.1
5348810	5351117	4318385	4316079	2308	2307	82.71	15540809	17247545	I	CM021144.1
5401431	5403020	4055386	4057014	1590	1629	78.48	15540809	17247545	I	CM021144.1
5424935	5426319	4094773	4096079	1385	1307	78.30	15540809	17247545	I	CM021144.1
5434979	5436441	4107109	4108580	1463	1472	87.21	15540809	17247545	I	CM021144.1
5435354	5436428	4134870	4135926	1075	1057	83.21	15540809	17247545	I	CM021144.1
5497004	5498113	4249826	4250942	1110	1117	80.46	15540809	17247545	I	CM021144.1
5648446	5649546	3786879	3785788	1101	1092	86.76	15540809	17247545	I	CM021144.1
5728354	5729492	3903314	3902109	1139	1206	81.79	15540809	17247545	I	CM021144.1
5773453	5774862	3531894	3530489	1410	1406	80.28	15540809	17247545	I	CM021144.1
6345686	6346793	4293906	4295052	1108	1147	86.28	15540809	17247545	I	CM021144.1
6345700	6346793	3978200	3977070	1094	1131	86.82	15540809	17247545	I	CM021144.1
6467437	6468829	1777962	1776544	1393	1419	82.37	15540809	17247545	I	CM021144.1
6813157	6814334	1401567	1400390	1178	1178	85.31	15540809	17247545	I	CM021144.1
6952182	6956479	1243819	1248115	4298	4297	87.26	15540809	17247545	I	CM021144.1
6955219	6956471	7580988	7582296	1253	1309	83.92	15540809	17247545	I	CM021144.1
6955233	6956254	15091938	15092965	1022	1028	86.49	15540809	21501900	I	CM021149.1
7205527	7207760	934470	936807	2234	2338	86.29	15540809	17247545	I	CM021144.1
7341760	7342766	3767649	3768660	1007	1012	78.59	15540809	17877849	I	CM021146.1
7396384	7398245	10091786	10093651	1862	1866	79.27	15540809	17247545	I	CM021144.1
7416311	7417825	10108060	10109581	1515	1522	80.89	15540809	17247545	I	CM021144.1
7464736	7465867	10152750	10153847	1132	1098	83.48	15540809	17247545	I	CM021144.1
7488364	7489616	10172895	10174147	1253	1253	82.36	15540809	17247545	I	CM021144.1
7585068	7586625	10258848	10260425	1558	1578	78.78	15540809	17247545	I	CM021144.1
7642387	7644213	10303576	10305399	1827	1824	78.57	15540809	17247545	I	CM021144.1
7647685	7651338	10308891	10312549	3654	3659	81.86	15540809	17247545	I	CM021144.1
7670907	7672252	10327774	10329118	1346	1345	81.13	15540809	17247545	I	CM021144.1
7709794	7710964	10363058	10364220	1171	1163	75.13	15540809	17247545	I	CM021144.1
7723378	7726047	10375193	10377868	2670	2676	83.95	15540809	17247545	I	CM021144.1
7733451	7734923	10385070	10386559	1473	1490	85.91	15540809	17247545	I	CM021144.1
7736828	7750960	10388460	10402650	14133	14191	85.23	15540809	17247545	I	CM021144.1
7757699	7758835	10409125	10410257	1137	1133	84.98	15540809	17247545	I	CM021144.1
7810302	7811330	4046	5045	1029	1000	79.31	15540809	14457	I	WUAV01000173.1
7827108	7829469	10466685	10469048	2362	2364	82.15	15540809	17247545	I	CM021144.1
7952988	7954396	10572626	10574083	1409	1458	83.66	15540809	17247545	I	CM021144.1
7963808	7964917	10582365	10583470	1110	1106	86.23	15540809	17247545	I	CM021144.1
8011360	8012541	10618351	10619530	1182	1180	86.02	15540809	17247545	I	CM021144.1
8051495	8057806	10647224	10653511	6312	6288	83.33	15540809	17247545	I	CM021144.1
8091809	8094308	10685534	10688066	2500	2533	80.35	15540809	17247545	I	CM021144.1
8150295	8151478	10735002	10736194	1184	1193	76.17	15540809	17247545	I	CM021144.1
8210018	8211240	10789669	10790864	1223	1196	81.07	15540809	17247545	I	CM021144.1
8377107	8379138	10915024	10917061	2032	2038	81.54	15540809	17247545	I	CM021144.1
8383722	8385606	10921710	10923583	1885	1874	81.52	15540809	17247545	I	CM021144.1
8513857	8514972	11036441	11037556	1116	1116	90.65	15540809	17247545	I	CM021144.1
8550091	8551287	11068772	11069968	1197	1197	85.05	15540809	17247545	I	CM021144.1
8551424	8552605	11070117	11071298	1182	1182	84.12	15540809	17247545	I	CM021144.1
8553132	8555169	11071653	11073694	2038	2042	83.26	15540809	17247545	I	CM021144.1
8555716	8557642	11074287	11076210	1927	1924	82.37	15540809	17247545	I	CM021144.1
8563971	8565058	11087351	11088439	1088	1089	82.49	15540809	17247545	I	CM021144.1
8701719	8703206	11214955	11216462	1488	1508	78.81	15540809	17247545	I	CM021144.1
8705901	8707013	11220145	11221270	1113	1126	78.97	15540809	17247545	I	CM021144.1
8764076	8771785	11276030	11283816	7710	7787	86.69	15540809	17247545	I	CM021144.1
8818503	8819997	11328092	11329641	1495	1550	78.97	15540809	17247545	I	CM021144.1
8833967	8836319	11342868	11345227	2353	2360	80.87	15540809	17247545	I	CM021144.1
8841774	8844574	11350627	11353428	2801	2802	80.51	15540809	17247545	I	CM021144.1
9065182	9066277	11573145	11574356	1096	1212	78.03	15540809	17247545	I	CM021144.1
9496139	9498628	12080579	12083063	2490	2485	82.75	15540809	17247545	I	CM021144.1
10236651	10238244	9052412	9053991	1594	1580	85.97	15540809	17247545	I	CM021144.1
10251556	10252708	9067947	9069093	1153	1147	81.86	15540809	17247545	I	CM021144.1
10650659	10652886	9310279	9312508	2228	2230	79.80	15540809	17247545	I	CM021144.1
10759616	10761148	9384124	9382598	1533	1527	81.55	15540809	17247545	I	CM021144.1
11156932	11158006	9555026	9556125	1075	1100	80.65	15540809	17247545	I	CM021144.1
11238895	11239921	9587235	9588261	1027	1027	80.76	15540809	17247545	I	CM021144.1
11546488	11547508	9745052	9744038	1021	1015	89.29	15540809	17247545	I	CM021144.1
12595196	12598460	17834262	17837504	3265	3243	82.28	15540809	21501900	I	CM021149.1
12595696	12598460	221659	224417	2765	2759	82.44	15540809	391500	I	WUAV01000025.1
12598835	12600007	224769	225937	1173	1169	84.69	15540809	391500	I	WUAV01000025.1
13475449	13476993	14893081	14891537	1545	1545	84.04	15540809	17247545	I	CM021144.1
13487349	13491736	14881816	14877411	4388	4406	83.84	15540809	17247545	I	CM021144.1
14109902	14111362	16276978	16278436	1461	1459	91.42	15540809	17247545	I	CM021144.1
14294628	14295719	16623983	16625074	1092	1092	83.61	15540809	17247545	I	CM021144.1
14405744	14407292	16345844	16347390	1549	1547	82.67	15540809	17247545	I	CM021144.1
14635297	14636377	16942853	16941773	1081	1081	84.46	15540809	17247545	I	CM021144.1
14834134	14838650	7577956	7582466	4517	4511	92.06	15540809	17247545	I	CM021144.1
14836988	14838480	1246677	1248107	1493	1431	80.95	15540809	17247545	I	CM021144.1
15071111	15072686	17149134	17147522	1576	1613	77.44	15540809	17247545	I	CM021144.1
15105585	15106704	17172655	17171536	1120	1120	81.96	15540809	17247545	I	CM021144.1
15148690	15150278	7755887	7754306	1589	1582	78.86	15540809	17247545	I	CM021144.1
15397602	15398661	7656782	7655736	1060	1047	79.32	15540809	17247545	I	CM021144.1
15472103	15473983	7931052	7932930	1881	1879	88.68	15540809	17247545	I	CM021144.1
256827	261015	6201641	6205880	4189	4240	84.09	16595099	19935723	II	CM021145.1
2873800	2874844	7677931	7676891	1045	1041	83.96	16595099	19935723	II	CM021145.1
3132362	3133439	7523165	7522081	1078	1085	82.46	16595099	19935723	II	CM021145.1
3181870	3183334	7488490	7487038	1465	1453	83.25	16595099	19935723	II	CM021145.1
3243024	3245633	7403184	7400571	2610	2614	84.92	16595099	19935723	II	CM021145.1
3248612	3249845	7397636	7396408	1234	1229	84.71	16595099	19935723	II	CM021145.1
3325211	3326663	7373134	7371683	1453	1452	79.73	16595099	19935723	II	CM021145.1
3358440	3360622	7342387	7340233	2183	2155	83.02	16595099	19935723	II	CM021145.1
3470085	3471126	7080570	7079532	1042	1039	81.06	16595099	19935723	II	CM021145.1
3495905	3498293	7058587	7056198	2389	2390	82.70	16595099	19935723	II	CM021145.1
3500194	3501587	7054240	7052840	1394	1401	81.19	16595099	19935723	II	CM021145.1
3557634	3559128	7014482	7012942	1495	1541	83.04	16595099	19935723	II	CM021145.1
3600246	3601971	7177236	7178957	1726	1722	84.49	16595099	19935723	II	CM021145.1
3779909	3781470	6975564	6977122	1562	1559	83.39	16595099	19935723	II	CM021145.1
3967013	3968041	6833239	6832165	1029	1075	83.75	16595099	19935723	II	CM021145.1
4156937	4158145	6655748	6654540	1209	1209	84.38	16595099	19935723	II	CM021145.1
4161743	4163109	6651946	6650574	1367	1373	81.35	16595099	19935723	II	CM021145.1
4417738	4418938	5382336	5383539	1201	1204	82.10	16595099	19935723	II	CM021145.1
4575585	4576867	5224387	5225669	1283	1283	85.28	16595099	19935723	II	CM021145.1
4895371	4898006	919696	917031	2636	2666	81.60	16595099	19935723	II	CM021145.1
4996428	4997506	12059849	12058781	1079	1069	83.99	16595099	19935723	II	CM021145.1
5056019	5057038	12122703	12123737	1020	1035	80.23	16595099	19935723	II	CM021145.1
5142613	5143820	12178337	12177173	1208	1165	84.97	16595099	19935723	II	CM021145.1
5146696	5148386	12174786	12173116	1691	1671	85.22	16595099	19935723	II	CM021145.1
5290160	5291186	12271574	12272602	1027	1029	79.30	16595099	19935723	II	CM021145.1
5377645	5378687	12352045	12353117	1043	1073	81.74	16595099	19935723	II	CM021145.1
5385960	5387329	12357848	12359226	1370	1379	83.38	16595099	19935723	II	CM021145.1
5506863	5508172	12463128	12464445	1310	1318	82.96	16595099	19935723	II	CM021145.1
5521964	5523336	12483211	12484623	1373	1413	77.36	16595099	19935723	II	CM021145.1
5586862	5588855	12535488	12537489	1994	2002	82.08	16595099	19935723	II	CM021145.1
5601763	5602930	12547302	12548473	1168	1172	80.90	16595099	19935723	II	CM021145.1
5663960	5665307	12591642	12592999	1348	1358	88.77	16595099	19935723	II	CM021145.1
5682589	5683611	12608413	12607374	1023	1040	79.16	16595099	19935723	II	CM021145.1
5697810	5698901	12615295	12616372	1092	1078	81.48	16595099	19935723	II	CM021145.1
5786446	5787571	12681462	12682587	1126	1126	86.65	16595099	19935723	II	CM021145.1
5906965	5908055	12799313	12800407	1091	1095	84.11	16595099	19935723	II	CM021145.1
5986750	5987957	12870804	12872013	1208	1210	84.03	16595099	19935723	II	CM021145.1
6003992	6005246	12897212	12898468	1255	1257	81.10	16595099	19935723	II	CM021145.1
6082604	6083980	10040742	10042113	1377	1372	81.25	16595099	19935723	II	CM021145.1
6132450	6133540	13089925	13088791	1091	1135	84.13	16595099	19935723	II	CM021145.1
6190293	6192877	13041596	13044162	2585	2567	81.05	16595099	19935723	II	CM021145.1
6198917	6200160	13029448	13028202	1244	1247	77.88	16595099	19935723	II	CM021145.1
6203233	6204454	13025539	13024289	1222	1251	79.97	16595099	19935723	II	CM021145.1
6205157	6206589	13023472	13022039	1433	1434	80.79	16595099	19935723	II	CM021145.1
6211189	6212667	13017908	13016414	1479	1495	73.59	16595099	19935723	II	CM021145.1
6226605	6227750	13000273	12999059	1146	1215	77.86	16595099	19935723	II	CM021145.1
6231658	6233394	12996274	12994553	1737	1722	84.60	16595099	19935723	II	CM021145.1
6242947	6244011	12966038	12964963	1065	1076	81.68	16595099	19935723	II	CM021145.1
6244733	6246297	12964880	12963322	1565	1559	80.11	16595099	19935723	II	CM021145.1
6253980	6256266	10032018	10029747	2287	2272	81.57	16595099	19935723	II	CM021145.1
6283062	6285999	10009769	10006845	2938	2925	82.67	16595099	19935723	II	CM021145.1
6286625	6288985	10006170	10003845	2361	2326	80.79	16595099	19935723	II	CM021145.1
6296038	6297705	9995404	9993737	1668	1668	80.87	16595099	19935723	II	CM021145.1
6297808	6306217	9993634	9985225	8410	8410	83.27	16595099	19935723	II	CM021145.1
6341708	6343302	9958294	9956696	1595	1599	82.54	16595099	19935723	II	CM021145.1
6355446	6356842	9941859	9940402	1397	1458	79.21	16595099	19935723	II	CM021145.1
6415226	6416356	9893455	9892333	1131	1123	81.81	16595099	19935723	II	CM021145.1
6468617	6470004	9840024	9838637	1388	1388	81.82	16595099	19935723	II	CM021145.1
6502427	6503830	9812681	9811280	1404	1402	82.20	16595099	19935723	II	CM021145.1
6577251	6578794	9755847	9754348	1544	1500	77.47	16595099	19935723	II	CM021145.1
6583982	6585381	9749424	9747993	1400	1432	80.59	16595099	19935723	II	CM021145.1
6674362	6676559	9669399	9667185	2198	2215	82.78	16595099	19935723	II	CM021145.1
6697986	6699685	9651512	9649757	1700	1756	79.50	16595099	19935723	II	CM021145.1
6708422	6709782	9642284	9640898	1361	1387	79.63	16595099	19935723	II	CM021145.1
6724365	6725655	9631901	9630618	1291	1284	81.12	16595099	19935723	II	CM021145.1
6744015	6745096	9620270	9619185	1082	1086	79.03	16595099	19935723	II	CM021145.1
6747389	6749408	9617465	9615446	2020	2020	81.49	16595099	19935723	II	CM021145.1
6793774	6795367	9575211	9573634	1594	1578	83.38	16595099	19935723	II	CM021145.1
6798696	6800752	9571198	9569145	2057	2054	81.14	16595099	19935723	II	CM021145.1
6806079	6807199	9567363	9566266	1121	1098	80.84	16595099	19935723	II	CM021145.1
6823746	6825382	9549916	9548274	1637	1643	78.96	16595099	19935723	II	CM021145.1
6825516	6827290	9548154	9546424	1775	1731	81.03	16595099	19935723	II	CM021145.1
6844089	6845197	9529851	9528747	1109	1105	78.38	16595099	19935723	II	CM021145.1
6877094	6878644	9504581	9502973	1551	1609	80.00	16595099	19935723	II	CM021145.1
6924155	6927026	9461285	9458389	2872	2897	80.84	16595099	19935723	II	CM021145.1
6972225	6973313	9419551	9418469	1089	1083	83.32	16595099	19935723	II	CM021145.1
7012742	7014329	9382366	9380783	1588	1584	87.82	16595099	19935723	II	CM021145.1
7057058	7059238	9345308	9343114	2181	2195	83.01	16595099	19935723	II	CM021145.1
7066599	7069112	9335804	9333332	2514	2473	80.14	16595099	19935723	II	CM021145.1
7078924	7080048	9325688	9324563	1125	1126	82.10	16595099	19935723	II	CM021145.1
7081839	7084160	9321549	9319225	2322	2325	83.64	16595099	19935723	II	CM021145.1
7098983	7100192	9307493	9306279	1210	1215	86.43	16595099	19935723	II	CM021145.1
7134565	7135659	9280209	9279170	1095	1040	79.79	16595099	19935723	II	CM021145.1
7165202	7166564	9256186	9254860	1363	1327	80.97	16595099	19935723	II	CM021145.1
7168666	7169757	9253009	9251906	1092	1104	82.76	16595099	19935723	II	CM021145.1
7198189	7199529	10582373	10581038	1341	1336	83.52	16595099	17877849	II	CM021146.1
7242971	7243983	9183723	9182702	1013	1022	82.67	16595099	19935723	II	CM021145.1
7333760	7334794	9117440	9116410	1035	1031	80.27	16595099	19935723	II	CM021145.1
7343748	7344779	9103068	9102042	1032	1027	81.29	16595099	19935723	II	CM021145.1
7441058	7442104	9018199	9017112	1047	1088	76.87	16595099	19935723	II	CM021145.1
7442678	7443798	9016571	9015450	1121	1122	80.63	16595099	19935723	II	CM021145.1
7485850	7487050	8981513	8980309	1201	1205	83.07	16595099	19935723	II	CM021145.1
7487263	7488436	8980105	8978924	1174	1182	87.69	16595099	19935723	II	CM021145.1
7489919	7491649	8977862	8976157	1731	1706	83.65	16595099	19935723	II	CM021145.1
7546572	7548251	8933513	8931840	1680	1674	80.20	16595099	19935723	II	CM021145.1
7641767	7643381	8838198	8836577	1615	1622	85.04	16595099	19935723	II	CM021145.1
7645044	7646306	8834760	8833545	1263	1216	76.73	16595099	19935723	II	CM021145.1
7692938	7694409	8791899	8790435	1472	1465	85.37	16595099	19935723	II	CM021145.1
7695094	7696566	8789821	8788381	1473	1441	87.63	16595099	19935723	II	CM021145.1
7704180	7705261	8781403	8780321	1082	1083	81.80	16595099	19935723	II	CM021145.1
7716271	7717854	8771036	8769424	1584	1613	80.41	16595099	19935723	II	CM021145.1
7731059	7733706	8757205	8754473	2648	2733	81.92	16595099	19935723	II	CM021145.1
7882277	7883686	8604250	8602828	1410	1423	80.40	16595099	19935723	II	CM021145.1
7890300	7895030	8596070	8591346	4731	4725	83.10	16595099	19935723	II	CM021145.1
7915562	7916771	8574458	8573232	1210	1227	85.26	16595099	19935723	II	CM021145.1
7966169	7967475	8523407	8522044	1307	1364	81.59	16595099	19935723	II	CM021145.1
7977895	7979181	8514199	8512901	1287	1299	87.76	16595099	19935723	II	CM021145.1
8006926	8008020	8481989	8480933	1095	1057	79.14	16595099	19935723	II	CM021145.1
8040728	8044806	8470179	8466137	4079	4043	80.70	16595099	19935723	II	CM021145.1
8092844	8095153	8414802	8412444	2310	2359	81.81	16595099	19935723	II	CM021145.1
8118209	8119347	8391661	8390473	1139	1189	81.92	16595099	19935723	II	CM021145.1
8133254	8135012	8378693	8376871	1759	1823	83.97	16595099	19935723	II	CM021145.1
8167537	8169088	8346285	8344741	1552	1545	80.36	16595099	19935723	II	CM021145.1
8173756	8174851	8339952	8338863	1096	1090	79.95	16595099	19935723	II	CM021145.1
8175630	8176718	8338152	8337041	1089	1112	84.55	16595099	19935723	II	CM021145.1
8211125	8212229	8310889	8309785	1105	1105	85.38	16595099	19935723	II	CM021145.1
8213055	8214301	8309023	8307772	1247	1252	81.05	16595099	19935723	II	CM021145.1
8226460	8227475	8298126	8297117	1016	1010	82.32	16595099	19935723	II	CM021145.1
8276036	8278824	8249108	8246338	2789	2771	81.78	16595099	19935723	II	CM021145.1
8431179	8432409	8049189	8050389	1231	1201	82.98	16595099	19935723	II	CM021145.1
8432871	8433929	8050841	8051844	1059	1004	77.24	16595099	19935723	II	CM021145.1
8497517	8499197	8108718	8110376	1681	1659	80.39	16595099	19935723	II	CM021145.1
8503839	8506420	8114432	8117008	2582	2577	83.21	16595099	19935723	II	CM021145.1
8566322	8568012	8014636	8012943	1691	1694	82.89	16595099	19935723	II	CM021145.1
8650963	8652234	7943692	7942403	1272	1290	80.26	16595099	19935723	II	CM021145.1
8682085	8684728	7918292	7915642	2644	2651	80.88	16595099	19935723	II	CM021145.1
8689790	8691181	7910248	7908857	1392	1392	79.91	16595099	19935723	II	CM021145.1
8691396	8692732	7908637	7907295	1337	1343	84.91	16595099	19935723	II	CM021145.1
8758698	8760270	7849610	7848050	1573	1561	80.73	16595099	19935723	II	CM021145.1
8935032	8936149	12041029	12039963	1118	1067	78.61	16595099	19935723	II	CM021145.1
8953909	8955500	12017569	12015978	1592	1592	80.64	16595099	19935723	II	CM021145.1
9025106	9026858	11918627	11920363	1753	1737	79.17	16595099	19935723	II	CM021145.1
9043878	9046558	11942408	11945112	2681	2705	81.16	16595099	19935723	II	CM021145.1
9065324	9066423	11963234	11964339	1100	1106	80.40	16595099	19935723	II	CM021145.1
9094310	9095460	11893602	11892475	1151	1128	79.76	16595099	19935723	II	CM021145.1
9119775	9120941	11871931	11870779	1167	1153	78.87	16595099	19935723	II	CM021145.1
9175591	9176874	11819134	11817850	1284	1285	84.23	16595099	19935723	II	CM021145.1
9221751	9223723	11781884	11779919	1973	1966	80.54	16595099	19935723	II	CM021145.1
9237561	9239504	11768046	11766099	1944	1948	80.63	16595099	19935723	II	CM021145.1
9312070	9313609	11712198	11710615	1540	1584	78.36	16595099	19935723	II	CM021145.1
9339349	9341605	11689233	11686986	2257	2248	82.71	16595099	19935723	II	CM021145.1
9344247	9345943	11685117	11683430	1697	1688	82.57	16595099	19935723	II	CM021145.1
9504959	9506441	11552980	11551510	1483	1471	80.78	16595099	19935723	II	CM021145.1
9506479	9507643	11551337	11550171	1165	1167	85.71	16595099	19935723	II	CM021145.1
9578800	9580286	11492362	11490862	1487	1501	81.99	16595099	19935723	II	CM021145.1
9616574	9617748	11462254	11461083	1175	1172	81.53	16595099	19935723	II	CM021145.1
9634664	9635693	11446383	11445346	1030	1038	84.10	16595099	19935723	II	CM021145.1
9645591	9647598	11436927	11434913	2008	2015	82.86	16595099	19935723	II	CM021145.1
9652338	9654287	11431549	11429593	1950	1957	79.36	16595099	19935723	II	CM021145.1
9659373	9660661	11429063	11427769	1289	1295	79.08	16595099	19935723	II	CM021145.1
9701734	9704540	11396795	11393984	2807	2812	83.00	16595099	19935723	II	CM021145.1
9778387	9779601	11322119	11320925	1215	1195	79.61	16595099	19935723	II	CM021145.1
9790975	9793419	11309083	11306638	2445	2446	81.42	16595099	19935723	II	CM021145.1
10008605	10011110	11126753	11124266	2506	2488	79.71	16595099	19935723	II	CM021145.1
10025881	10027196	11114286	11112917	1316	1370	78.97	16595099	19935723	II	CM021145.1
10122592	10123941	11024848	11023466	1350	1383	81.60	16595099	19935723	II	CM021145.1
10155531	10156750	10996171	10994978	1220	1194	79.18	16595099	19935723	II	CM021145.1
10210775	10212539	10941983	10940246	1765	1738	83.74	16595099	19935723	II	CM021145.1
10213762	10215104	10939270	10937884	1343	1387	78.54	16595099	19935723	II	CM021145.1
10218756	10220359	10930220	10928611	1604	1610	84.52	16595099	19935723	II	CM021145.1
10327350	10329564	10831899	10829668	2215	2232	82.90	16595099	19935723	II	CM021145.1
10363180	10364584	10797814	10796407	1405	1408	84.11	16595099	19935723	II	CM021145.1
10389079	10390724	10778152	10776514	1646	1639	82.95	16595099	19935723	II	CM021145.1
10392361	10393526	10775229	10774033	1166	1197	82.78	16595099	19935723	II	CM021145.1
10472031	10473392	10704973	10703619	1362	1355	83.61	16595099	19935723	II	CM021145.1
10497863	10499046	10692047	10690866	1184	1182	81.73	16595099	19935723	II	CM021145.1
10509616	10511301	10682149	10680456	1686	1694	82.36	16595099	19935723	II	CM021145.1
10526043	10527114	10668765	10667695	1072	1071	91.84	16595099	19935723	II	CM021145.1
10528032	10529380	10666912	10665550	1349	1363	88.00	16595099	19935723	II	CM021145.1
10531294	10532768	10663938	10662483	1475	1456	88.82	16595099	19935723	II	CM021145.1
10588042	10590608	10621065	10618508	2567	2558	81.57	16595099	19935723	II	CM021145.1
10644127	10645768	10584614	10582972	1642	1643	82.82	16595099	19935723	II	CM021145.1
10669907	10672977	10563254	10560172	3071	3083	83.16	16595099	19935723	II	CM021145.1
10697578	10698747	10537047	10535886	1170	1162	79.21	16595099	19935723	II	CM021145.1
10708770	10710001	10528699	10527489	1232	1211	81.84	16595099	19935723	II	CM021145.1
10744578	10745876	10499038	10497734	1299	1305	80.60	16595099	19935723	II	CM021145.1
10791247	10792373	10466117	10465006	1127	1112	81.99	16595099	19935723	II	CM021145.1
10915555	10916726	10369153	10367983	1172	1171	79.10	16595099	19935723	II	CM021145.1
10942143	10944961	10327215	10324395	2819	2821	83.17	16595099	19935723	II	CM021145.1
10962458	10963652	10455697	10454500	1195	1198	84.93	16595099	19935723	II	CM021145.1
11055367	11056634	10196892	10198154	1268	1263	80.75	16595099	19935723	II	CM021145.1
11057239	11059674	10198808	10201305	2436	2498	79.53	16595099	19935723	II	CM021145.1
11085251	11086355	10216528	10217639	1105	1112	82.74	16595099	19935723	II	CM021145.1
11205823	11207347	10298461	10299985	1525	1525	80.56	16595099	19935723	II	CM021145.1
11209181	11210785	10300895	10302497	1605	1603	83.19	16595099	19935723	II	CM021145.1
11421984	11423703	13170467	13172185	1720	1719	79.53	16595099	19935723	II	CM021145.1
11447493	11449012	13173994	13172480	1520	1515	82.18	16595099	19935723	II	CM021145.1
11583617	11584766	13160004	13158874	1150	1131	82.77	16595099	19935723	II	CM021145.1
11583617	11584754	13300281	13301399	1138	1119	83.04	16595099	19935723	II	CM021145.1
11583617	11584767	8195998	8197126	1151	1129	84.43	16595099	17877849	II	CM021146.1
11592677	11594256	13302162	13303779	1580	1618	79.20	16595099	19935723	II	CM021145.1
11707662	11709381	13396675	13398400	1720	1726	82.07	16595099	19935723	II	CM021145.1
12118590	12119686	13769437	13770535	1097	1099	82.64	16595099	19935723	II	CM021145.1
13832828	13833982	15228448	15227293	1155	1156	84.62	16595099	19935723	II	CM021145.1
13836009	13837188	15226424	15225245	1180	1180	86.10	16595099	19935723	II	CM021145.1
14439927	14444242	234547	230232	4316	4316	83.48	16595099	391500	II	WUAV01000025.1
14448926	14450083	225927	224769	1158	1159	86.06	16595099	391500	II	WUAV01000025.1
14825	16288	17814262	17812800	1464	1463	81.32	14810976	17877849	III	CM021146.1
74197	75460	17460083	17461347	1264	1265	81.12	14810976	17877849	III	CM021146.1
78738	81713	17466064	17469045	2976	2982	83.65	14810976	17877849	III	CM021146.1
81966	82984	17469601	17470637	1019	1037	85.07	14810976	17877849	III	CM021146.1
3512699	3513833	11349495	11350679	1135	1185	80.12	14810976	17877849	III	CM021146.1
3826421	3827538	11128605	11129691	1118	1087	81.63	14810976	17877849	III	CM021146.1
3849762	3850783	11043355	11044354	1022	1000	80.58	14810976	17877849	III	CM021146.1
3865652	3867103	11059249	11060702	1452	1454	84.36	14810976	17877849	III	CM021146.1
4141536	4143130	10800299	10801905	1595	1607	80.83	14810976	17877849	III	CM021146.1
4143647	4144978	10802572	10803902	1332	1331	83.56	14810976	17877849	III	CM021146.1
4148884	4150770	10805957	10807832	1887	1876	82.92	14810976	17877849	III	CM021146.1
4169539	4171279	10823748	10825519	1741	1772	82.51	14810976	17877849	III	CM021146.1
4255577	4256745	10891981	10893143	1169	1163	84.48	14810976	17877849	III	CM021146.1
4331285	4333359	10968067	10970147	2075	2081	81.80	14810976	17877849	III	CM021146.1
4342049	4343799	10979148	10980865	1751	1718	79.09	14810976	17877849	III	CM021146.1
4446703	4447925	10614399	10613161	1223	1239	81.69	14810976	17877849	III	CM021146.1
4488237	4490238	10537001	10539006	2002	2006	83.72	14810976	17877849	III	CM021146.1
4651692	4653696	10471504	10469515	2005	1990	79.87	14810976	17877849	III	CM021146.1
4712801	4714298	10426159	10424664	1498	1496	80.53	14810976	17877849	III	CM021146.1
4802080	4803125	10372003	10370956	1046	1048	79.72	14810976	17877849	III	CM021146.1
5100879	5103073	10166811	10164618	2195	2194	79.77	14810976	17877849	III	CM021146.1
5330909	5333445	9988003	9985470	2537	2534	84.12	14810976	17877849	III	CM021146.1
5356359	5357871	9963523	9962016	1513	1508	82.23	14810976	17877849	III	CM021146.1
5356842	5357867	3617842	3616813	1026	1030	84.68	14810976	17877849	III	CM021146.1
5361950	5363337	9958669	9957290	1388	1380	82.15	14810976	17877849	III	CM021146.1
5364085	5365217	9956490	9955356	1133	1135	82.86	14810976	17877849	III	CM021146.1
5414155	5418363	9899162	9894988	4209	4175	84.51	14810976	17877849	III	CM021146.1
5452224	5453344	9868329	9867209	1121	1121	80.09	14810976	17877849	III	CM021146.1
5497769	5498825	9777556	9778666	1057	1111	81.22	14810976	17877849	III	CM021146.1
5545823	5547009	9758625	9757385	1187	1241	82.11	14810976	17877849	III	CM021146.1
5605844	5606864	9746655	9745635	1021	1021	84.39	14810976	17877849	III	CM021146.1
5623695	5625214	9733004	9731459	1520	1546	87.96	14810976	17877849	III	CM021146.1
5627045	5628331	9730425	9729149	1287	1277	88.95	14810976	17877849	III	CM021146.1
5627290	5628331	9728033	9726993	1042	1041	91.28	14810976	17877849	III	CM021146.1
5643271	5644297	9715874	9714844	1027	1031	91.38	14810976	17877849	III	CM021146.1
5706937	5708192	9375284	9376535	1256	1252	87.94	14810976	17877849	III	CM021146.1
5706937	5708188	9377998	9376751	1252	1248	87.90	14810976	17877849	III	CM021146.1
5706937	5708188	9655979	9657226	1252	1248	88.14	14810976	17877849	III	CM021146.1
5706937	5708192	9658692	9657440	1256	1253	87.95	14810976	17877849	III	CM021146.1
5708402	5709658	9376536	9375284	1257	1253	87.87	14810976	17877849	III	CM021146.1
5708402	5709658	9657439	9658692	1257	1254	87.88	14810976	17877849	III	CM021146.1
5708404	5709658	9376748	9377998	1255	1251	87.85	14810976	17877849	III	CM021146.1
5708404	5709658	9657229	9655979	1255	1251	88.09	14810976	17877849	III	CM021146.1
5899801	5900816	9514954	9513939	1016	1016	83.22	14810976	17877849	III	CM021146.1
6050550	6051773	9366571	9365351	1224	1221	83.60	14810976	17877849	III	CM021146.1
6050735	6051782	9360855	9361898	1048	1044	85.48	14810976	17877849	III	CM021146.1
6155740	6156832	9275349	9274260	1093	1090	81.07	14810976	17877849	III	CM021146.1
6274840	6276189	9183636	9182287	1350	1350	78.99	14810976	17877849	III	CM021146.1
6554961	6556931	8979462	8977496	1971	1967	80.25	14810976	17877849	III	CM021146.1
6588715	6590789	8949545	8947441	2075	2105	78.48	14810976	17877849	III	CM021146.1
6627438	6629258	8914533	8912643	1821	1891	81.89	14810976	17877849	III	CM021146.1
6716898	6717961	10269695	10270753	1064	1059	79.18	14810976	22502457	III	CM021148.1
6737434	6738805	8834837	8833479	1372	1359	80.76	14810976	17877849	III	CM021146.1
6854381	6855422	8724986	8723941	1042	1046	87.74	14810976	17877849	III	CM021146.1
6897162	6898230	8687028	8685960	1069	1069	81.44	14810976	17877849	III	CM021146.1
7091463	7092686	8525903	8524668	1224	1236	77.23	14810976	17877849	III	CM021146.1
7097800	7100568	8512026	8509243	2769	2784	80.63	14810976	17877849	III	CM021146.1
7123003	7124032	8494795	8493772	1030	1024	87.40	14810976	17877849	III	CM021146.1
7193124	7194847	8436204	8434466	1724	1739	84.89	14810976	17877849	III	CM021146.1
7359441	7360737	8296363	8295057	1297	1307	80.48	14810976	17877849	III	CM021146.1
7426606	7428250	8243992	8242342	1645	1651	81.27	14810976	17877849	III	CM021146.1
7476516	7478171	8208254	8206595	1656	1660	91.22	14810976	17877849	III	CM021146.1
7476592	7477725	14363551	14362416	1134	1136	91.68	14810976	21501900	III	CM021149.1
7500901	7502122	8167987	8169210	1222	1224	81.59	14810976	17877849	III	CM021146.1
7600971	7602424	8089963	8088538	1454	1426	78.53	14810976	17877849	III	CM021146.1
7674670	7675807	8047599	8046450	1138	1150	81.40	14810976	17877849	III	CM021146.1
7676756	7677784	8045820	8044793	1029	1028	77.91	14810976	17877849	III	CM021146.1
7690377	7691683	8032698	8031400	1307	1299	78.64	14810976	17877849	III	CM021146.1
7715387	7716462	8007610	8006531	1076	1080	81.06	14810976	17877849	III	CM021146.1
7736875	7740852	7989232	7985247	3978	3986	80.87	14810976	17877849	III	CM021146.1
7778419	7780384	7950513	7948557	1966	1957	84.44	14810976	17877849	III	CM021146.1
7781108	7784939	7947673	7943844	3832	3830	83.26	14810976	17877849	III	CM021146.1
7967005	7968491	7803676	7802191	1487	1486	82.34	14810976	17877849	III	CM021146.1
7985600	7987395	7785358	7783563	1796	1796	81.59	14810976	17877849	III	CM021146.1
8002814	8004112	7768455	7767173	1299	1283	78.34	14810976	17877849	III	CM021146.1
8048944	8049989	7730966	7729925	1046	1042	82.97	14810976	17877849	III	CM021146.1
8054611	8056015	7728379	7726958	1405	1422	84.62	14810976	17877849	III	CM021146.1
8104467	8105494	7684015	7682980	1028	1036	81.36	14810976	17877849	III	CM021146.1
8146844	8148115	7651867	7650582	1272	1286	81.10	14810976	17877849	III	CM021146.1
8215264	8216498	7614069	7612790	1235	1280	80.42	14810976	17877849	III	CM021146.1
8258115	8261549	7579535	7576086	3435	3450	84.72	14810976	17877849	III	CM021146.1
8261582	8265362	7575954	7572172	3781	3783	84.25	14810976	17877849	III	CM021146.1
8262484	8265362	7531203	7528330	2879	2874	83.38	14810976	17877849	III	CM021146.1
8262484	8265362	27567	24690	2879	2878	83.39	14810976	27567	III	WUAV01000044.1
8286651	8288949	7507696	7505390	2299	2307	80.64	14810976	17877849	III	CM021146.1
8286651	8288949	7551503	7549197	2299	2307	80.64	14810976	17877849	III	CM021146.1
8286651	8288949	4027	1713	2299	2315	80.13	14810976	27567	III	WUAV01000044.1
8305952	8307670	7502761	7501047	1719	1715	85.63	14810976	17877849	III	CM021146.1
8305952	8307670	7546568	7544854	1719	1715	85.63	14810976	17877849	III	CM021146.1
8388290	8389318	7444854	7443825	1029	1030	81.12	14810976	17877849	III	CM021146.1
8389772	8391262	7443584	7442094	1491	1491	82.36	14810976	17877849	III	CM021146.1
8626096	8627111	7250661	7249640	1016	1022	81.51	14810976	17877849	III	CM021146.1
8714869	8718291	6957133	6960567	3423	3435	82.51	14810976	17877849	III	CM021146.1
8720966	8726302	6962400	6967749	5337	5350	85.09	14810976	17877849	III	CM021146.1
8743412	8745408	6982864	6984869	1997	2006	81.06	14810976	17877849	III	CM021146.1
8746125	8749990	6985248	6989130	3866	3883	83.04	14810976	17877849	III	CM021146.1
8751661	8753161	6990792	6992313	1501	1522	78.76	14810976	17877849	III	CM021146.1
8753275	8755091	6992424	6994233	1817	1810	84.65	14810976	17877849	III	CM021146.1
8759655	8760807	6997631	6998787	1153	1157	80.17	14810976	17877849	III	CM021146.1
8783318	8784673	7019398	7020759	1356	1362	79.22	14810976	17877849	III	CM021146.1
8816526	8825663	7049477	7058702	9138	9226	87.97	14810976	17877849	III	CM021146.1
8826011	8827586	7059067	7060644	1576	1578	83.31	14810976	17877849	III	CM021146.1
8827693	8829369	7060820	7062503	1677	1684	86.86	14810976	17877849	III	CM021146.1
8855668	8857308	7083818	7085451	1641	1634	81.76	14810976	17877849	III	CM021146.1
8859174	8860870	7087255	7088943	1697	1689	82.15	14810976	17877849	III	CM021146.1
8905633	8907067	7127761	7129189	1435	1429	78.42	14810976	17877849	III	CM021146.1
8933584	8935623	7151163	7153204	2040	2042	81.06	14810976	17877849	III	CM021146.1
8937753	8939004	7155043	7156334	1252	1292	82.49	14810976	17877849	III	CM021146.1
9152183	9153190	6825191	6824196	1008	996	78.29	14810976	17877849	III	CM021146.1
9259992	9263387	6737458	6733970	3396	3489	82.37	14810976	17877849	III	CM021146.1
9389303	9391774	6620144	6617670	2472	2475	81.17	14810976	17877849	III	CM021146.1
9389303	9391774	6628559	6626085	2472	2475	81.17	14810976	17877849	III	CM021146.1
9392283	9393496	6617140	6615926	1214	1215	79.89	14810976	17877849	III	CM021146.1
9392283	9393496	6625555	6624341	1214	1215	79.89	14810976	17877849	III	CM021146.1
9417779	9418868	6588691	6587572	1090	1120	79.50	14810976	17877849	III	CM021146.1
9454007	9455009	6554824	6553819	1003	1006	78.40	14810976	17877849	III	CM021146.1
9537719	9538974	6498230	6496979	1256	1252	82.22	14810976	17877849	III	CM021146.1
9580540	9582444	6455454	6453540	1905	1915	81.64	14810976	17877849	III	CM021146.1
9584012	9585423	6451977	6450572	1412	1406	80.72	14810976	17877849	III	CM021146.1
9674001	9675445	6375223	6373761	1445	1463	82.43	14810976	17877849	III	CM021146.1
9714454	9716069	6337638	6336008	1616	1631	80.08	14810976	17877849	III	CM021146.1
9759426	9760593	6305469	6304289	1168	1181	85.69	14810976	17877849	III	CM021146.1
9807761	9809112	6251816	6253216	1352	1401	86.10	14810976	17877849	III	CM021146.1
9811015	9812314	6255137	6256426	1300	1290	82.70	14810976	17877849	III	CM021146.1
9846899	9848242	6232378	6231036	1344	1343	87.45	14810976	17877849	III	CM021146.1
9848285	9851644	6230788	6227454	3360	3335	85.20	14810976	17877849	III	CM021146.1
9914370	9915586	6188209	6187002	1217	1208	80.23	14810976	17877849	III	CM021146.1
9984661	9986119	6120068	6121589	1459	1522	80.59	14810976	17877849	III	CM021146.1
10007662	10010311	6116174	6113507	2650	2668	83.35	14810976	17877849	III	CM021146.1
10070559	10072327	6011148	6012906	1769	1759	81.27	14810976	17877849	III	CM021146.1
10076458	10077820	6016414	6017798	1363	1385	83.68	14810976	17877849	III	CM021146.1
10101691	10102715	6036996	6038021	1025	1026	86.98	14810976	17877849	III	CM021146.1
10103017	10104479	6038645	6040108	1463	1464	84.26	14810976	17877849	III	CM021146.1
10136362	10139313	6063486	6066456	2952	2971	80.86	14810976	17877849	III	CM021146.1
10139833	10141300	6066722	6068193	1468	1472	80.71	14810976	17877849	III	CM021146.1
10146073	10148281	6070175	6072366	2209	2192	83.62	14810976	17877849	III	CM021146.1
10198517	10200836	5952295	5954609	2320	2315	82.92	14810976	17877849	III	CM021146.1
10316810	10317933	5850740	5851863	1124	1124	84.94	14810976	17877849	III	CM021146.1
10319160	10320400	5852227	5853461	1241	1235	83.92	14810976	17877849	III	CM021146.1
10365558	10366691	5894189	5895301	1134	1113	80.44	14810976	17877849	III	CM021146.1
10400234	10401755	5788885	5787362	1522	1524	83.01	14810976	17877849	III	CM021146.1
10505457	10506709	5733516	5734750	1253	1235	82.13	14810976	17877849	III	CM021146.1
10542816	10544686	5763761	5765632	1871	1872	83.43	14810976	17877849	III	CM021146.1
10684400	10686078	5580458	5578692	1679	1767	78.50	14810976	17877849	III	CM021146.1
11439282	11440325	3299399	3298356	1044	1044	82.70	14810976	17877849	III	CM021146.1
11441512	11443172	3297307	3295648	1661	1660	91.04	14810976	17877849	III	CM021146.1
11444457	11445880	3292675	3291241	1424	1435	82.52	14810976	17877849	III	CM021146.1
11752090	11753605	3618350	3616801	1516	1550	88.22	14810976	17877849	III	CM021146.1
11945373	11946463	3898166	3899256	1091	1091	84.81	14810976	17877849	III	CM021146.1
12153148	12154857	4108791	4110538	1710	1748	83.09	14810976	17877849	III	CM021146.1
12269927	12272888	4229696	4232729	2962	3034	81.36	14810976	17877849	III	CM021146.1
12283237	12284359	4243652	4244751	1123	1100	82.92	14810976	17877849	III	CM021146.1
12297688	12298718	4266968	4267998	1031	1031	88.86	14810976	17877849	III	CM021146.1
12317938	12318980	4322059	4323101	1043	1043	84.11	14810976	17877849	III	CM021146.1
12505842	12507945	4882863	4884976	2104	2114	82.74	14810976	17877849	III	CM021146.1
13302450	13303693	1440667	1441887	1244	1221	91.12	14810976	17877849	III	CM021146.1
13306556	13307703	1443537	1444684	1148	1148	87.37	14810976	17877849	III	CM021146.1
13458777	13460802	1620677	1618655	2026	2023	89.86	14810976	17877849	III	CM021146.1
14277229	14278667	240654	242093	1439	1440	88.36	14810976	17877849	III	CM021146.1
14439684	14440779	3003048	3001950	1096	1099	84.39	14810976	17877849	III	CM021146.1
46835	49181	385503	383101	2347	2403	85.94	17080301	25790997	IV	CM021147.1
113737	114886	90770	89618	1150	1153	83.33	17080301	25790997	IV	CM021147.1
973790	974915	6241241	6242372	1126	1132	81.63	17080301	25790997	IV	CM021147.1
1571496	1572724	7881318	7882546	1229	1229	81.72	17080301	25790997	IV	CM021147.1
1759505	1761138	8131310	8132864	1634	1555	87.21	17080301	25790997	IV	CM021147.1
2345065	2346292	9124883	9126090	1228	1208	81.87	17080301	25790997	IV	CM021147.1
2595468	2596523	9822469	9823527	1056	1059	89.80	17080301	25790997	IV	CM021147.1
4214388	4216016	17846782	17845154	1629	1629	85.53	17080301	21501900	IV	CM021149.1
4713431	4714929	11856852	11858337	1499	1486	82.19	17080301	25790997	IV	CM021147.1
4749815	4750929	11892872	11893986	1115	1115	84.81	17080301	25790997	IV	CM021147.1
4940585	4941821	11979921	11981214	1237	1294	80.75	17080301	25790997	IV	CM021147.1
5169376	5170534	12088247	12089353	1159	1107	85.69	17080301	25790997	IV	CM021147.1
5290865	5292568	12172235	12173942	1704	1708	86.19	17080301	25790997	IV	CM021147.1
5292934	5294685	12174173	12175957	1752	1785	82.71	17080301	25790997	IV	CM021147.1
5485999	5487667	12296271	12297937	1669	1667	86.01	17080301	25790997	IV	CM021147.1
5488180	5489750	12298107	12299701	1571	1595	85.78	17080301	25790997	IV	CM021147.1
6344018	6345332	12831203	12832525	1315	1323	78.02	17080301	25790997	IV	CM021147.1
6351891	6353061	12839262	12840449	1171	1188	83.96	17080301	25790997	IV	CM021147.1
6380559	6381588	12863135	12864184	1030	1050	85.93	17080301	25790997	IV	CM021147.1
6385015	6387945	12867112	12870065	2931	2954	83.64	17080301	25790997	IV	CM021147.1
6391115	6392180	12873247	12874303	1066	1057	83.85	17080301	25790997	IV	CM021147.1
6403558	6406602	12887622	12890665	3045	3044	84.43	17080301	25790997	IV	CM021147.1
6421691	6422913	12907366	12908549	1223	1184	82.83	17080301	25790997	IV	CM021147.1
6459410	6460802	12934872	12936281	1393	1410	83.17	17080301	25790997	IV	CM021147.1
6553946	6555105	13000813	13002002	1160	1190	80.21	17080301	25790997	IV	CM021147.1
6695940	6698142	13094539	13096751	2203	2213	81.76	17080301	25790997	IV	CM021147.1
6715117	6716125	13111044	13112059	1009	1016	89.01	17080301	25790997	IV	CM021147.1
6730409	6731571	13126220	13127368	1163	1149	86.86	17080301	25790997	IV	CM021147.1
6911044	6912198	13271061	13272261	1155	1201	80.33	17080301	25790997	IV	CM021147.1
6928013	6929478	13282697	13284163	1466	1467	79.54	17080301	25790997	IV	CM021147.1
6956483	6957809	13306373	13307705	1327	1333	78.16	17080301	25790997	IV	CM021147.1
7137612	7138646	13447519	13448550	1035	1032	82.01	17080301	25790997	IV	CM021147.1
7301186	7303474	13582104	13584393	2289	2290	76.64	17080301	25790997	IV	CM021147.1
7358370	7359421	13712222	13713275	1052	1054	91.62	17080301	25790997	IV	CM021147.1
7365384	7368026	13717506	13720255	2643	2750	81.17	17080301	25790997	IV	CM021147.1
7434899	7436149	13774299	13775553	1251	1255	82.66	17080301	25790997	IV	CM021147.1
7502307	7504195	13842504	13844420	1889	1917	82.64	17080301	25790997	IV	CM021147.1
7517636	7519140	13856692	13858203	1505	1512	79.99	17080301	25790997	IV	CM021147.1
7524899	7526218	13863565	13864882	1320	1318	77.93	17080301	25790997	IV	CM021147.1
7529293	7530344	13867229	13868295	1052	1067	85.50	17080301	25790997	IV	CM021147.1
7588514	7589867	13914490	13915912	1354	1423	77.86	17080301	25790997	IV	CM021147.1
7592576	7593652	13918739	13919815	1077	1077	82.64	17080301	25790997	IV	CM021147.1
7640615	7641874	14032208	14030967	1260	1242	80.30	17080301	25790997	IV	CM021147.1
7675806	7679521	14000136	13996355	3716	3782	86.38	17080301	25790997	IV	CM021147.1
7700495	7702097	13975802	13974191	1603	1612	82.91	17080301	25790997	IV	CM021147.1
7706761	7707934	13969412	13968253	1174	1160	78.80	17080301	25790997	IV	CM021147.1
7714790	7716101	13959616	13958290	1312	1327	82.12	17080301	25790997	IV	CM021147.1
7760962	7762039	14075952	14077016	1078	1065	80.09	17080301	25790997	IV	CM021147.1
7763961	7764982	14078458	14079474	1022	1017	84.89	17080301	25790997	IV	CM021147.1
7765137	7766598	14079629	14081087	1462	1459	82.26	17080301	25790997	IV	CM021147.1
7774435	7775890	14088127	14089585	1456	1459	80.46	17080301	25790997	IV	CM021147.1
7811691	7813015	14137873	14139249	1325	1377	78.37	17080301	25790997	IV	CM021147.1
7818617	7820109	14143325	14144869	1493	1545	78.91	17080301	25790997	IV	CM021147.1
7881090	7883905	14210726	14213576	2816	2851	83.46	17080301	25790997	IV	CM021147.1
7886857	7887885	14216177	14217226	1029	1050	78.15	17080301	25790997	IV	CM021147.1
7927748	7929581	14251762	14253597	1834	1836	81.35	17080301	25790997	IV	CM021147.1
7943213	7946341	14268386	14271483	3129	3098	81.29	17080301	25790997	IV	CM021147.1
7948675	7950404	14273864	14275539	1730	1676	81.30	17080301	25790997	IV	CM021147.1
7966053	7967276	14290843	14292038	1224	1196	77.51	17080301	25790997	IV	CM021147.1
8072477	8074104	14383366	14384993	1628	1628	78.40	17080301	25790997	IV	CM021147.1
8081877	8084421	14392473	14395042	2545	2570	82.75	17080301	25790997	IV	CM021147.1
8106238	8107284	14413339	14414388	1047	1050	83.56	17080301	25790997	IV	CM021147.1
8129302	8130487	14433388	14434575	1186	1188	84.43	17080301	25790997	IV	CM021147.1
8131942	8133039	14436125	14437225	1098	1101	78.26	17080301	25790997	IV	CM021147.1
8162943	8165479	14466511	14469053	2537	2543	84.53	17080301	25790997	IV	CM021147.1
8168537	8170818	18195649	18193361	2282	2289	77.32	17080301	25790997	IV	CM021147.1
8180427	8181973	14485211	14486768	1547	1558	83.07	17080301	25790997	IV	CM021147.1
8221812	8223125	14549403	14548074	1314	1330	90.49	17080301	25790997	IV	CM021147.1
8253833	8255311	14522933	14521468	1479	1466	81.84	17080301	25790997	IV	CM021147.1
8259927	8261046	14517946	14516861	1120	1086	77.33	17080301	25790997	IV	CM021147.1
8271843	8272942	14560804	14559697	1100	1108	85.77	17080301	25790997	IV	CM021147.1
8271843	8273015	14561507	14562678	1173	1172	84.89	17080301	25790997	IV	CM021147.1
8281690	8283984	14571205	14573522	2295	2318	79.47	17080301	25790997	IV	CM021147.1
8291471	8294297	14580273	14583208	2827	2936	80.38	17080301	25790997	IV	CM021147.1
8348405	8349453	14629554	14630601	1049	1048	81.97	17080301	25790997	IV	CM021147.1
8397611	8398735	14673476	14674618	1125	1143	79.04	17080301	25790997	IV	CM021147.1
8462779	8464140	14704798	14706144	1362	1347	82.81	17080301	25790997	IV	CM021147.1
8478686	8479709	14720573	14721644	1024	1072	77.81	17080301	25790997	IV	CM021147.1
8626021	8627268	14849552	14850803	1248	1252	80.64	17080301	25790997	IV	CM021147.1
8688860	8689899	14902079	14903120	1040	1042	80.47	17080301	25790997	IV	CM021147.1
8740343	8741541	14943428	14944619	1199	1192	79.40	17080301	25790997	IV	CM021147.1
8742330	8743369	14945314	14946350	1040	1037	84.23	17080301	25790997	IV	CM021147.1
8753390	8754524	14954885	14956043	1135	1159	80.22	17080301	25790997	IV	CM021147.1
8812168	8813495	15008047	15009373	1328	1327	79.60	17080301	25790997	IV	CM021147.1
8828324	8829357	15021363	15022387	1034	1025	84.07	17080301	25790997	IV	CM021147.1
8829524	8830579	15022421	15023470	1056	1050	80.00	17080301	25790997	IV	CM021147.1
8840413	8841868	15032512	15033967	1456	1456	88.17	17080301	25790997	IV	CM021147.1
8846772	8848178	15038487	15039888	1407	1402	81.13	17080301	25790997	IV	CM021147.1
8858401	8877179	15045920	15064806	18779	18887	86.85	17080301	25790997	IV	CM021147.1
8919721	8922160	15102754	15105243	2440	2490	81.37	17080301	25790997	IV	CM021147.1
8929697	8932373	15112800	15115492	2677	2693	80.96	17080301	25790997	IV	CM021147.1
8978874	8980000	15176192	15177308	1127	1117	86.17	17080301	25790997	IV	CM021147.1
9040398	9041719	15236788	15238107	1322	1320	81.57	17080301	25790997	IV	CM021147.1
9063224	9065284	15249979	15252062	2061	2084	78.75	17080301	25790997	IV	CM021147.1
9067751	9071220	15252335	15255886	3470	3552	80.93	17080301	25790997	IV	CM021147.1
9075632	9076928	15259124	15260438	1297	1315	81.35	17080301	25790997	IV	CM021147.1
9158882	9160118	15329760	15331019	1237	1260	82.33	17080301	25790997	IV	CM021147.1
9173967	9175098	15340326	15341456	1132	1131	81.21	17080301	25790997	IV	CM021147.1
9179393	9180686	15344945	15346236	1294	1292	81.50	17080301	25790997	IV	CM021147.1
9254773	9256370	15400990	15402574	1598	1585	84.18	17080301	25790997	IV	CM021147.1
9319855	9320905	15469957	15471048	1051	1092	81.04	17080301	25790997	IV	CM021147.1
9357790	9359099	15505751	15507059	1310	1309	82.53	17080301	25790997	IV	CM021147.1
9397287	9401273	15542376	15546403	3987	4028	83.26	17080301	25790997	IV	CM021147.1
9443183	9444478	15581550	15582841	1296	1292	84.43	17080301	25790997	IV	CM021147.1
9454996	9456129	15591428	15592580	1134	1153	78.71	17080301	25790997	IV	CM021147.1
9471738	9473612	15608056	15609916	1875	1861	83.77	17080301	25790997	IV	CM021147.1
9487606	9488611	15622084	15623091	1006	1008	80.18	17080301	25790997	IV	CM021147.1
9495933	9497036	15629751	15630848	1104	1098	90.58	17080301	25790997	IV	CM021147.1
9530219	9531466	15661619	15662909	1248	1291	83.54	17080301	25790997	IV	CM021147.1
9535425	9536644	15666095	15667303	1220	1209	88.30	17080301	25790997	IV	CM021147.1
9552025	9553423	15678004	15679404	1399	1401	82.51	17080301	25790997	IV	CM021147.1
9561683	9563767	15685472	15687565	2085	2094	81.06	17080301	25790997	IV	CM021147.1
9575819	9577579	15703485	15705260	1761	1776	81.86	17080301	25790997	IV	CM021147.1
9580792	9581860	15708710	15709793	1069	1084	80.98	17080301	25790997	IV	CM021147.1
9591688	9592853	15718067	15719235	1166	1169	91.51	17080301	25790997	IV	CM021147.1
9593161	9594760	15719438	15721051	1600	1614	78.88	17080301	25790997	IV	CM021147.1
9609137	9610259	15731558	15732680	1123	1123	80.34	17080301	25790997	IV	CM021147.1
9637720	9639322	15754906	15756503	1603	1598	82.87	17080301	25790997	IV	CM021147.1
9646695	9648047	15762368	15763734	1353	1367	82.87	17080301	25790997	IV	CM021147.1
9673794	9675295	15786290	15787789	1502	1500	82.04	17080301	25790997	IV	CM021147.1
9701961	9703680	15810383	15812097	1720	1715	79.51	17080301	25790997	IV	CM021147.1
9703968	9705335	15812449	15813843	1368	1395	82.39	17080301	25790997	IV	CM021147.1
9705521	9709337	15814078	15817863	3817	3786	83.21	17080301	25790997	IV	CM021147.1
9710723	9711965	15819181	15820435	1243	1255	82.99	17080301	25790997	IV	CM021147.1
9726761	9727825	15826814	15827927	1065	1114	85.32	17080301	25790997	IV	CM021147.1
9765698	9766740	15860428	15861444	1043	1017	77.72	17080301	25790997	IV	CM021147.1
9801339	9802841	15892498	15894006	1503	1509	80.85	17080301	25790997	IV	CM021147.1
9808994	9810185	15899356	15900544	1192	1189	80.10	17080301	25790997	IV	CM021147.1
9853973	9856438	15937677	15940246	2466	2570	79.81	17080301	25790997	IV	CM021147.1
9948352	9949439	16003957	16005028	1088	1072	81.51	17080301	25790997	IV	CM021147.1
10009035	10010552	16050929	16052445	1518	1517	82.23	17080301	25790997	IV	CM021147.1
10091689	10093322	16108058	16109693	1634	1636	82.30	17080301	25790997	IV	CM021147.1
10138015	10139026	16154101	16155118	1012	1018	77.63	17080301	25790997	IV	CM021147.1
10146587	10148019	16160285	16161723	1433	1439	79.95	17080301	25790997	IV	CM021147.1
10150602	10152074	16163983	16165468	1473	1486	82.94	17080301	25790997	IV	CM021147.1
10204886	10205986	16206494	16207524	1101	1031	79.39	17080301	25790997	IV	CM021147.1
10208713	10209774	16209161	16210232	1062	1072	83.66	17080301	25790997	IV	CM021147.1
10221399	10222445	16218933	16219988	1047	1056	85.63	17080301	25790997	IV	CM021147.1
10223203	10224381	16220025	16221142	1179	1118	80.49	17080301	25790997	IV	CM021147.1
10230434	10231470	11931686	11930673	1037	1014	80.91	17080301	25790997	IV	CM021147.1
10235311	10236320	16226704	16227710	1010	1007	83.18	17080301	25790997	IV	CM021147.1
10255520	10258161	16242920	16245504	2642	2585	79.73	17080301	25790997	IV	CM021147.1
10278756	10280143	16266861	16268241	1388	1381	83.05	17080301	25790997	IV	CM021147.1
10284395	10286079	16272266	16273925	1685	1660	89.54	17080301	25790997	IV	CM021147.1
10400852	10403216	16361393	16363763	2365	2371	79.88	17080301	25790997	IV	CM021147.1
10441926	10443467	16399801	16401394	1542	1594	78.59	17080301	25790997	IV	CM021147.1
10445817	10448741	16403792	16406692	2925	2901	83.35	17080301	25790997	IV	CM021147.1
10483055	10484310	16430720	16431951	1256	1232	81.82	17080301	25790997	IV	CM021147.1
10527668	10529823	16468151	16470305	2156	2155	82.29	17080301	25790997	IV	CM021147.1
10577202	10578226	16506824	16507871	1025	1048	81.13	17080301	25790997	IV	CM021147.1
10583573	10586081	16512054	16514531	2509	2478	85.07	17080301	25790997	IV	CM021147.1
10633509	10635113	16561057	16562652	1605	1596	80.79	17080301	25790997	IV	CM021147.1
10675947	10677267	16594087	16595406	1321	1320	85.89	17080301	25790997	IV	CM021147.1
10690592	10692041	16607316	16608759	1450	1444	80.77	17080301	25790997	IV	CM021147.1
10745307	10746373	16656902	16657969	1067	1068	86.54	17080301	25790997	IV	CM021147.1
10746695	10748685	16658332	16660314	1991	1983	83.16	17080301	25790997	IV	CM021147.1
10829392	10830470	16723050	16724183	1079	1134	79.56	17080301	25790997	IV	CM021147.1
10831412	10832459	16725122	16726171	1048	1050	80.28	17080301	25790997	IV	CM021147.1
10852652	10853778	16741494	16742630	1127	1137	77.06	17080301	25790997	IV	CM021147.1
10862923	10864697	16750692	16752464	1775	1773	83.65	17080301	25790997	IV	CM021147.1
10868441	10869510	16757227	16756153	1070	1075	80.54	17080301	25790997	IV	CM021147.1
10874197	10875423	16758032	16759142	1227	1111	75.38	17080301	25790997	IV	CM021147.1
10888741	10889749	16785682	16786694	1009	1013	78.08	17080301	25790997	IV	CM021147.1
11005822	11010154	16900262	16904595	4333	4334	85.05	17080301	25790997	IV	CM021147.1
11010822	11014152	16904955	16908278	3331	3324	82.77	17080301	25790997	IV	CM021147.1
11051069	11056595	16943986	16949558	5527	5573	88.45	17080301	25790997	IV	CM021147.1
11104796	11106342	16996764	16998346	1547	1583	80.60	17080301	25790997	IV	CM021147.1
11114726	11115737	17005920	17006913	1012	994	84.02	17080301	25790997	IV	CM021147.1
11119286	11120508	17022927	17024139	1223	1213	80.58	17080301	25790997	IV	CM021147.1
11156928	11158106	17058047	17059207	1179	1161	81.08	17080301	25790997	IV	CM021147.1
11161384	11162749	17065831	17067189	1366	1359	83.07	17080301	25790997	IV	CM021147.1
11163085	11164789	17067558	17069264	1705	1707	79.32	17080301	25790997	IV	CM021147.1
11261287	11262507	17157763	17158992	1221	1230	82.85	17080301	25790997	IV	CM021147.1
11310647	11311827	17217315	17216149	1181	1167	80.18	17080301	25790997	IV	CM021147.1
11372920	11373984	17273389	17274452	1065	1064	89.49	17080301	25790997	IV	CM021147.1
11547018	11548533	17412720	17414238	1516	1519	86.14	17080301	25790997	IV	CM021147.1
11552528	11554595	17415410	17417517	2068	2108	80.50	17080301	25790997	IV	CM021147.1
11656389	11657418	17546069	17547115	1030	1047	82.53	17080301	25790997	IV	CM021147.1
11731677	11732785	17466497	17465379	1109	1119	84.21	17080301	25790997	IV	CM021147.1
11764766	11765857	17433658	17432567	1092	1092	83.30	17080301	25790997	IV	CM021147.1
11766202	11767340	17432001	17430883	1139	1119	79.76	17080301	25790997	IV	CM021147.1
11803209	11804698	17655268	17653745	1490	1524	80.89	17080301	25790997	IV	CM021147.1
11805174	11807241	17653256	17651187	2068	2070	85.20	17080301	25790997	IV	CM021147.1
11903894	11904896	17808439	17807439	1003	1001	82.72	17080301	25790997	IV	CM021147.1
11906720	11908354	17805678	17804051	1635	1628	79.23	17080301	25790997	IV	CM021147.1
11908579	11911342	17803832	17801068	2764	2765	85.85	17080301	25790997	IV	CM021147.1
11912340	11916168	17800068	17796218	3829	3851	84.81	17080301	25790997	IV	CM021147.1
11970481	11972647	17749361	17747212	2167	2150	81.42	17080301	25790997	IV	CM021147.1
12009673	12011296	17813666	17815215	1624	1550	79.22	17080301	25790997	IV	CM021147.1
12107765	12110178	17851547	17854011	2414	2465	83.68	17080301	25790997	IV	CM021147.1
12253073	12254165	18013483	18012389	1093	1095	83.84	17080301	25790997	IV	CM021147.1
12313879	12314988	18029525	18030623	1110	1099	86.73	17080301	25790997	IV	CM021147.1
12505367	12507884	18195633	18193190	2518	2444	83.47	17080301	25790997	IV	CM021147.1
12505370	12507884	19701603	19699163	2515	2441	81.74	17080301	21501900	IV	CM021149.1
12661202	12662353	18340228	18339071	1152	1158	83.10	17080301	25790997	IV	CM021147.1
12747901	12749155	18416020	18414737	1255	1284	82.71	17080301	25790997	IV	CM021147.1
12948316	12949741	18536046	18537452	1426	1407	85.99	17080301	25790997	IV	CM021147.1
12958560	12959607	18541597	18542690	1048	1094	79.84	17080301	25790997	IV	CM021147.1
13004738	13005837	18562702	18563789	1100	1088	80.57	17080301	25790997	IV	CM021147.1
14796170	14797768	22789163	22790761	1599	1599	84.76	17080301	25790997	IV	CM021147.1
16159920	16161342	25700626	25702055	1423	1430	84.43	17080301	25790997	IV	CM021147.1
16678430	16679536	25449009	25450115	1107	1107	84.46	17080301	25790997	IV	CM021147.1
16818777	16819847	25648790	25649868	1071	1079	87.87	17080301	25790997	IV	CM021147.1
17064836	17066736	24700907	24698998	1901	1910	83.91	17080301	25790997	IV	CM021147.1
17064836	17066074	25214286	25213065	1239	1222	82.23	17080301	25790997	IV	CM021147.1
1	1797	2657	4440	1797	1784	87.28	14590	13978	MtDNA	CM021150.1
2015	9255	4442	11676	7241	7235	89.61	14590	13978	MtDNA	CM021150.1
9580	11683	11678	13749	2104	2072	86.84	14590	13978	MtDNA	CM021150.1
11942	14590	1	2656	2649	2656	90.04	14590	13978	MtDNA	CM021150.1
138291	141022	9814857	9817587	2732	2731	78.87	19933398	22502457	V	CM021148.1
167649	168656	9846764	9847774	1008	1011	82.96	19933398	22502457	V	CM021148.1
208167	209413	9894827	9896075	1247	1249	79.55	19933398	22502457	V	CM021148.1
217532	218565	9904025	9905065	1034	1041	81.07	19933398	22502457	V	CM021148.1
228778	231843	9913881	9917008	3066	3128	78.83	19933398	22502457	V	CM021148.1
336579	337614	10013841	10014923	1036	1083	79.06	19933398	22502457	V	CM021148.1
498113	499896	10168479	10170263	1784	1785	82.29	19933398	22502457	V	CM021148.1
556633	558121	10212228	10213727	1489	1500	85.81	19933398	22502457	V	CM021148.1
583411	584813	10234809	10236198	1403	1390	89.70	19933398	22502457	V	CM021148.1
615885	617774	10259599	10261494	1890	1896	84.35	19933398	22502457	V	CM021148.1
663867	666749	10296626	10299557	2883	2932	87.81	19933398	22502457	V	CM021148.1
667051	669949	10300013	10302920	2899	2908	84.44	19933398	22502457	V	CM021148.1
797622	799034	10385879	10387300	1413	1422	79.05	19933398	22502457	V	CM021148.1
822860	823988	10409308	10410427	1129	1120	79.77	19933398	22502457	V	CM021148.1
1142304	1143313	10634683	10633674	1010	1010	83.68	19933398	22502457	V	CM021148.1
1209833	1210948	12814426	12815553	1116	1128	88.71	19933398	22502457	V	CM021148.1
1226171	1227201	10686549	10687574	1031	1026	84.64	19933398	22502457	V	CM021148.1
1234684	1235845	10694348	10695502	1162	1155	83.43	19933398	22502457	V	CM021148.1
1297374	1298389	12700720	12701739	1016	1020	86.43	19933398	22502457	V	CM021148.1
1297374	1298389	12866596	12865582	1016	1015	86.75	19933398	22502457	V	CM021148.1
1329331	1330400	10758548	10759630	1070	1083	81.27	19933398	22502457	V	CM021148.1
1380999	1382051	10813362	10814403	1053	1042	79.91	19933398	22502457	V	CM021148.1
1563733	1565024	10978068	10976769	1292	1300	81.77	19933398	22502457	V	CM021148.1
1668308	1669481	11028068	11026891	1174	1178	82.47	19933398	22502457	V	CM021148.1
1731830	1732857	12701751	12700720	1028	1032	86.20	19933398	22502457	V	CM021148.1
1731830	1732857	12865570	12866596	1028	1027	86.52	19933398	22502457	V	CM021148.1
1796448	1800078	4367998	4371630	3631	3633	85.40	19933398	19935723	V	CM021145.1
1796448	1797854	22428145	22426737	1407	1409	85.06	19933398	25790997	V	CM021147.1
1796448	1798354	6608738	6606830	1907	1909	85.20	19933398	21501900	V	CM021149.1
1840407	1841452	12284055	12285100	1046	1046	83.37	19933398	22502457	V	CM021148.1
2012779	2013861	12423545	12422467	1083	1079	79.67	19933398	22502457	V	CM021148.1
2014345	2017071	12421995	12419309	2727	2687	84.58	19933398	22502457	V	CM021148.1
2296595	2299021	12567387	12569814	2427	2428	85.34	19933398	22502457	V	CM021148.1
2299190	2300710	12570012	12571544	1521	1533	85.24	19933398	22502457	V	CM021148.1
2649959	2651368	12841787	12843190	1410	1404	83.72	19933398	22502457	V	CM021148.1
2649959	2651760	12857049	12858844	1802	1796	82.94	19933398	22502457	V	CM021148.1
4043316	4045740	229875	232302	2425	2428	83.91	19933398	391500	V	WUAV01000025.1
4596687	4597867	14541178	14539992	1181	1187	86.03	19933398	22502457	V	CM021148.1
4856672	4857865	14406898	14408098	1194	1201	78.26	19933398	22502457	V	CM021148.1
6247888	6255750	12103456	12111390	7863	7935	85.58	19933398	22502457	V	CM021148.1
6259845	6261618	12114691	12116516	1774	1826	82.32	19933398	22502457	V	CM021148.1
6332660	6335254	13013821	13016419	2595	2599	86.11	19933398	22502457	V	CM021148.1
6782155	6783651	11774661	11773172	1497	1490	80.92	19933398	22502457	V	CM021148.1
7126138	7127560	11203978	11205438	1423	1461	81.36	19933398	22502457	V	CM021148.1
7319433	7321071	11435708	11434066	1639	1643	79.78	19933398	22502457	V	CM021148.1
7360660	7361829	11397606	11396425	1170	1182	83.08	19933398	22502457	V	CM021148.1
7705271	7706655	9631411	9630067	1385	1345	80.27	19933398	22502457	V	CM021148.1
7855859	7858410	9506606	9504055	2552	2552	82.14	19933398	22502457	V	CM021148.1
7859999	7861125	9502440	9501221	1127	1220	80.67	19933398	22502457	V	CM021148.1
7965995	7968124	9428221	9426067	2130	2155	86.22	19933398	22502457	V	CM021148.1
7989000	7990395	9426305	9427744	1396	1440	85.61	19933398	22502457	V	CM021148.1
7989555	7990727	9407002	9408173	1173	1172	83.94	19933398	22502457	V	CM021148.1
7992674	7994276	9405770	9404162	1603	1609	84.35	19933398	22502457	V	CM021148.1
7992674	7993963	9414194	9415486	1290	1293	86.80	19933398	22502457	V	CM021148.1
8113775	8114867	9291489	9290389	1093	1101	80.98	19933398	22502457	V	CM021148.1
8230538	8231668	9213032	9211910	1131	1123	81.75	19933398	22502457	V	CM021148.1
8326354	8327443	9125257	9124167	1090	1091	81.26	19933398	22502457	V	CM021148.1
8371561	8373011	9090931	9089471	1451	1461	78.07	19933398	22502457	V	CM021148.1
8616621	8617918	8905576	8904298	1298	1279	85.03	19933398	22502457	V	CM021148.1
8619530	8620915	8902047	8900654	1386	1394	80.67	19933398	22502457	V	CM021148.1
8630126	8631302	8892589	8891378	1177	1212	78.40	19933398	22502457	V	CM021148.1
8658619	8659684	8859031	8857906	1066	1126	81.41	19933398	22502457	V	CM021148.1
8660019	8661543	8857785	8856235	1525	1551	81.19	19933398	22502457	V	CM021148.1
8687975	8689823	8829030	8827147	1849	1884	85.35	19933398	22502457	V	CM021148.1
8702349	8703359	8816853	8815807	1011	1047	78.22	19933398	22502457	V	CM021148.1
8707422	8708642	8812566	8811380	1221	1187	78.67	19933398	22502457	V	CM021148.1
8718835	8719881	8803808	8802770	1047	1039	80.67	19933398	22502457	V	CM021148.1
8776918	8778353	8751719	8750293	1436	1427	81.58	19933398	22502457	V	CM021148.1
8803589	8804831	8721234	8719992	1243	1243	82.67	19933398	22502457	V	CM021148.1
8806315	8807327	8718971	8717950	1013	1022	84.11	19933398	22502457	V	CM021148.1
8820646	8822043	8708325	8706916	1398	1410	88.37	19933398	22502457	V	CM021148.1
8867048	8870540	8666196	8662759	3493	3438	83.22	19933398	22502457	V	CM021148.1
8944447	8946747	8581437	8579144	2301	2294	79.31	19933398	22502457	V	CM021148.1
8953534	8959751	8574206	8567966	6218	6241	88.53	19933398	22502457	V	CM021148.1
8973409	8975401	8567710	8565688	1993	2023	80.44	19933398	22502457	V	CM021148.1
8997792	8999825	8546614	8544578	2034	2037	83.20	19933398	22502457	V	CM021148.1
9001611	9002899	8542535	8541268	1289	1268	85.63	19933398	22502457	V	CM021148.1
9020441	9022025	8525474	8523847	1585	1628	81.94	19933398	22502457	V	CM021148.1
9031878	9033005	8516314	8515194	1128	1121	87.28	19933398	22502457	V	CM021148.1
9046247	9047402	8497781	8496647	1156	1135	83.08	19933398	22502457	V	CM021148.1
9056055	9057143	8489392	8488306	1089	1087	81.11	19933398	22502457	V	CM021148.1
9065190	9066555	8481816	8480448	1366	1369	80.13	19933398	22502457	V	CM021148.1
9082224	9083303	8467072	8465985	1080	1088	82.57	19933398	22502457	V	CM021148.1
9116863	9118027	8439727	8438562	1165	1166	82.57	19933398	22502457	V	CM021148.1
9133814	9135129	8427540	8426212	1316	1329	80.18	19933398	22502457	V	CM021148.1
9140951	9142949	8420297	8418310	1999	1988	80.88	19933398	22502457	V	CM021148.1
9143567	9144663	8417662	8416570	1097	1093	81.63	19933398	22502457	V	CM021148.1
9178108	9179321	8361984	8360715	1214	1270	79.39	19933398	22502457	V	CM021148.1
9194644	9196053	8347445	8345986	1410	1460	84.12	19933398	22502457	V	CM021148.1
9198247	9199672	8344417	8342990	1426	1428	83.07	19933398	22502457	V	CM021148.1
9217598	9219825	8331023	8328785	2228	2239	81.74	19933398	22502457	V	CM021148.1
9220206	9221988	8328346	8326528	1783	1819	80.77	19933398	22502457	V	CM021148.1
9224935	9226027	8321723	8320634	1093	1090	87.80	19933398	22502457	V	CM021148.1
9238392	9239872	8309588	8308041	1481	1548	80.09	19933398	22502457	V	CM021148.1
9274601	9276461	8281680	8279818	1861	1863	80.07	19933398	22502457	V	CM021148.1
9290191	9294558	8267566	8263203	4368	4364	84.69	19933398	22502457	V	CM021148.1
9294660	9301895	8263053	8255814	7236	7240	84.23	19933398	22502457	V	CM021148.1
9355734	9356945	7965847	7967082	1212	1236	78.62	19933398	22502457	V	CM021148.1
9386064	9387108	7996876	7997886	1045	1011	83.77	19933398	22502457	V	CM021148.1
9390131	9391744	8000626	8002290	1614	1665	81.61	19933398	22502457	V	CM021148.1
9402634	9403728	8011567	8012661	1095	1095	83.85	19933398	22502457	V	CM021148.1
9440668	9441968	8043742	8045065	1301	1324	82.48	19933398	22502457	V	CM021148.1
9499490	9502394	8100529	8103456	2905	2928	80.77	19933398	22502457	V	CM021148.1
9506755	9508162	8108453	8109871	1408	1419	78.82	19933398	22502457	V	CM021148.1
9509547	9510571	8111069	8112090	1025	1022	83.54	19933398	22502457	V	CM021148.1
9557292	9559055	8154503	8156251	1764	1749	80.77	19933398	22502457	V	CM021148.1
9576004	9579913	8170092	8174133	3910	4042	81.75	19933398	22502457	V	CM021148.1
9591662	9593110	8182316	8183745	1449	1430	89.64	19933398	22502457	V	CM021148.1
9600071	9603265	8187982	8191173	3195	3192	82.06	19933398	22502457	V	CM021148.1
9623430	9624780	8208762	8210125	1351	1364	81.36	19933398	22502457	V	CM021148.1
9648972	9650713	8231476	8233243	1742	1768	83.54	19933398	22502457	V	CM021148.1
9797526	9798595	1894386	1895440	1070	1055	82.43	19933398	22502457	V	CM021148.1
9839166	9840173	1746035	1745032	1008	1004	80.72	19933398	22502457	V	CM021148.1
10153744	10155317	1125100	1126700	1574	1601	89.65	19933398	22502457	V	CM021148.1
10153999	10155317	4998172	4996851	1319	1322	87.90	19933398	21501900	V	CM021149.1
10154005	10155317	1136791	1135477	1313	1315	90.70	19933398	22502457	V	CM021148.1
10154005	10155318	1145182	1143877	1314	1306	87.12	19933398	22502457	V	CM021148.1
10154006	10155317	1102587	1103894	1312	1308	86.86	19933398	22502457	V	CM021148.1
10154009	10155054	11886550	11885494	1046	1057	89.61	19933398	21501900	V	CM021149.1
10159053	10160481	1130856	1132286	1429	1431	88.45	19933398	22502457	V	CM021148.1
10159191	10160481	1125386	1126681	1291	1296	89.57	19933398	22502457	V	CM021148.1
10159191	10160471	1136787	1135505	1281	1283	89.47	19933398	22502457	V	CM021148.1
10163955	10165269	1126701	1125382	1315	1320	91.05	19933398	22502457	V	CM021148.1
10163956	10165460	1103894	1102398	1505	1497	85.28	19933398	22502457	V	CM021148.1
10163956	10165332	1135477	1136854	1377	1378	90.42	19933398	22502457	V	CM021148.1
10163956	10165332	1143877	1145245	1377	1369	86.83	19933398	22502457	V	CM021148.1
10163956	10165332	4996851	4998234	1377	1384	87.46	19933398	21501900	V	CM021149.1
10163973	10165265	1132288	1130995	1293	1294	88.25	19933398	22502457	V	CM021148.1
10164219	10165265	11885494	11886550	1047	1057	89.73	19933398	21501900	V	CM021149.1
10257128	10259032	885411	887276	1905	1866	84.67	19933398	22502457	V	CM021148.1
10651010	10652776	323722	321960	1767	1763	81.88	19933398	22502457	V	CM021148.1
10727052	10728842	96230	97921	1791	1692	79.79	19933398	22502457	V	CM021148.1
10857156	10859519	74935	72531	2364	2405	82.91	19933398	22502457	V	CM021148.1
10883500	10884651	5771437	5772583	1152	1147	81.93	19933398	22502457	V	CM021148.1
10883500	10884651	20045	21192	1152	1148	82.01	19933398	21551	V	WUAV01000160.1
10911469	10912704	5823872	5825094	1236	1223	81.59	19933398	22502457	V	CM021148.1
10947531	10948536	5874567	5875564	1006	998	81.86	19933398	22502457	V	CM021148.1
11018680	11020730	5987228	5989216	2051	1989	80.98	19933398	22502457	V	CM021148.1
11023363	11024779	5993388	5994796	1417	1409	79.26	19933398	22502457	V	CM021148.1
11091986	11093302	6067339	6068661	1317	1323	81.79	19933398	22502457	V	CM021148.1
11121795	11122891	6097564	6098670	1097	1107	84.28	19933398	22502457	V	CM021148.1
11131260	11132302	6108958	6109973	1043	1016	80.58	19933398	22502457	V	CM021148.1
11140941	11144115	6119913	6123104	3175	3192	79.54	19933398	22502457	V	CM021148.1
11144205	11145522	6123298	6124642	1318	1345	81.97	19933398	22502457	V	CM021148.1
11162506	11163714	6144370	6145571	1209	1202	81.12	19933398	22502457	V	CM021148.1
11230705	11231821	6229841	6230896	1117	1056	76.27	19933398	22502457	V	CM021148.1
11240286	11241900	6239420	6241028	1615	1609	81.94	19933398	22502457	V	CM021148.1
11249453	11250532	6247297	6248374	1080	1078	82.84	19933398	22502457	V	CM021148.1
11253968	11255145	6251952	6253112	1178	1161	81.86	19933398	22502457	V	CM021148.1
11294181	11295299	6308791	6309909	1119	1119	82.43	19933398	22502457	V	CM021148.1
11312707	11314089	6326557	6327939	1383	1383	81.11	19933398	22502457	V	CM021148.1
11314198	11315732	6328057	6329590	1535	1534	83.63	19933398	22502457	V	CM021148.1
11317069	11320358	6404551	6407864	3290	3314	87.50	19933398	22502457	V	CM021148.1
11329522	11330887	6415221	6416597	1366	1377	81.51	19933398	22502457	V	CM021148.1
11330924	11332507	6416758	6418355	1584	1598	79.58	19933398	22502457	V	CM021148.1
11360063	11361568	6446942	6448449	1506	1508	80.16	19933398	22502457	V	CM021148.1
11377173	11378421	6470058	6471321	1249	1264	90.92	19933398	22502457	V	CM021148.1
11377176	11378199	6472840	6473865	1024	1026	92.12	19933398	22502457	V	CM021148.1
11379491	11381184	6472530	6474241	1694	1712	86.18	19933398	22502457	V	CM021148.1
11379784	11380804	6470056	6471079	1021	1024	91.81	19933398	22502457	V	CM021148.1
11452211	11454083	6532555	6534432	1873	1878	82.18	19933398	22502457	V	CM021148.1
11507082	11508766	6594718	6596465	1685	1748	80.34	19933398	22502457	V	CM021148.1
11514383	11516153	6604650	6606436	1771	1787	81.12	19933398	22502457	V	CM021148.1
11545386	11547198	6632199	6634012	1813	1814	80.39	19933398	22502457	V	CM021148.1
11585656	11586794	6671314	6672450	1139	1137	78.13	19933398	22502457	V	CM021148.1
11608105	11609747	6689038	6690689	1643	1652	84.08	19933398	22502457	V	CM021148.1
11612152	11613603	6693150	6694598	1452	1449	81.71	19933398	22502457	V	CM021148.1
11685183	11686316	6789559	6790704	1134	1146	85.02	19933398	22502457	V	CM021148.1
11698785	11699925	6805229	6806359	1141	1131	81.04	19933398	22502457	V	CM021148.1
11722259	11724324	6826952	6829020	2066	2069	81.95	19933398	22502457	V	CM021148.1
11740346	11741471	6835524	6836639	1126	1116	85.47	19933398	22502457	V	CM021148.1
11769709	11771141	6862026	6863473	1433	1448	77.93	19933398	22502457	V	CM021148.1
11794737	11798813	6881981	6886060	4077	4080	81.75	19933398	22502457	V	CM021148.1
11802156	11803292	6899927	6901084	1137	1158	88.08	19933398	22502457	V	CM021148.1
11806878	11809151	6906095	6908372	2274	2278	84.01	19933398	22502457	V	CM021148.1
11846165	11847203	6943024	6944088	1039	1065	78.46	19933398	22502457	V	CM021148.1
11888595	11890943	6983633	6986023	2349	2391	81.25	19933398	22502457	V	CM021148.1
11919795	11921315	7012799	7014335	1521	1537	77.99	19933398	22502457	V	CM021148.1
11961606	11963276	7053233	7054929	1671	1697	80.52	19933398	22502457	V	CM021148.1
11999015	12000518	7091634	7093127	1504	1494	87.69	19933398	22502457	V	CM021148.1
12007173	12009066	7100378	7102269	1894	1892	79.91	19933398	22502457	V	CM021148.1
12011650	12020488	7106288	7115189	8839	8902	85.16	19933398	22502457	V	CM021148.1
12029799	12030905	7126687	7127781	1107	1095	79.46	19933398	22502457	V	CM021148.1
12031084	12032883	7127971	7129740	1800	1770	84.02	19933398	22502457	V	CM021148.1
12033952	12035216	7130918	7132182	1265	1265	82.02	19933398	22502457	V	CM021148.1
12035615	12038572	7132575	7135518	2958	2944	84.09	19933398	22502457	V	CM021148.1
12043336	12044408	7141297	7142376	1073	1080	83.62	19933398	22502457	V	CM021148.1
12051756	12053287	7149837	7151378	1532	1542	76.97	19933398	22502457	V	CM021148.1
12126640	12128015	7186676	7188054	1376	1379	81.74	19933398	22502457	V	CM021148.1
12131106	12132311	7191244	7192460	1206	1217	83.48	19933398	22502457	V	CM021148.1
12134433	12137015	7194718	7197321	2583	2604	84.71	19933398	22502457	V	CM021148.1
12141586	12143059	7201262	7202745	1474	1484	80.95	19933398	22502457	V	CM021148.1
12149538	12151185	7210214	7211871	1648	1658	81.99	19933398	22502457	V	CM021148.1
12159151	12161784	7221028	7223717	2634	2690	80.17	19933398	22502457	V	CM021148.1
12193504	12196613	7255242	7258358	3110	3117	82.31	19933398	22502457	V	CM021148.1
12208813	12210026	7269627	7270829	1214	1203	83.99	19933398	22502457	V	CM021148.1
12211505	12212509	7273435	7274437	1005	1003	77.55	19933398	22502457	V	CM021148.1
12244565	12246870	7301557	7303943	2306	2387	79.79	19933398	22502457	V	CM021148.1
12277105	12278436	7340108	7341445	1332	1338	82.27	19933398	22502457	V	CM021148.1
12278622	12280385	7341620	7343403	1764	1784	80.99	19933398	22502457	V	CM021148.1
12324721	12329535	7380281	7385092	4815	4812	85.06	19933398	22502457	V	CM021148.1
12353913	12355214	7408721	7410025	1302	1305	84.15	19933398	22502457	V	CM021148.1
12402770	12404199	7448057	7449491	1430	1435	81.75	19933398	22502457	V	CM021148.1
12415293	12416527	7460696	7461931	1235	1236	81.10	19933398	22502457	V	CM021148.1
12424244	12425432	7469309	7470503	1189	1195	79.37	19933398	22502457	V	CM021148.1
12439676	12441392	7483370	7485120	1717	1751	82.87	19933398	22502457	V	CM021148.1
12444032	12446133	7487854	7490004	2102	2151	81.38	19933398	22502457	V	CM021148.1
12457597	12458853	7500404	7501665	1257	1262	79.83	19933398	22502457	V	CM021148.1
12496212	12497582	7536763	7538133	1371	1371	87.46	19933398	22502457	V	CM021148.1
12581885	12583011	7611649	7612812	1127	1164	82.23	19933398	22502457	V	CM021148.1
12625111	12626844	7654119	7655840	1734	1722	81.73	19933398	22502457	V	CM021148.1
12632322	12633923	7660720	7662306	1602	1587	86.38	19933398	22502457	V	CM021148.1
12665770	12666840	7730376	7731455	1071	1080	84.93	19933398	22502457	V	CM021148.1
12666960	12668210	7731640	7732879	1251	1240	83.18	19933398	22502457	V	CM021148.1
12700755	12701860	7765308	7766376	1106	1069	81.54	19933398	22502457	V	CM021148.1
12712892	12721381	7774260	7782732	8490	8473	87.51	19933398	22502457	V	CM021148.1
12725909	12728589	7785860	7788513	2681	2654	80.48	19933398	22502457	V	CM021148.1
12730948	12734239	7790692	7793980	3292	3289	84.40	19933398	22502457	V	CM021148.1
12737085	12738693	7796881	7798527	1609	1647	80.52	19933398	22502457	V	CM021148.1
12739135	12744185	7799011	7804020	5051	5010	84.06	19933398	22502457	V	CM021148.1
12746110	12752482	7805710	7812056	6373	6347	82.92	19933398	22502457	V	CM021148.1
12775866	12777376	7834542	7836043	1511	1502	81.41	19933398	22502457	V	CM021148.1
12839351	12840525	7891341	7892523	1175	1183	80.12	19933398	22502457	V	CM021148.1
12853508	12855059	7905249	7906839	1552	1591	78.90	19933398	22502457	V	CM021148.1
12855503	12856673	7907318	7908476	1171	1159	82.78	19933398	22502457	V	CM021148.1
12860013	12861463	7911590	7913061	1451	1472	77.72	19933398	22502457	V	CM021148.1
12865122	12866259	7916196	7917357	1138	1162	76.88	19933398	22502457	V	CM021148.1
13311141	13312408	4171285	4170054	1268	1232	87.07	19933398	22502457	V	CM021148.1
13313793	13314908	4169073	4167950	1116	1124	88.77	19933398	22502457	V	CM021148.1
14146495	14147567	2337974	2339046	1073	1073	82.01	19933398	22502457	V	CM021148.1
14289309	14291087	4923482	4925261	1779	1780	82.69	19933398	22502457	V	CM021148.1
14325359	14326359	4979284	4980284	1001	1001	85.74	19933398	22502457	V	CM021148.1
14420140	14421416	5365661	5364378	1277	1284	80.39	19933398	22502457	V	CM021148.1
14540227	14542603	5436846	5434479	2377	2368	90.09	19933398	22502457	V	CM021148.1
14589205	14590764	5492301	5493862	1560	1562	79.52	19933398	22502457	V	CM021148.1
14630498	14632056	5538010	5539610	1559	1601	81.85	19933398	22502457	V	CM021148.1
14652217	14653426	5554991	5556195	1210	1205	80.99	19933398	22502457	V	CM021148.1
14675997	14677010	5575801	5576797	1014	997	80.12	19933398	22502457	V	CM021148.1
14759897	14761572	5652056	5653732	1676	1677	80.44	19933398	22502457	V	CM021148.1
14763818	14765692	5666720	5668609	1875	1890	80.76	19933398	22502457	V	CM021148.1
14785801	14786833	5682978	5684009	1033	1032	82.92	19933398	22502457	V	CM021148.1
14859365	14860527	5736078	5737208	1163	1131	88.83	19933398	22502457	V	CM021148.1
15776693	15778834	16234222	16236403	2142	2182	77.88	19933398	22502457	V	CM021148.1
17369400	17370508	17843293	17842187	1109	1107	78.62	19933398	21501900	V	CM021149.1
17372674	17373782	17842187	17843293	1109	1107	78.62	19933398	21501900	V	CM021149.1
17374270	17378583	230232	234549	4314	4318	83.23	19933398	391500	V	WUAV01000025.1
19025454	19026653	22284865	22283676	1200	1190	80.13	19933398	22502457	V	CM021148.1
19359615	19360646	22061994	22063091	1032	1098	79.05	19933398	22502457	V	CM021148.1
19474857	19476185	21659542	21658203	1329	1340	85.39	19933398	22502457	V	CM021148.1
19651108	19652910	21934831	21936647	1803	1817	83.43	19933398	22502457	V	CM021148.1
19655014	19656082	21938757	21939778	1069	1022	78.32	19933398	22502457	V	CM021148.1
19656618	19658443	21940269	21942103	1826	1835	82.01	19933398	22502457	V	CM021148.1
19658617	19659904	21942254	21943571	1288	1318	83.43	19933398	22502457	V	CM021148.1
97675	98676	464401	465416	1002	1016	83.76	22220885	21501900	X	CM021149.1
131464	132620	496910	498078	1157	1169	81.01	22220885	21501900	X	CM021149.1
243175	244393	642839	644066	1219	1228	78.59	22220885	21501900	X	CM021149.1
993673	998656	6162077	6167125	4984	5049	85.46	22220885	21501900	X	CM021149.1
1009475	1010819	6176892	6178214	1345	1323	75.91	22220885	21501900	X	CM021149.1
1158440	1160019	6317314	6318904	1580	1591	81.95	22220885	21501900	X	CM021149.1
1488868	1491481	6488744	6486134	2614	2611	82.74	22220885	21501900	X	CM021149.1
1548190	1549369	6440904	6439746	1180	1159	76.97	22220885	21501900	X	CM021149.1
1582097	1583464	6409002	6407630	1368	1373	81.56	22220885	21501900	X	CM021149.1
1725374	1726519	6524591	6525720	1146	1130	87.01	22220885	21501900	X	CM021149.1
1861174	1862184	6643437	6644456	1011	1020	85.13	22220885	21501900	X	CM021149.1
1865216	1866646	6646965	6648383	1431	1419	79.82	22220885	21501900	X	CM021149.1
1938609	1939936	6691036	6692373	1328	1338	79.93	22220885	21501900	X	CM021149.1
2046382	2048243	6771696	6773563	1862	1868	81.58	22220885	21501900	X	CM021149.1
2052803	2055283	6778698	6781185	2481	2488	82.11	22220885	21501900	X	CM021149.1
2939893	2940959	7351364	7352429	1067	1066	85.98	22220885	21501900	X	CM021149.1
3135103	3136274	7466725	7467868	1172	1144	83.24	22220885	21501900	X	CM021149.1
3138835	3139939	7469633	7470703	1105	1071	83.95	22220885	21501900	X	CM021149.1
3705751	3706882	7900580	7901710	1132	1131	88.21	22220885	21501900	X	CM021149.1
3736223	3737504	7922445	7923726	1282	1282	84.18	22220885	21501900	X	CM021149.1
3738605	3740117	7924797	7926283	1513	1487	86.80	22220885	21501900	X	CM021149.1
3923224	3925179	9445327	9447266	1956	1940	82.73	22220885	21501900	X	CM021149.1
3946087	3951212	9462980	9468157	5126	5178	82.24	22220885	21501900	X	CM021149.1
3989147	3990321	9494903	9496079	1175	1177	79.57	22220885	21501900	X	CM021149.1
4137371	4138523	9617826	9618972	1153	1147	82.16	22220885	21501900	X	CM021149.1
4139493	4140974	9619770	9621224	1482	1455	81.12	22220885	21501900	X	CM021149.1
4142395	4143891	9621718	9623220	1497	1503	85.71	22220885	21501900	X	CM021149.1
4740978	4742281	9407254	9405948	1304	1307	81.05	22220885	21501900	X	CM021149.1
4941971	4943492	9288984	9287474	1522	1511	82.81	22220885	21501900	X	CM021149.1
5000036	5001129	9252783	9251671	1094	1113	79.06	22220885	21501900	X	CM021149.1
5081347	5082852	9203755	9202252	1506	1504	81.19	22220885	21501900	X	CM021149.1
5292620	5294170	9076250	9074719	1551	1532	79.63	22220885	21501900	X	CM021149.1
5302744	5303912	9067583	9066367	1169	1217	77.64	22220885	21501900	X	CM021149.1
5318497	5320856	9057652	9055303	2360	2350	84.18	22220885	21501900	X	CM021149.1
5327544	5329019	9050362	9048884	1476	1479	77.58	22220885	21501900	X	CM021149.1
5413567	5414883	8988281	8986969	1317	1313	87.12	22220885	21501900	X	CM021149.1
5506082	5507267	8922389	8921213	1186	1177	87.03	22220885	21501900	X	CM021149.1
5763816	5766104	8773398	8771112	2289	2287	84.11	22220885	21501900	X	CM021149.1
5948223	5949773	8684736	8683191	1551	1546	85.12	22220885	21501900	X	CM021149.1
6551907	6553017	8379939	8378826	1111	1114	80.77	22220885	21501900	X	CM021149.1
6638974	6639977	8318711	8317702	1004	1010	77.33	22220885	21501900	X	CM021149.1
6960449	6961656	8187459	8186247	1208	1213	82.20	22220885	21501900	X	CM021149.1
7040781	7041933	8137571	8136384	1153	1188	78.89	22220885	21501900	X	CM021149.1
7182303	7183581	8042954	8041705	1279	1250	79.29	22220885	21501900	X	CM021149.1
7183756	7184857	8041475	8040374	1102	1102	84.90	22220885	21501900	X	CM021149.1
8170897	8171994	10087803	10088905	1098	1103	78.44	22220885	21501900	X	CM021149.1
8191069	8192283	10104492	10105623	1215	1132	79.00	22220885	21501900	X	CM021149.1
8418391	8419410	10271664	10272677	1020	1014	81.62	22220885	21501900	X	CM021149.1
8460221	8461576	10299451	10300799	1356	1349	77.64	22220885	21501900	X	CM021149.1
8480779	8482876	10314473	10316532	2098	2060	84.51	22220885	21501900	X	CM021149.1
8504057	8505205	10333413	10334561	1149	1149	88.29	22220885	21501900	X	CM021149.1
8504087	8505204	10334823	10335937	1118	1115	88.12	22220885	21501900	X	CM021149.1
8505474	8506596	10333437	10334558	1123	1122	87.15	22220885	21501900	X	CM021149.1
8505476	8506746	10334821	10336072	1271	1252	86.11	22220885	21501900	X	CM021149.1
8510182	8514494	10339238	10343605	4313	4368	87.69	22220885	21501900	X	CM021149.1
8514702	8517955	10343796	10347041	3254	3246	87.09	22220885	21501900	X	CM021149.1
8576359	8578654	10393870	10396129	2296	2260	81.21	22220885	21501900	X	CM021149.1
8653168	8654457	10458850	10460131	1290	1282	81.07	22220885	21501900	X	CM021149.1
8802921	8804339	10572848	10574271	1419	1424	84.74	22220885	21501900	X	CM021149.1
8807130	8811948	10576680	10581494	4819	4815	82.94	22220885	21501900	X	CM021149.1
8807226	8808369	10712709	10711572	1144	1138	81.17	22220885	21501900	X	CM021149.1
8807292	8808369	9994296	9993225	1078	1072	79.83	22220885	21501900	X	CM021149.1
8808517	8812302	10747134	10743365	3786	3770	83.46	22220885	21501900	X	CM021149.1
8808543	8810152	9999082	9997473	1610	1610	82.71	22220885	21501900	X	CM021149.1
8808543	8812302	10711405	10707667	3760	3739	82.21	22220885	21501900	X	CM021149.1
8810242	8811404	10025959	10024795	1163	1165	81.54	22220885	21501900	X	CM021149.1
8810280	8811428	9991352	9990204	1149	1149	81.25	22220885	21501900	X	CM021149.1
8810280	8811428	9997351	9996203	1149	1149	81.42	22220885	21501900	X	CM021149.1
8911587	8913548	10619838	10621793	1962	1956	83.71	22220885	21501900	X	CM021149.1
9010177	9013946	10581848	10578084	3770	3765	82.78	22220885	21501900	X	CM021149.1
9010543	9013946	10743703	10747112	3404	3410	83.75	22220885	21501900	X	CM021149.1
9010936	9013946	10708399	10711409	3011	3011	82.64	22220885	21501900	X	CM021149.1
9011063	9012254	9990204	9991395	1192	1192	80.60	22220885	21501900	X	CM021149.1
9011063	9013946	9996203	9999086	2884	2884	81.11	22220885	21501900	X	CM021149.1
9011087	9012211	10024795	10025919	1125	1125	81.49	22220885	21501900	X	CM021149.1
9014051	9015252	10577980	10576776	1202	1205	82.85	22220885	21501900	X	CM021149.1
9014051	9015401	10747216	10748568	1351	1353	80.66	22220885	21501900	X	CM021149.1
9083313	9084523	10798007	10799240	1211	1234	80.78	22220885	21501900	X	CM021149.1
9432237	9433317	11032400	11033476	1081	1077	77.15	22220885	21501900	X	CM021149.1
9432237	9433317	11045769	11046845	1081	1077	77.15	22220885	21501900	X	CM021149.1
9553543	9554860	11127315	11128601	1318	1287	79.29	22220885	21501900	X	CM021149.1
9634177	9635825	11193138	11194859	1649	1722	85.46	22220885	21501900	X	CM021149.1
10011049	10012496	11509652	11511060	1448	1409	89.45	22220885	21501900	X	CM021149.1
10205742	10206908	11669466	11670623	1167	1158	78.08	22220885	21501900	X	CM021149.1
10240608	10241687	11697449	11698497	1080	1049	80.68	22220885	21501900	X	CM021149.1
10455807	10456930	11856205	11857320	1124	1116	79.90	22220885	21501900	X	CM021149.1
10489898	10491783	11885355	11887201	1886	1847	89.58	22220885	21501900	X	CM021149.1
10490037	10491072	1103629	1102601	1036	1029	87.75	22220885	22502457	X	CM021148.1
10490037	10491083	1126435	1125386	1047	1050	91.11	22220885	22502457	X	CM021148.1
10490037	10491083	1135741	1136787	1047	1047	90.81	22220885	22502457	X	CM021148.1
10490037	10491083	1144141	1145178	1047	1038	87.48	22220885	22502457	X	CM021148.1
10490037	10491083	4997115	4998161	1047	1047	88.52	22220885	21501900	X	CM021149.1
10496999	10498430	11890555	11892008	1432	1454	83.73	22220885	21501900	X	CM021149.1
10512257	10517586	11904705	11910082	5330	5378	84.04	22220885	21501900	X	CM021149.1
10517842	10519613	11910338	11912077	1772	1740	85.35	22220885	21501900	X	CM021149.1
10611123	10612285	11988415	11989583	1163	1169	82.08	22220885	21501900	X	CM021149.1
10617691	10623176	11993597	11999053	5486	5457	86.76	22220885	21501900	X	CM021149.1
10618035	10619251	14245280	14246489	1217	1210	83.31	22220885	21501900	X	CM021149.1
10619410	10622697	14246647	14249925	3288	3279	85.79	22220885	21501900	X	CM021149.1
10629648	10630818	12004366	12005544	1171	1179	77.54	22220885	21501900	X	CM021149.1
10671255	10672426	12034936	12036108	1172	1173	84.93	22220885	21501900	X	CM021149.1
10978271	10980319	12284756	12286825	2049	2070	82.04	22220885	21501900	X	CM021149.1
10987744	10989321	12293710	12295275	1578	1566	78.81	22220885	21501900	X	CM021149.1
11022387	11024642	12333559	12335853	2256	2295	79.44	22220885	21501900	X	CM021149.1
11084008	11085356	12383751	12385123	1349	1373	81.50	22220885	21501900	X	CM021149.1
11209693	11210847	12465482	12466610	1155	1129	80.85	22220885	21501900	X	CM021149.1
11311515	11312840	12547858	12549171	1326	1314	79.94	22220885	21501900	X	CM021149.1
11416725	11418384	12630192	12631878	1660	1687	76.11	22220885	21501900	X	CM021149.1
11418774	11420030	12632292	12633603	1257	1312	80.89	22220885	21501900	X	CM021149.1
11457939	11459418	12659295	12660751	1480	1457	82.39	22220885	21501900	X	CM021149.1
11462185	11463723	12662944	12664531	1539	1588	81.61	22220885	21501900	X	CM021149.1
11527649	11528850	12712353	12713550	1202	1198	85.93	22220885	21501900	X	CM021149.1
11583754	11584977	12757005	12758242	1224	1238	81.43	22220885	21501900	X	CM021149.1
11614337	11616948	12776305	12778954	2612	2650	86.54	22220885	21501900	X	CM021149.1
11630910	11632078	12792247	12793412	1169	1166	78.92	22220885	21501900	X	CM021149.1
11822780	11823785	12893925	12894920	1006	996	82.29	22220885	21501900	X	CM021149.1
11860836	11861980	12907079	12908164	1145	1086	75.06	22220885	21501900	X	CM021149.1
11899733	11900764	12929274	12930311	1032	1038	93.06	22220885	21501900	X	CM021149.1
11906498	11907591	12936041	12937101	1094	1061	76.16	22220885	21501900	X	CM021149.1
11927477	11928647	12954218	12955362	1171	1145	81.69	22220885	21501900	X	CM021149.1
11929324	11930558	12955802	12957026	1235	1225	75.53	22220885	21501900	X	CM021149.1
11938230	11939428	12963805	12965017	1199	1213	91.52	22220885	21501900	X	CM021149.1
11942843	11944205	12968453	12969809	1363	1357	88.53	22220885	21501900	X	CM021149.1
12013509	12014846	13031791	13033140	1338	1350	79.05	22220885	21501900	X	CM021149.1
12016798	12018949	13034947	13037074	2152	2128	79.77	22220885	21501900	X	CM021149.1
12040200	12041763	13048580	13050160	1564	1581	80.75	22220885	21501900	X	CM021149.1
12043029	12044860	13051421	13053247	1832	1827	81.65	22220885	21501900	X	CM021149.1
12096409	12097468	13097853	13098942	1060	1090	79.10	22220885	21501900	X	CM021149.1
12131930	12133454	13128467	13130047	1525	1581	78.51	22220885	21501900	X	CM021149.1
12344427	12345506	13309949	13311010	1080	1062	81.60	22220885	21501900	X	CM021149.1
12400875	12402121	13346131	13347400	1247	1270	77.85	22220885	21501900	X	CM021149.1
12402896	12404497	13348138	13349741	1602	1604	86.14	22220885	21501900	X	CM021149.1
12444502	12445629	13398429	13399540	1128	1112	79.86	22220885	21501900	X	CM021149.1
12489872	12491096	13433397	13434645	1225	1249	78.15	22220885	21501900	X	CM021149.1
12505468	12506797	13453002	13454348	1330	1347	81.21	22220885	21501900	X	CM021149.1
12510301	12511370	13457749	13458818	1070	1070	76.78	22220885	21501900	X	CM021149.1
12562952	12565245	13503905	13506156	2294	2252	82.52	22220885	21501900	X	CM021149.1
12672796	12673907	13611597	13612712	1112	1116	85.57	22220885	21501900	X	CM021149.1
12756283	12758882	13664221	13666828	2600	2608	82.59	22220885	21501900	X	CM021149.1
12837665	12838897	13801823	13803054	1233	1232	88.55	22220885	21501900	X	CM021149.1
12894586	12895680	13843268	13844344	1095	1077	81.98	22220885	21501900	X	CM021149.1
13236699	13238239	14018317	14019853	1541	1537	82.58	22220885	21501900	X	CM021149.1
13288208	13289312	14064851	14065969	1105	1119	78.57	22220885	21501900	X	CM021149.1
13310318	13311590	14082552	14083760	1273	1209	82.50	22220885	21501900	X	CM021149.1
13337909	13338992	14102909	14103957	1084	1049	78.88	22220885	21501900	X	CM021149.1
13363108	13364913	14125266	14127270	1806	2005	77.55	22220885	21501900	X	CM021149.1
13457284	13458412	14186942	14188075	1129	1134	81.72	22220885	21501900	X	CM021149.1
13458770	13459782	14188118	14189133	1013	1016	89.48	22220885	21501900	X	CM021149.1
13489588	13491305	14210750	14212438	1718	1689	83.62	22220885	21501900	X	CM021149.1
13522815	13523894	14234628	14235618	1080	991	77.63	22220885	21501900	X	CM021149.1
13535644	13540049	14245515	14249922	4406	4408	81.79	22220885	21501900	X	CM021149.1
13536760	13537815	11995297	11996355	1056	1059	82.63	22220885	21501900	X	CM021149.1
13537971	13540127	11996511	11998661	2157	2151	84.88	22220885	21501900	X	CM021149.1
13645504	13647053	14301678	14303204	1550	1527	84.22	22220885	21501900	X	CM021149.1
13767148	13768287	8207038	8208175	1140	1138	93.70	22220885	17877849	X	CM021146.1
13767148	13768387	14362413	14363634	1240	1222	92.36	22220885	21501900	X	CM021149.1
13870114	13872928	14454961	14457750	2815	2790	84.16	22220885	21501900	X	CM021149.1
14042995	14044322	14574844	14576172	1328	1329	82.34	22220885	21501900	X	CM021149.1
14073642	14075419	14596870	14598671	1778	1802	82.26	22220885	21501900	X	CM021149.1
14420544	14422412	14867867	14869752	1869	1886	82.63	22220885	21501900	X	CM021149.1
14447076	14451101	14890824	14894873	4026	4050	80.89	22220885	21501900	X	CM021149.1
14453765	14457632	14897106	14901032	3868	3927	82.62	22220885	21501900	X	CM021149.1
14479352	14480500	14910578	14911730	1149	1153	80.93	22220885	21501900	X	CM021149.1
14696540	14702532	15088594	15094572	5993	5979	89.74	22220885	21501900	X	CM021149.1
14699890	14700915	1246869	1247888	1026	1020	84.66	22220885	17247545	X	CM021144.1
14699902	14700909	7581014	7582071	1008	1058	83.52	22220885	17247545	X	CM021144.1
14957064	14959128	15326576	15328645	2065	2070	82.83	22220885	21501900	X	CM021149.1
15036096	15037892	15386244	15388041	1797	1798	79.07	22220885	21501900	X	CM021149.1
16148614	16149667	16121383	16122430	1054	1048	81.32	22220885	21501900	X	CM021149.1
16185275	16186712	16149558	16151000	1438	1443	83.85	22220885	21501900	X	CM021149.1
16350032	16351519	16251753	16253251	1488	1499	85.35	22220885	21501900	X	CM021149.1
16931386	16932785	16450057	16451479	1400	1423	83.33	22220885	21501900	X	CM021149.1
17108781	17109873	16648826	16649921	1093	1096	83.02	22220885	21501900	X	CM021149.1
17127630	17128797	16661259	16662437	1168	1179	79.20	22220885	21501900	X	CM021149.1
17509017	17510297	16926308	16927610	1281	1303	82.41	22220885	21501900	X	CM021149.1
18089674	18090740	17286919	17287971	1067	1053	75.49	22220885	21501900	X	CM021149.1
18228084	18229476	17373076	17374449	1393	1374	84.03	22220885	21501900	X	CM021149.1
18252921	18254363	17392757	17394178	1443	1422	77.31	22220885	21501900	X	CM021149.1
18288792	18290073	17419696	17420937	1282	1242	79.39	22220885	21501900	X	CM021149.1
18365696	18366741	17474141	17475189	1046	1049	82.91	22220885	21501900	X	CM021149.1
18368362	18369464	17476850	17477948	1103	1099	78.18	22220885	21501900	X	CM021149.1
18369646	18371328	17478130	17479815	1683	1686	83.97	22220885	21501900	X	CM021149.1
18467824	18468982	17570695	17571847	1159	1153	76.76	22220885	21501900	X	CM021149.1
18467824	18468982	17579319	17580471	1159	1153	76.76	22220885	21501900	X	CM021149.1
18467824	18468982	17587942	17589094	1159	1153	76.76	22220885	21501900	X	CM021149.1
18643040	18645032	17907615	17905609	1993	2007	80.11	22220885	21501900	X	CM021149.1
18646065	18647234	17904082	17902909	1170	1174	81.01	22220885	21501900	X	CM021149.1
18739810	18740904	17775930	17774853	1095	1078	75.73	22220885	21501900	X	CM021149.1
18756867	18758435	17760641	17759102	1569	1540	84.96	22220885	21501900	X	CM021149.1
18763021	18764769	17755388	17753608	1749	1781	80.81	22220885	21501900	X	CM021149.1
18779349	18780370	17742233	17741183	1022	1051	80.83	22220885	21501900	X	CM021149.1
18819600	18820999	17711254	17709832	1400	1423	79.76	22220885	21501900	X	CM021149.1
18825114	18826854	17705740	17704048	1741	1693	82.80	22220885	21501900	X	CM021149.1
18955117	18956481	17994540	17995905	1365	1366	85.55	22220885	21501900	X	CM021149.1
19169037	19170096	18170824	18171912	1060	1089	80.51	22220885	21501900	X	CM021149.1
19611239	19612411	18365160	18366294	1173	1135	80.81	22220885	21501900	X	CM021149.1
19613752	19614930	18367840	18369010	1179	1171	83.21	22220885	21501900	X	CM021149.1
19666615	19667796	18425002	18426196	1182	1195	85.06	22220885	21501900	X	CM021149.1
19666618	19667675	18495884	18494817	1058	1068	84.68	22220885	21501900	X	CM021149.1
19702866	19703981	18450427	18451523	1116	1097	87.43	22220885	21501900	X	CM021149.1
19764838	19766005	18494815	18495990	1168	1176	84.01	22220885	21501900	X	CM021149.1
19764843	19765903	18426061	18425004	1061	1058	84.06	22220885	21501900	X	CM021149.1
19900026	19901085	18566863	18567926	1060	1064	82.65	22220885	21501900	X	CM021149.1
20235565	20238264	18817086	18819803	2700	2718	83.11	22220885	21501900	X	CM021149.1
20350660	20351728	18930250	18931321	1069	1072	82.44	22220885	21501900	X	CM021149.1
22030738	22033182	17846771	17844318	2445	2454	82.09	22220885	21501900	X	CM021149.1
